ISO-10303-21;
HEADER;
FILE_DESCRIPTION(('ViewDefinition [CoordinationView_V2.0]','RevitIdentifiers [ContentGUID: 1d69969a-a986-4172-84f3-8edf2c8d5c96, VersionGUID: d787b518-919b-4b50-8c6a-331bb84665ee, NumberOfSaves: 1]'),'2;1');
FILE_NAME('wallpipe.ifc','2026-09-08T15:41:34+00:00',(''),(''),'ODA SDAI 25.12','Autodesk - Revit 27.2.0.39 (ENG) - 27.2.0.39','');
FILE_SCHEMA(('IFC4'));
ENDSEC;

DATA;
#1=IFCORGANIZATION($,'Autodesk Revit 2027 (ENG)',$,$,$);
#2=IFCAPPLICATION(#1,'2027','Autodesk Revit 2027 (ENG)','Revit');
#3=IFCPERSON($,'','Example',$,$,$,$,$);
#4=IFCORGANIZATION($,'Organization Name','Organization Description',$,$);
#5=IFCPERSONANDORGANIZATION(#3,#4,$);
#6=IFCOWNERHISTORY(#5,#2,$,.NOCHANGE.,$,$,$,1788877149);
#7=IFCSIUNIT(*,.LENGTHUNIT.,.MILLI.,.METRE.);
#8=IFCSIUNIT(*,.AREAUNIT.,$,.SQUARE_METRE.);
#9=IFCSIUNIT(*,.VOLUMEUNIT.,$,.CUBIC_METRE.);
#10=IFCCARTESIANPOINT((0.,0.,0.));
#11=IFCAXIS2PLACEMENT3D(#10,$,$);
#12=IFCDIRECTION((0.,1.));
#13=IFCGEOMETRICREPRESENTATIONCONTEXT($,'Model',3,0.01,#11,#12);
#14=IFCGEOMETRICREPRESENTATIONSUBCONTEXT('Axis','Model',*,*,*,*,#13,$,.GRAPH_VIEW.,$);
#15=IFCGEOMETRICREPRESENTATIONSUBCONTEXT('Body','Model',*,*,*,*,#13,$,.MODEL_VIEW.,$);
#16=IFCGEOMETRICREPRESENTATIONSUBCONTEXT('Box','Model',*,*,*,*,#13,$,.MODEL_VIEW.,$);
#17=IFCGEOMETRICREPRESENTATIONSUBCONTEXT('FootPrint','Model',*,*,*,*,#13,$,.MODEL_VIEW.,$);
#18=IFCPROJECT('0TQPQQgOP1SeJpZj$JSgDc',#6,'Project Number',$,$,'Project Name','Project Status',(#13),#5888);
#19=IFCPOSTALADDRESS($,$,$,$,('Enter address here\X\0D\X\0AAddress Line 2'),$,'','Boston','','MA');
#20=IFCAXIS2PLACEMENT3D(#10,$,$);
#21=IFCLOCALPLACEMENT(#31,#20);
#22=IFCBUILDING('0TQPQQgOP1SeJpZj$JSgDd',#6,'Building Name',$,$,#21,$,'Building Name',.ELEMENT.,$,$,#19);
#23=IFCAXIS2PLACEMENT3D(#10,$,$);
#24=IFCLOCALPLACEMENT(#21,#23);
#25=IFCBUILDINGSTOREY('2JF4e6axWHqu3u0C1FZlmi',#6,'L1',$,$,#24,$,'L1',.ELEMENT.,0.);
#26=IFCCARTESIANPOINT((0.,0.,3600.));
#27=IFCAXIS2PLACEMENT3D(#26,$,$);
#28=IFCLOCALPLACEMENT(#21,#27);
#29=IFCBUILDINGSTOREY('1ZGO8hrFCHqw0v0026FpFv',#6,'L2',$,$,#28,$,'L2',.ELEMENT.,3600.0000000000005);
#30=IFCAXIS2PLACEMENT3D(#10,$,$);
#31=IFCLOCALPLACEMENT($,#30);
#32=IFCSITE('0TQPQQgOP1SeJpZj$JSgDa',#6,'Default',$,$,#31,$,$,.ELEMENT.,(42,21,31,401672),(-71,-3,-24,-345703),0.,$,$);
#33=IFCPROPERTYSINGLEVALUE('Reference',$,IFCIDENTIFIER('Project Information'),$);
#34=IFCPROPERTYSET('21y6E5Aom3xtgOaTYvC1bL',#6,'Pset_SiteCommon',$,(#33));
#35=IFCRELDEFINESBYPROPERTIES('32WIfo0PsmdWciX_9w6F$1',#6,$,$,(#32),#34);
#36=IFCAXIS2PLACEMENT3D(#10,$,$);
#37=IFCLOCALPLACEMENT(#24,#36);
#38=IFCCARTESIANPOINT((6.1899077657482649E-014,0.));
#39=IFCDIRECTION((1.,0.));
#40=IFCAXIS2PLACEMENT2D(#38,#39);
#41=IFCCIRCLEPROFILEDEF(.AREA.,'Standard',#40,25.399999999999999);
#42=IFCCARTESIANPOINT((3039.6875000000036,0.,3000.));
#43=IFCDIRECTION((1.,0.,0.));
#44=IFCDIRECTION((0.,-1.,0.));
#45=IFCAXIS2PLACEMENT3D(#42,#43,#44);
#46=IFCDIRECTION((0.,0.,1.));
#47=IFCEXTRUDEDAREASOLID(#41,#45,#46,2926.9750000000045);
#48=IFCSIUNIT(*,.PLANEANGLEUNIT.,$,.RADIAN.);
#49=IFCDIMENSIONALEXPONENTS(0,0,0,0,0,0,0);
#50=IFCMEASUREWITHUNIT(IFCPLANEANGLEMEASURE(0.017453292519943278),#48);
#51=IFCCONVERSIONBASEDUNIT(#49,.PLANEANGLEUNIT.,'DEGREE',#50);
#52=IFCSHAPEREPRESENTATION(#15,'Body','SweptSolid',(#47));
#53=IFCPRODUCTDEFINITIONSHAPE($,$,(#52));
#54=IFCPIPESEGMENTTYPE('1ypltef2j2Kg6fDpxy$s22',#6,'Pipe Types:Standard',$,$,$,$,'784902',$,.NOTDEFINED.);
#55=IFCPIPESEGMENT('3NXxKOaPjBK8ngCnkuN_vs',#6,'Pipe Types:Standard:1674136',$,$,#37,#53,'1674136',.NOTDEFINED.);
#56=IFCPROPERTYSINGLEVALUE('Reference',$,IFCIDENTIFIER('Standard'),$);
#57=IFCPROPERTYSET('1sQN4Xi0pmKIzSgfPDNUDB',#6,'Pset_EnvironmentalImpactIndicators',$,(#56));
#58=IFCPROPERTYSINGLEVALUE('InvertElevation',$,IFCLENGTHMEASURE(2976.2299999999973),$);
#59=IFCPROPERTYSET('2$BRKFNZUGJrxaPbeD$Gla',#6,'Pset_PipeSegmentOccurrence',$,(#58));
#60=IFCPROPERTYSET('396nI3Z1GWuvcwb22ayigJ',#6,'Pset_PipeSegmentTypeCommon',$,(#56));
#61=IFCRELDEFINESBYPROPERTIES('0uHt_bZBf8gS73_O6Mmshu',#6,$,$,(#55),#57);
#62=IFCRELDEFINESBYPROPERTIES('0yB$nLuo0zG4HCsvOgP_Rw',#6,$,$,(#55),#59);
#63=IFCRELDEFINESBYPROPERTIES('2kLtyhANJsCl52pCFjpTht',#6,$,$,(#55),#60);
#64=IFCAXIS2PLACEMENT3D(#10,$,$);
#65=IFCLOCALPLACEMENT(#24,#64);
#66=IFCCARTESIANPOINT((0.,0.));
#67=IFCAXIS2PLACEMENT2D(#66,#39);
#68=IFCCIRCLEPROFILEDEF(.AREA.,'Standard',#67,25.399999999999999);
#69=IFCCARTESIANPOINT((6000.,33.300000000000004,3000.));
#70=IFCDIRECTION((0.,1.,0.));
#71=IFCAXIS2PLACEMENT3D(#69,#70,#43);
#72=IFCEXTRUDEDAREASOLID(#68,#71,#46,3966.6999999999998);
#73=IFCSHAPEREPRESENTATION(#15,'Body','SweptSolid',(#72));
#74=IFCPRODUCTDEFINITIONSHAPE($,$,(#73));
#75=IFCPIPESEGMENT('3NXxKOaPjBK8ngCnkuN_vr',#6,'Pipe Types:Standard:1674139',$,$,#65,#74,'1674139',.NOTDEFINED.);
#76=IFCPROPERTYSET('0Rrtblq21j6_skOOpZlMsv',#6,'Pset_EnvironmentalImpactIndicators',$,(#56));
#77=IFCPROPERTYSINGLEVALUE('InvertElevation',$,IFCLENGTHMEASURE(2976.2299999999977),$);
#78=IFCPROPERTYSET('3MFwCjhBCuVK5YDl9quQoJ',#6,'Pset_PipeSegmentOccurrence',$,(#77));
#79=IFCPROPERTYSET('2f5f2i2XLU0GjbAKzDDSrw',#6,'Pset_PipeSegmentTypeCommon',$,(#56));
#80=IFCRELDEFINESBYPROPERTIES('1c9Y31GZSTqeM8oZgOh9ZX',#6,$,$,(#75),#76);
#81=IFCRELDEFINESBYPROPERTIES('0TUdVtU6_wOfGQ3X3B4cPq',#6,$,$,(#75),#78);
#82=IFCRELDEFINESBYPROPERTIES('3mQKNEdVrqZbuRdbm7CXM7',#6,$,$,(#75),#79);
#83=IFCINDEXEDPOLYGONALFACE((17,18,19,20,21,22,23,24,1,2,3,4,5,6,7,8,9,10,11,12,13,14,15,16));
#84=IFCINDEXEDPOLYGONALFACE((32,33,34,35,36,37,38,39,40,41,42,43,44,45,46,47,48,25,26,27,28,29,30,31));
#85=IFCINDEXEDPOLYGONALFACE((71,2,105));
#86=IFCINDEXEDPOLYGONALFACE((71,101,60));
#87=IFCINDEXEDPOLYGONALFACE((13,107,49));
#88=IFCINDEXEDPOLYGONALFACE((42,65,76));
#89=IFCINDEXEDPOLYGONALFACE((85,59,68));
#90=IFCINDEXEDPOLYGONALFACE((68,78,115));
#91=IFCINDEXEDPOLYGONALFACE((41,75,65));
#92=IFCINDEXEDPOLYGONALFACE((78,68,5));
#93=IFCINDEXEDPOLYGONALFACE((95,7,6));
#94=IFCINDEXEDPOLYGONALFACE((86,123,125));
#95=IFCINDEXEDPOLYGONALFACE((98,12,11));
#96=IFCINDEXEDPOLYGONALFACE((68,59,95));
#97=IFCINDEXEDPOLYGONALFACE((9,104,70));
#98=IFCINDEXEDPOLYGONALFACE((62,69,73));
#99=IFCINDEXEDPOLYGONALFACE((6,5,68));
#100=IFCINDEXEDPOLYGONALFACE((9,70,10));
#101=IFCINDEXEDPOLYGONALFACE((104,69,62));
#102=IFCINDEXEDPOLYGONALFACE((89,82,128));
#103=IFCINDEXEDPOLYGONALFACE((62,87,70));
#104=IFCINDEXEDPOLYGONALFACE((66,38,107));
#105=IFCINDEXEDPOLYGONALFACE((99,76,65));
#106=IFCINDEXEDPOLYGONALFACE((13,12,107));
#107=IFCINDEXEDPOLYGONALFACE((93,98,11));
#108=IFCINDEXEDPOLYGONALFACE((72,106,48));
#109=IFCINDEXEDPOLYGONALFACE((11,10,93));
#110=IFCINDEXEDPOLYGONALFACE((102,4,3));
#111=IFCINDEXEDPOLYGONALFACE((124,81,122));
#112=IFCINDEXEDPOLYGONALFACE((84,67,58));
#113=IFCINDEXEDPOLYGONALFACE((45,77,46));
#114=IFCINDEXEDPOLYGONALFACE((8,7,69));
#115=IFCINDEXEDPOLYGONALFACE((67,44,94));
#116=IFCINDEXEDPOLYGONALFACE((45,44,67));
#117=IFCINDEXEDPOLYGONALFACE((126,79,116,118));
#118=IFCINDEXEDPOLYGONALFACE((64,72,88));
#119=IFCINDEXEDPOLYGONALFACE((8,104,9));
#120=IFCINDEXEDPOLYGONALFACE((67,77,45));
#121=IFCINDEXEDPOLYGONALFACE((52,64,88));
#122=IFCINDEXEDPOLYGONALFACE((48,47,72));
#123=IFCINDEXEDPOLYGONALFACE((63,71,105));
#124=IFCINDEXEDPOLYGONALFACE((96,87,54));
#125=IFCINDEXEDPOLYGONALFACE((41,40,75));
#126=IFCINDEXEDPOLYGONALFACE((38,66,39));
#127=IFCINDEXEDPOLYGONALFACE((38,37,107));
#128=IFCINDEXEDPOLYGONALFACE((66,57,92));
#129=IFCINDEXEDPOLYGONALFACE((71,3,2));
#130=IFCINDEXEDPOLYGONALFACE((49,107,37));
#131=IFCINDEXEDPOLYGONALFACE((46,103,47));
#132=IFCINDEXEDPOLYGONALFACE((41,65,42));
#133=IFCINDEXEDPOLYGONALFACE((74,73,109));
#134=IFCINDEXEDPOLYGONALFACE((54,73,74));
#135=IFCINDEXEDPOLYGONALFACE((84,56,114));
#136=IFCINDEXEDPOLYGONALFACE((40,39,92));
#137=IFCINDEXEDPOLYGONALFACE((76,43,42));
#138=IFCINDEXEDPOLYGONALFACE((124,101,81));
#139=IFCINDEXEDPOLYGONALFACE((5,4,78));
#140=IFCINDEXEDPOLYGONALFACE((43,94,44));
#141=IFCINDEXEDPOLYGONALFACE((68,115,85));
#142=IFCINDEXEDPOLYGONALFACE((77,56,61));
#143=IFCINDEXEDPOLYGONALFACE((95,69,7));
#144=IFCINDEXEDPOLYGONALFACE((62,73,108));
#145=IFCINDEXEDPOLYGONALFACE((62,108,87));
#146=IFCINDEXEDPOLYGONALFACE((93,70,57));
#147=IFCINDEXEDPOLYGONALFACE((101,63,50));
#148=IFCINDEXEDPOLYGONALFACE((102,71,60));
#149=IFCINDEXEDPOLYGONALFACE((103,72,47));
#150=IFCINDEXEDPOLYGONALFACE((72,61,88));
#151=IFCINDEXEDPOLYGONALFACE((69,59,73));
#152=IFCINDEXEDPOLYGONALFACE((109,73,59));
#153=IFCINDEXEDPOLYGONALFACE((53,111,74));
#154=IFCINDEXEDPOLYGONALFACE((100,76,99));
#155=IFCINDEXEDPOLYGONALFACE((92,75,40));
#156=IFCINDEXEDPOLYGONALFACE((97,87,96));
#157=IFCINDEXEDPOLYGONALFACE((96,99,65));
#158=IFCINDEXEDPOLYGONALFACE((76,100,94));
#159=IFCINDEXEDPOLYGONALFACE((114,77,67));
#160=IFCINDEXEDPOLYGONALFACE((103,77,61));
#161=IFCINDEXEDPOLYGONALFACE((102,78,4));
#162=IFCINDEXEDPOLYGONALFACE((55,78,60));
#163=IFCINDEXEDPOLYGONALFACE((116,117,118));
#164=IFCINDEXEDPOLYGONALFACE((51,117,116));
#165=IFCINDEXEDPOLYGONALFACE((121,83,120));
#166=IFCINDEXEDPOLYGONALFACE((81,118,122));
#167=IFCINDEXEDPOLYGONALFACE((52,88,91));
#168=IFCINDEXEDPOLYGONALFACE((112,121,84));
#169=IFCINDEXEDPOLYGONALFACE((86,113,110));
#170=IFCINDEXEDPOLYGONALFACE((125,119,120));
#171=IFCINDEXEDPOLYGONALFACE((111,84,58));
#172=IFCINDEXEDPOLYGONALFACE((84,111,112));
#173=IFCINDEXEDPOLYGONALFACE((86,85,55));
#174=IFCINDEXEDPOLYGONALFACE((109,110,53));
#175=IFCINDEXEDPOLYGONALFACE((124,123,55));
#176=IFCINDEXEDPOLYGONALFACE((113,83,112));
#177=IFCINDEXEDPOLYGONALFACE((99,96,54));
#178=IFCINDEXEDPOLYGONALFACE((70,87,97));
#179=IFCINDEXEDPOLYGONALFACE((90,61,56));
#180=IFCINDEXEDPOLYGONALFACE((90,91,88));
#181=IFCINDEXEDPOLYGONALFACE((88,61,90));
#182=IFCINDEXEDPOLYGONALFACE((121,90,56));
#183=IFCINDEXEDPOLYGONALFACE((128,82,119));
#184=IFCINDEXEDPOLYGONALFACE((82,91,90));
#185=IFCINDEXEDPOLYGONALFACE((91,89,129,52));
#186=IFCINDEXEDPOLYGONALFACE((66,92,39));
#187=IFCINDEXEDPOLYGONALFACE((92,57,97));
#188=IFCINDEXEDPOLYGONALFACE((70,93,10));
#189=IFCINDEXEDPOLYGONALFACE((98,57,66));
#190=IFCINDEXEDPOLYGONALFACE((76,94,43));
#191=IFCINDEXEDPOLYGONALFACE((67,94,58));
#192=IFCINDEXEDPOLYGONALFACE((68,95,6));
#193=IFCINDEXEDPOLYGONALFACE((69,95,59));
#194=IFCINDEXEDPOLYGONALFACE((65,75,96));
#195=IFCINDEXEDPOLYGONALFACE((75,92,97));
#196=IFCINDEXEDPOLYGONALFACE((75,97,96));
#197=IFCINDEXEDPOLYGONALFACE((70,97,57));
#198=IFCINDEXEDPOLYGONALFACE((57,98,93));
#199=IFCINDEXEDPOLYGONALFACE((98,66,107));
#200=IFCINDEXEDPOLYGONALFACE((54,74,99));
#201=IFCINDEXEDPOLYGONALFACE((74,111,100));
#202=IFCINDEXEDPOLYGONALFACE((74,100,99));
#203=IFCINDEXEDPOLYGONALFACE((94,100,58));
#204=IFCINDEXEDPOLYGONALFACE((63,101,71));
#205=IFCINDEXEDPOLYGONALFACE((81,101,50));
#206=IFCINDEXEDPOLYGONALFACE((71,102,3));
#207=IFCINDEXEDPOLYGONALFACE((78,102,60));
#208=IFCINDEXEDPOLYGONALFACE((77,103,46));
#209=IFCINDEXEDPOLYGONALFACE((72,103,61));
#210=IFCINDEXEDPOLYGONALFACE((69,104,8));
#211=IFCINDEXEDPOLYGONALFACE((70,104,62));
#212=IFCINDEXEDPOLYGONALFACE((2,1,105));
#213=IFCINDEXEDPOLYGONALFACE((106,72,64));
#214=IFCINDEXEDPOLYGONALFACE((106,25,48));
#215=IFCINDEXEDPOLYGONALFACE((98,107,12));
#216=IFCINDEXEDPOLYGONALFACE((73,54,108));
#217=IFCINDEXEDPOLYGONALFACE((87,108,54));
#218=IFCINDEXEDPOLYGONALFACE((110,59,85));
#219=IFCINDEXEDPOLYGONALFACE((74,109,53));
#220=IFCINDEXEDPOLYGONALFACE((59,110,109));
#221=IFCINDEXEDPOLYGONALFACE((86,110,85));
#222=IFCINDEXEDPOLYGONALFACE((111,53,112));
#223=IFCINDEXEDPOLYGONALFACE((100,111,58));
#224=IFCINDEXEDPOLYGONALFACE((113,112,53));
#225=IFCINDEXEDPOLYGONALFACE((121,112,83));
#226=IFCINDEXEDPOLYGONALFACE((110,113,53));
#227=IFCINDEXEDPOLYGONALFACE((86,83,113));
#228=IFCINDEXEDPOLYGONALFACE((84,114,67));
#229=IFCINDEXEDPOLYGONALFACE((56,77,114));
#230=IFCINDEXEDPOLYGONALFACE((78,55,115));
#231=IFCINDEXEDPOLYGONALFACE((85,115,55));
#232=IFCINDEXEDPOLYGONALFACE((80,118,117));
#233=IFCINDEXEDPOLYGONALFACE((51,127,89,128));
#234=IFCINDEXEDPOLYGONALFACE((119,80,117));
#235=IFCINDEXEDPOLYGONALFACE((122,118,80));
#236=IFCINDEXEDPOLYGONALFACE((81,50,126));
#237=IFCINDEXEDPOLYGONALFACE((117,128,119));
#238=IFCINDEXEDPOLYGONALFACE((120,119,82));
#239=IFCINDEXEDPOLYGONALFACE((82,90,121));
#240=IFCINDEXEDPOLYGONALFACE((125,120,83));
#241=IFCINDEXEDPOLYGONALFACE((82,121,120));
#242=IFCINDEXEDPOLYGONALFACE((84,121,56));
#243=IFCINDEXEDPOLYGONALFACE((123,122,80));
#244=IFCINDEXEDPOLYGONALFACE((122,123,124));
#245=IFCINDEXEDPOLYGONALFACE((125,123,80));
#246=IFCINDEXEDPOLYGONALFACE((55,123,86));
#247=IFCINDEXEDPOLYGONALFACE((55,60,124));
#248=IFCINDEXEDPOLYGONALFACE((101,124,60));
#249=IFCINDEXEDPOLYGONALFACE((119,125,80));
#250=IFCINDEXEDPOLYGONALFACE((86,125,83));
#251=IFCINDEXEDPOLYGONALFACE((126,118,81));
#252=IFCINDEXEDPOLYGONALFACE((82,89,91));
#253=IFCINDEXEDPOLYGONALFACE((51,128,117));
#254=IFCINDEXEDPOLYGONALFACE((32,177,33));
#255=IFCINDEXEDPOLYGONALFACE((22,176,23));
#256=IFCINDEXEDPOLYGONALFACE((17,140,18));
#257=IFCINDEXEDPOLYGONALFACE((19,18,151));
#258=IFCINDEXEDPOLYGONALFACE((141,134,165));
#259=IFCINDEXEDPOLYGONALFACE((129,89,127,188));
#260=IFCINDEXEDPOLYGONALFACE((15,165,16));
#261=IFCINDEXEDPOLYGONALFACE((50,63,162));
#262=IFCINDEXEDPOLYGONALFACE((15,14,141));
#263=IFCINDEXEDPOLYGONALFACE((169,161,131));
#264=IFCINDEXEDPOLYGONALFACE((158,133,185));
#265=IFCINDEXEDPOLYGONALFACE((131,148,149));
#266=IFCINDEXEDPOLYGONALFACE((63,146,162));
#267=IFCINDEXEDPOLYGONALFACE((32,31,144));
#268=IFCINDEXEDPOLYGONALFACE((24,23,146));
#269=IFCINDEXEDPOLYGONALFACE((171,36,35));
#270=IFCINDEXEDPOLYGONALFACE((152,21,142));
#271=IFCINDEXEDPOLYGONALFACE((146,105,24));
#272=IFCINDEXEDPOLYGONALFACE((20,142,21));
#273=IFCINDEXEDPOLYGONALFACE((149,148,180));
#274=IFCINDEXEDPOLYGONALFACE((64,147,106));
#275=IFCINDEXEDPOLYGONALFACE((21,152,22));
#276=IFCINDEXEDPOLYGONALFACE((20,19,167));
#277=IFCINDEXEDPOLYGONALFACE((142,20,167));
#278=IFCINDEXEDPOLYGONALFACE((194,174,155));
#279=IFCINDEXEDPOLYGONALFACE((139,161,145));
#280=IFCINDEXEDPOLYGONALFACE((13,49,178));
#281=IFCINDEXEDPOLYGONALFACE((143,186,159));
#282=IFCINDEXEDPOLYGONALFACE((37,36,178));
#283=IFCINDEXEDPOLYGONALFACE((14,13,178));
#284=IFCINDEXEDPOLYGONALFACE((147,26,106));
#285=IFCINDEXEDPOLYGONALFACE((171,35,166));
#286=IFCINDEXEDPOLYGONALFACE((34,33,145));
#287=IFCINDEXEDPOLYGONALFACE((160,193,195));
#288=IFCINDEXEDPOLYGONALFACE((177,144,139));
#289=IFCINDEXEDPOLYGONALFACE((143,136,168));
#290=IFCINDEXEDPOLYGONALFACE((150,140,17));
#291=IFCINDEXEDPOLYGONALFACE((35,34,166));
#292=IFCINDEXEDPOLYGONALFACE((18,140,151));
#293=IFCINDEXEDPOLYGONALFACE((139,144,148));
#294=IFCINDEXEDPOLYGONALFACE((29,153,143));
#295=IFCINDEXEDPOLYGONALFACE((175,28,27));
#296=IFCINDEXEDPOLYGONALFACE((136,143,159));
#297=IFCINDEXEDPOLYGONALFACE((194,155,192));
#298=IFCINDEXEDPOLYGONALFACE((33,177,145));
#299=IFCINDEXEDPOLYGONALFACE((31,30,168));
#300=IFCINDEXEDPOLYGONALFACE((17,16,150));
#301=IFCINDEXEDPOLYGONALFACE((147,27,26));
#302=IFCINDEXEDPOLYGONALFACE((147,174,137));
#303=IFCINDEXEDPOLYGONALFACE((172,151,140));
#304=IFCINDEXEDPOLYGONALFACE((26,25,106));
#305=IFCINDEXEDPOLYGONALFACE((143,153,186));
#306=IFCINDEXEDPOLYGONALFACE((30,29,143));
#307=IFCINDEXEDPOLYGONALFACE((79,156,196));
#308=IFCINDEXEDPOLYGONALFACE((152,133,138));
#309=IFCINDEXEDPOLYGONALFACE((141,14,178));
#310=IFCINDEXEDPOLYGONALFACE((29,28,153));
#311=IFCINDEXEDPOLYGONALFACE((158,142,135));
#312=IFCINDEXEDPOLYGONALFACE((168,144,31));
#313=IFCINDEXEDPOLYGONALFACE((179,148,131));
#314=IFCINDEXEDPOLYGONALFACE((139,179,161));
#315=IFCINDEXEDPOLYGONALFACE((166,145,134));
#316=IFCINDEXEDPOLYGONALFACE((176,146,23));
#317=IFCINDEXEDPOLYGONALFACE((146,138,162));
#318=IFCINDEXEDPOLYGONALFACE((174,64,52));
#319=IFCINDEXEDPOLYGONALFACE((175,147,137));
#320=IFCINDEXEDPOLYGONALFACE((144,136,148));
#321=IFCINDEXEDPOLYGONALFACE((180,148,136));
#322=IFCINDEXEDPOLYGONALFACE((130,182,149));
#323=IFCINDEXEDPOLYGONALFACE((173,151,172));
#324=IFCINDEXEDPOLYGONALFACE((165,150,16));
#325=IFCINDEXEDPOLYGONALFACE((170,161,169));
#326=IFCINDEXEDPOLYGONALFACE((169,172,140));
#327=IFCINDEXEDPOLYGONALFACE((151,173,167));
#328=IFCINDEXEDPOLYGONALFACE((185,152,142));
#329=IFCINDEXEDPOLYGONALFACE((176,152,138));
#330=IFCINDEXEDPOLYGONALFACE((175,153,28));
#331=IFCINDEXEDPOLYGONALFACE((132,153,137));
#332=IFCINDEXEDPOLYGONALFACE((127,187,188));
#333=IFCINDEXEDPOLYGONALFACE((127,51,187));
#334=IFCINDEXEDPOLYGONALFACE((191,157,190));
#335=IFCINDEXEDPOLYGONALFACE((155,188,192));
#336=IFCINDEXEDPOLYGONALFACE((50,162,164));
#337=IFCINDEXEDPOLYGONALFACE((183,191,158));
#338=IFCINDEXEDPOLYGONALFACE((160,184,181));
#339=IFCINDEXEDPOLYGONALFACE((195,189,190));
#340=IFCINDEXEDPOLYGONALFACE((182,158,135));
#341=IFCINDEXEDPOLYGONALFACE((158,182,183));
#342=IFCINDEXEDPOLYGONALFACE((160,159,132));
#343=IFCINDEXEDPOLYGONALFACE((180,181,130));
#344=IFCINDEXEDPOLYGONALFACE((194,193,132));
#345=IFCINDEXEDPOLYGONALFACE((184,157,183));
#346=IFCINDEXEDPOLYGONALFACE((172,169,131));
#347=IFCINDEXEDPOLYGONALFACE((145,161,170));
#348=IFCINDEXEDPOLYGONALFACE((163,138,133));
#349=IFCINDEXEDPOLYGONALFACE((163,164,162));
#350=IFCINDEXEDPOLYGONALFACE((162,138,163));
#351=IFCINDEXEDPOLYGONALFACE((191,163,133));
#352=IFCINDEXEDPOLYGONALFACE((196,156,189));
#353=IFCINDEXEDPOLYGONALFACE((156,164,163));
#354=IFCINDEXEDPOLYGONALFACE((164,79,126,50));
#355=IFCINDEXEDPOLYGONALFACE((141,165,15));
#356=IFCINDEXEDPOLYGONALFACE((165,134,170));
#357=IFCINDEXEDPOLYGONALFACE((145,166,34));
#358=IFCINDEXEDPOLYGONALFACE((171,134,141));
#359=IFCINDEXEDPOLYGONALFACE((151,167,19));
#360=IFCINDEXEDPOLYGONALFACE((142,167,135));
#361=IFCINDEXEDPOLYGONALFACE((143,168,30));
#362=IFCINDEXEDPOLYGONALFACE((144,168,136));
#363=IFCINDEXEDPOLYGONALFACE((140,150,169));
#364=IFCINDEXEDPOLYGONALFACE((150,165,170));
#365=IFCINDEXEDPOLYGONALFACE((150,170,169));
#366=IFCINDEXEDPOLYGONALFACE((145,170,134));
#367=IFCINDEXEDPOLYGONALFACE((134,171,166));
#368=IFCINDEXEDPOLYGONALFACE((171,141,178));
#369=IFCINDEXEDPOLYGONALFACE((131,149,172));
#370=IFCINDEXEDPOLYGONALFACE((149,182,173));
#371=IFCINDEXEDPOLYGONALFACE((149,173,172));
#372=IFCINDEXEDPOLYGONALFACE((167,173,135));
#373=IFCINDEXEDPOLYGONALFACE((64,174,147));
#374=IFCINDEXEDPOLYGONALFACE((155,174,52));
#375=IFCINDEXEDPOLYGONALFACE((147,175,27));
#376=IFCINDEXEDPOLYGONALFACE((153,175,137));
#377=IFCINDEXEDPOLYGONALFACE((152,176,22));
#378=IFCINDEXEDPOLYGONALFACE((146,176,138));
#379=IFCINDEXEDPOLYGONALFACE((144,177,32));
#380=IFCINDEXEDPOLYGONALFACE((145,177,139));
#381=IFCINDEXEDPOLYGONALFACE((105,146,63));
#382=IFCINDEXEDPOLYGONALFACE((105,1,24));
#383=IFCINDEXEDPOLYGONALFACE((37,178,49));
#384=IFCINDEXEDPOLYGONALFACE((171,178,36));
#385=IFCINDEXEDPOLYGONALFACE((161,179,131));
#386=IFCINDEXEDPOLYGONALFACE((139,148,179));
#387=IFCINDEXEDPOLYGONALFACE((181,136,159));
#388=IFCINDEXEDPOLYGONALFACE((149,180,130));
#389=IFCINDEXEDPOLYGONALFACE((136,181,180));
#390=IFCINDEXEDPOLYGONALFACE((160,181,159));
#391=IFCINDEXEDPOLYGONALFACE((182,130,183));
#392=IFCINDEXEDPOLYGONALFACE((173,182,135));
#393=IFCINDEXEDPOLYGONALFACE((184,183,130));
#394=IFCINDEXEDPOLYGONALFACE((191,183,157));
#395=IFCINDEXEDPOLYGONALFACE((181,184,130));
#396=IFCINDEXEDPOLYGONALFACE((160,157,184));
#397=IFCINDEXEDPOLYGONALFACE((158,185,142));
#398=IFCINDEXEDPOLYGONALFACE((133,152,185));
#399=IFCINDEXEDPOLYGONALFACE((153,132,186));
#400=IFCINDEXEDPOLYGONALFACE((159,186,132));
#401=IFCINDEXEDPOLYGONALFACE((187,189,154));
#402=IFCINDEXEDPOLYGONALFACE((116,79,196,51));
#403=IFCINDEXEDPOLYGONALFACE((187,154,188));
#404=IFCINDEXEDPOLYGONALFACE((192,188,154));
#405=IFCINDEXEDPOLYGONALFACE((155,52,129));
#406=IFCINDEXEDPOLYGONALFACE((187,196,189));
#407=IFCINDEXEDPOLYGONALFACE((190,189,156));
#408=IFCINDEXEDPOLYGONALFACE((156,163,191));
#409=IFCINDEXEDPOLYGONALFACE((195,190,157));
#410=IFCINDEXEDPOLYGONALFACE((156,191,190));
#411=IFCINDEXEDPOLYGONALFACE((158,191,133));
#412=IFCINDEXEDPOLYGONALFACE((193,192,154));
#413=IFCINDEXEDPOLYGONALFACE((192,193,194));
#414=IFCINDEXEDPOLYGONALFACE((195,193,154));
#415=IFCINDEXEDPOLYGONALFACE((132,193,160));
#416=IFCINDEXEDPOLYGONALFACE((132,137,194));
#417=IFCINDEXEDPOLYGONALFACE((174,194,137));
#418=IFCINDEXEDPOLYGONALFACE((189,195,154));
#419=IFCINDEXEDPOLYGONALFACE((160,195,157));
#420=IFCINDEXEDPOLYGONALFACE((129,188,155));
#421=IFCINDEXEDPOLYGONALFACE((156,79,164));
#422=IFCINDEXEDPOLYGONALFACE((51,196,187));
#423=IFCCARTESIANPOINTLIST3D(((-33.337499999991202,-26.9875000000035,-1.9550222635292364E-012),(-33.337499999991202,-26.067923236979752,6.9848789797023203),(-33.337499999991202,-23.371860584636092,13.493749999998043),(-33.337499999991202,-19.083044257275521,19.083044257270014),(-33.337499999991202,-13.49375000000359,23.371860584630614),(-33.337499999991202,-6.9848789797078927,26.06792323697433),(-33.337499999991209,-3.6250669133153225E-012,26.987499999998132),(-33.337499999991209,6.984878979700655,26.067923236974394),(-33.337499999991209,13.493749999996382,23.371860584630742),(-33.337499999991216,19.083044257268348,19.083044257270192),(-33.337499999991216,23.371860584628966,13.493749999998272),(-33.337499999991216,26.067923236972689,6.9848789797025734),(-33.337499999991216,26.987499999996505,-1.8678232451242375E-012),(-33.337499999991216,26.067923236972739,-6.9848789797061404),(-33.337499999991216,23.371860584629047,-13.493750000001857),(-33.337499999991216,19.083044257268469,-19.083044257273809),(-33.337499999991209,13.493749999996526,-23.371860584634394),(-33.337499999991209,6.9848789797008157,-26.067923236978093),(-33.337499999991209,-3.4600988740862707E-012,-26.987500000001873),(-33.337499999991202,-6.984878979707732,-26.067923236978114),(-33.337499999991202,-13.493750000003455,-23.371860584634437),(-33.337499999991202,-19.083044257275411,-19.083044257273865),(-33.337499999991202,-23.371860584636,-13.493750000001928),(-33.337499999991202,-26.067923236979716,-6.984878979706223),(26.987500000008787,33.337499999996403,-1.9430374059784078E-012),(26.067923236985003,33.337499999996403,-6.984878979706223),(23.371860584641286,33.33749999999641,-13.493750000001928),(19.083044257280697,33.337499999996417,-19.083044257273865),(13.493750000008742,33.337499999996425,-23.371860584634437),(6.9848789797130193,33.337499999996439,-26.067923236978114),(8.7475360288635787E-012,33.337499999996446,-26.987500000001873),(-6.9848789796955284,33.33749999999646,-26.067923236978093),(-13.493749999991239,33.337499999996467,-23.371860584634394),(-19.083044257263182,33.337499999996474,-19.083044257273809),(-23.371860584623761,33.337499999996488,-13.493750000001857),(-26.067923236967449,33.337499999996488,-6.9848789797061404),(-26.987499999991218,33.337499999996488,-1.7173949234158969E-012),(-26.067923236967403,33.337499999996488,6.9848789797025734),(-23.371860584623676,33.337499999996488,13.493749999998272),(-19.083044257263058,33.337499999996474,19.083044257270192),(-13.493749999991095,33.337499999996467,23.371860584630742),(-6.9848789796953676,33.33749999999646,26.067923236974394),(8.9125040680926301E-012,33.337499999996446,26.987499999998132),(6.9848789797131801,33.337499999996439,26.06792323697433),(13.493750000008879,33.337499999996425,23.371860584630614),(19.083044257280807,33.337499999996417,19.083044257270014),(23.371860584641379,33.33749999999641,13.493749999998043),(26.067923236985038,33.337499999996403,6.9848789797023203),(-28.847371939456643,28.847371939461922,-1.6934252083142398E-012),(-10.252121942567181,-22.395532798746881,-1.9550222635292364E-012),(9.3187165750872385,-9.3187165750820107,-1.9550222635292364E-012),(22.395532798752136,10.252121942572396,-1.9550222635292364E-012),(-1.1177203315483404,1.1177177083917642,24.05821010663195),(-11.651932382806393,14.065360149132793,26.638556309288429),(-9.3836024429666303,-15.331296298507137,17.065523158633422),(15.331293851611242,9.3835974695879649,17.065523157634967),(-22.751359269786416,22.751358980257383,19.773699321461795),(4.4193112612245535,16.797046694495979,25.810405044860676),(-16.797048226029872,-4.4193123468457314,25.810404928843429),(-19.294808515093006,-21.649175565004455,13.42051434088815),(21.64917603818466,19.294807366129291,13.42051304503188),(-22.3190620117919,9.4292024975074149,26.060542499139689),(-20.18790317370339,-24.371882565198554,-1.9550222635292364E-012),(24.371882388543618,20.187902285577763,-1.9550222635292364E-012),(-9.2758093978663076,24.015911335082585,25.91475670650545),(-25.924158637163909,27.119823498445822,12.978420166237134),(11.551498777821395,22.004864589358604,23.672044761560436),(-22.004865358133642,-11.551499830812762,23.672044305630788),(-24.223697318566966,2.2120584927852609,26.972315085528805),(-26.041248109769381,15.721277768944665,22.9061133071678),(-23.393866140705377,-24.977231669725295,7.8554286652706553),(24.977231838603974,23.393866139859416,7.855428117650896),(-14.325133308794319,5.2951249642720226,26.982049631948577),(-4.3196264990299671,9.3250767442949574,26.638319330037124),(-15.698063024970033,26.348440073391526,22.847383356990203),(-2.2165862767384823,24.609433780025988,26.96837495151307),(17.386247257445273,23.420326530080132,19.792081142734258),(-23.420326269135629,-17.386247718180798,19.79208067716587),(-0.46670268373997092,-15.857124686914446,-1.9550222635292364E-012),(3.1305228500573872,-12.211112386927622,10.136843940563619),(-7.0205246544641939,-19.493212271231208,8.2825586010577723),(13.792967902820351,-1.7404033432135133,9.0803682422722627),(6.751899575625508,-2.5589593531785138,17.581977656121005),(9.5172409712516259,10.629661727438286,22.325932840145786),(-10.629664139115853,-9.5172430185802686,22.3259323784307),(-1.6045368061593017,-9.0119261704909821,18.570873055405155),(-18.64023614935461,15.57803426318298,24.95074472313059),(22.795341762743032,13.909864135302891,7.0060594706710102),(15.857124686919686,0.46670268374519491,-1.9550222635292364E-012),(19.337468444950463,9.8724358548778799,11.683063463885405),(19.50004455033212,5.390190650999747,5.4285217875086618),(-21.069332210507895,28.391872481246878,17.997602313321146),(-28.391872655409909,21.069332258453901,17.997602190875906),(4.7763558031960356,25.881734176769257,26.421371760292068),(-25.881734772010056,-4.7763562077952102,26.421371701435724),(-13.821074970469033,19.85606271860107,25.215659768481501),(-18.70856333267664,20.853167711878019,23.007737922179391),(-28.958663090716019,24.145602082886068,13.861095016281649),(-5.7229284279153623,17.969819051962059,26.931683935542534),(-0.50909491276830576,17.975270962167098,26.830419687083054),(-14.739767603612021,-22.946382884553799,7.4479913281137362),(-27.323833772337736,-21.978926752764853,15.192720886736295),(21.978927007806245,27.323833392674615,15.192720454261584),(-28.770694570467079,9.395666951142017,25.455288360844069),(-26.762701586847289,-25.679691282601031,-1.9550222635292364E-012),(25.679691194276202,26.762701142787083,-1.955022263529236E-012),(-28.186815282680033,28.302206499183828,6.7316394540616722),(-16.236790126706964,10.053517563876602,26.618350595237377),(-9.1753501278955092,0.54554232651442103,25.954609967122167),(-6.7700485688439009,-4.1178600523172513,23.87429560782013),(1.9282675556395703,8.675291202459638,25.18549104272093),(5.0205659004313459,4.4460622276905033,22.643051178847227),(2.2255574103305515,-2.0397338026386946,21.100791892196128),(14.59873681331937,16.268612962028094,20.504361881031155),(-16.268614763102821,-14.598738632022631,20.504360931837649),(4.4260069456736337,-12.587920630998228,-1.9550222635292364E-012),(6.7130319833476264,-11.105147421245766,5.1638314272581036),(0.7150328954253744,-15.737948336848833,5.6238576389445694),(8.8266951044777908,-7.2944408237311613,9.6107147987628743),(10.499376257946373,-2.6507340846129406,13.480408215977699),(11.663626669789545,2.8606941191284405,16.935003870484412),(-2.3430051877843225,-16.091455130785846,10.151895607521086),(-1.30474745924988,-12.723900190512005,14.490503919705201),(-8.2901354515055772,-17.89630570123893,12.924856308728208),(4.769491750522227,-8.0178206947486483,14.283465113329484),(-5.3594123131535758,-19.126328742830662,-1.955022263529236E-012),(12.587920631003465,-4.4260069456684086,-1.9550222635292364E-012),(11.776078788755623,-5.9953331299489623,5.0285761103377515),(19.126328742835909,5.3594123131587947,-1.9550222635292364E-012),(-1.1177183233657249,1.1177170269861769,-24.058209139987774),(-14.06536016660295,11.651930907296219,-26.638556486507262),(15.331295715710969,9.3836020542563361,-17.065523588942426),(-9.3836016929182602,-15.331296214473477,-17.065522845235193),(-22.751359687920825,22.751358614806733,-19.773699286863749),(-16.797047388650689,-4.4193129646089631,-25.810404653387884),(4.419311708160893,16.797045705988729,-25.810404798674657),(21.649175330522173,19.294808155575662,-13.42051458206195),(-19.294808149715475,-21.64917551503439,-13.420514267628191),(-9.429203787237098,22.319059481053603,-26.060542468984952),(-24.015911434761648,9.2758088042285429,-25.914756856957055),(-27.119823683548645,25.924158689339112,-12.978419876492731),(-22.004864904094909,-11.551500085046099,-23.672044109835447),(11.551499679492064,22.004863937656076,-23.672044195601412),(-2.2120582195587053,24.223694706396664,-26.972315118967082),(-15.721277308905641,26.041248992649386,-22.906113361485748),(-23.393865761087284,-24.977231614721219,-7.8554286337584598),(24.977231505259063,23.393865226719655,-7.8554286932057433),(-5.2951258083219521,14.325132087709175,-26.982049632221369),(-9.325075763569858,4.3196251657082119,-26.638319061606417),(-26.348440528631137,15.698062773585431,-22.847383398500277),(-24.609434291588997,2.2165855579727145,-26.96837497238176),(-23.420325881837709,-17.386247796054484,-19.792080537437002),(17.386247577229057,23.420325214636843,-19.792080617842785),(12.211111486084382,-3.13052377702892,-10.136844246188767),(19.493211931516441,7.0205239159471828,-8.2825585228794072),(1.7404012477927191,-13.792969373317408,-9.0803684422441044),(2.5589564890692813,-6.7519030036894154,-17.581976906985656),(-10.629663254750724,-9.5172433813837252,-22.325931879528778),(9.5172419746121886,10.629661868665348,-22.325932282966669),(9.0119247125280708,1.6045340735543119,-18.570872557878019),(-15.57803711120345,18.64023504538202,-24.950744108817737),(-13.909863549469231,-22.795341204329393,-7.0060607209229486),(-9.8724400360268358,-19.337469039769353,-11.683065875277626),(-5.3901900045483027,-19.500043629139803,-5.4285242810889587),(-28.391872874146703,21.069332175161616,-17.997602185815737),(-21.069332141566921,28.391872186070501,-17.997602508087219),(-25.881734437510818,-4.7763565482354977,-26.42137161854108),(4.7763562929696901,25.88173337981047,-26.421371628419369),(-19.85606253839121,13.821073057660815,-25.215660407820998),(-20.853171013349854,18.708560880678956,-23.007737751743736),(-24.145601990477495,28.958662738196381,-13.86109540892315),(-17.969819113815092,5.7229268992472448,-26.93168401965184),(-17.975271899171961,0.50909323800586392,-26.830419565742822),(22.946382449652077,14.739767303704912,-7.4479924385957261),(21.978926677139203,27.323833740348491,-15.192720992048878),(-27.323833657101048,-21.978926758023594,-15.192720860780012),(-9.3956678388273502,28.770691205178739,-25.45528827583178),(-28.302206713008101,28.186815161771285,-6.7316392094174509),(-10.053518601525234,16.236788370804497,-26.618350629178291),(-0.5455442038239614,9.1753466202986029,-25.954609804914249),(4.1178586843519378,6.7700464648492353,-23.874295554336353),(-8.6752921394159461,-1.9282695989271859,-25.18549060479771),(-4.4460644824935827,-5.0205685825260993,-22.643050669259274),(2.0397315431121368,-2.2255614707367295,-21.100790867493338),(-16.268614154416213,-14.598738747839135,-20.504360663741),(14.598738123722981,16.268613859296735,-20.504361082179166),(11.10514693302342,-6.7130324637761287,-5.1638316378894338),(15.737948382450297,-0.71503269562838601,-5.6238579976967689),(7.2944392951361001,-8.8266964806315631,-9.6107149818376367),(2.6507316707668398,-10.499378541572055,-13.48040781121051),(-2.8606973265123945,-11.663629903925022,-16.935002779493487),(16.091454539561052,2.3430044443959237,-10.151895868548996),(12.723899304837078,1.3047461432377565,-14.490503881623045),(17.896305566579574,8.2901355189163795,-12.924856584755027),(8.0178190648578216,-4.7694934273193299,-14.283465213306519),(5.9953320825785728,-11.776079639151247,-5.0285763598002076)));
#424=IFCPOLYGONALFACESET(#423,.T.,(#83,#84,#85,#86,#87,#88,#89,#90,#91,#92,#93,#94,#95,#96,#97,#98,#99,#100,#101,#102,#103,#104,#105,#106,#107,#108,#109,#110,#111,#112,#113,#114,#115,#116,#117,#118,#119,#120,#121,#122,#123,#124,#125,#126,#127,#128,#129,#130,#131,#132,#133,#134,#135,#136,#137,#138,#139,#140,#141,#142,#143,#144,#145,#146,#147,#148,#149,#150,#151,#152,#153,#154,#155,#156,#157,#158,#159,#160,#161,#162,#163,#164,#165,#166,#167,#168,#169,#170,#171,#172,#173,#174,#175,#176,#177,#178,#179,#180,#181,#182,#183,#184,#185,#186,#187,#188,#189,#190,#191,#192,#193,#194,#195,#196,#197,#198,#199,#200,#201,#202,#203,#204,#205,#206,#207,#208,#209,#210,#211,#212,#213,#214,#215,#216,#217,#218,#219,#220,#221,#222,#223,#224,#225,#226,#227,#228,#229,#230,#231,#232,#233,#234,#235,#236,#237,#238,#239,#240,#241,#242,#243,#244,#245,#246,#247,#248,#249,#250,#251,#252,#253,#254,#255,#256,#257,#258,#259,#260,#261,#262,#263,#264,#265,#266,#267,#268,#269,#270,#271,#272,#273,#274,#275,#276,#277,#278,#279,#280,#281,#282,#283,#284,#285,#286,#287,#288,#289,#290,#291,#292,#293,#294,#295,#296,#297,#298,#299,#300,#301,#302,#303,#304,#305,#306,#307,#308,#309,#310,#311,#312,#313,#314,#315,#316,#317,#318,#319,#320,#321,#322,#323,#324,#325,#326,#327,#328,#329,#330,#331,#332,#333,#334,#335,#336,#337,#338,#339,#340,#341,#342,#343,#344,#345,#346,#347,#348,#349,#350,#351,#352,#353,#354,#355,#356,#357,#358,#359,#360,#361,#362,#363,#364,#365,#366,#367,#368,#369,#370,#371,#372,#373,#374,#375,#376,#377,#378,#379,#380,#381,#382,#383,#384,#385,#386,#387,#388,#389,#390,#391,#392,#393,#394,#395,#396,#397,#398,#399,#400,#401,#402,#403,#404,#405,#406,#407,#408,#409,#410,#411,#412,#413,#414,#415,#416,#417,#418,#419,#420,#421,#422),$);
#425=IFCINDEXEDPOLYGONALFACE((17,18,19,20,21,22,23,24,1,2,3,4,5,6,7,8,9,10,11,12,13,14,15,16));
#426=IFCINDEXEDPOLYGONALFACE((32,33,34,35,36,37,38,39,40,41,42,43,44,45,46,47,48,25,26,27,28,29,30,31));
#427=IFCINDEXEDPOLYGONALFACE((71,2,105));
#428=IFCINDEXEDPOLYGONALFACE((71,101,60));
#429=IFCINDEXEDPOLYGONALFACE((13,107,49));
#430=IFCINDEXEDPOLYGONALFACE((42,65,76));
#431=IFCINDEXEDPOLYGONALFACE((85,59,68));
#432=IFCINDEXEDPOLYGONALFACE((68,78,115));
#433=IFCINDEXEDPOLYGONALFACE((41,75,65));
#434=IFCINDEXEDPOLYGONALFACE((78,68,5));
#435=IFCINDEXEDPOLYGONALFACE((95,7,6));
#436=IFCINDEXEDPOLYGONALFACE((86,123,125));
#437=IFCINDEXEDPOLYGONALFACE((98,12,11));
#438=IFCINDEXEDPOLYGONALFACE((68,59,95));
#439=IFCINDEXEDPOLYGONALFACE((9,104,70));
#440=IFCINDEXEDPOLYGONALFACE((62,69,73));
#441=IFCINDEXEDPOLYGONALFACE((6,5,68));
#442=IFCINDEXEDPOLYGONALFACE((9,70,10));
#443=IFCINDEXEDPOLYGONALFACE((104,69,62));
#444=IFCINDEXEDPOLYGONALFACE((89,82,128));
#445=IFCINDEXEDPOLYGONALFACE((62,87,70));
#446=IFCINDEXEDPOLYGONALFACE((66,38,107));
#447=IFCINDEXEDPOLYGONALFACE((99,76,65));
#448=IFCINDEXEDPOLYGONALFACE((13,12,107));
#449=IFCINDEXEDPOLYGONALFACE((93,98,11));
#450=IFCINDEXEDPOLYGONALFACE((72,106,48));
#451=IFCINDEXEDPOLYGONALFACE((11,10,93));
#452=IFCINDEXEDPOLYGONALFACE((102,4,3));
#453=IFCINDEXEDPOLYGONALFACE((124,81,122));
#454=IFCINDEXEDPOLYGONALFACE((84,67,58));
#455=IFCINDEXEDPOLYGONALFACE((45,77,46));
#456=IFCINDEXEDPOLYGONALFACE((8,7,69));
#457=IFCINDEXEDPOLYGONALFACE((67,44,94));
#458=IFCINDEXEDPOLYGONALFACE((45,44,67));
#459=IFCINDEXEDPOLYGONALFACE((126,79,116,118));
#460=IFCINDEXEDPOLYGONALFACE((64,72,88));
#461=IFCINDEXEDPOLYGONALFACE((8,104,9));
#462=IFCINDEXEDPOLYGONALFACE((67,77,45));
#463=IFCINDEXEDPOLYGONALFACE((52,64,88));
#464=IFCINDEXEDPOLYGONALFACE((48,47,72));
#465=IFCINDEXEDPOLYGONALFACE((63,71,105));
#466=IFCINDEXEDPOLYGONALFACE((96,87,54));
#467=IFCINDEXEDPOLYGONALFACE((41,40,75));
#468=IFCINDEXEDPOLYGONALFACE((38,66,39));
#469=IFCINDEXEDPOLYGONALFACE((38,37,107));
#470=IFCINDEXEDPOLYGONALFACE((66,57,92));
#471=IFCINDEXEDPOLYGONALFACE((71,3,2));
#472=IFCINDEXEDPOLYGONALFACE((49,107,37));
#473=IFCINDEXEDPOLYGONALFACE((46,103,47));
#474=IFCINDEXEDPOLYGONALFACE((41,65,42));
#475=IFCINDEXEDPOLYGONALFACE((74,73,109));
#476=IFCINDEXEDPOLYGONALFACE((54,73,74));
#477=IFCINDEXEDPOLYGONALFACE((84,56,114));
#478=IFCINDEXEDPOLYGONALFACE((40,39,92));
#479=IFCINDEXEDPOLYGONALFACE((76,43,42));
#480=IFCINDEXEDPOLYGONALFACE((124,101,81));
#481=IFCINDEXEDPOLYGONALFACE((5,4,78));
#482=IFCINDEXEDPOLYGONALFACE((43,94,44));
#483=IFCINDEXEDPOLYGONALFACE((68,115,85));
#484=IFCINDEXEDPOLYGONALFACE((77,56,61));
#485=IFCINDEXEDPOLYGONALFACE((95,69,7));
#486=IFCINDEXEDPOLYGONALFACE((62,73,108));
#487=IFCINDEXEDPOLYGONALFACE((62,108,87));
#488=IFCINDEXEDPOLYGONALFACE((93,70,57));
#489=IFCINDEXEDPOLYGONALFACE((101,63,50));
#490=IFCINDEXEDPOLYGONALFACE((102,71,60));
#491=IFCINDEXEDPOLYGONALFACE((103,72,47));
#492=IFCINDEXEDPOLYGONALFACE((72,61,88));
#493=IFCINDEXEDPOLYGONALFACE((69,59,73));
#494=IFCINDEXEDPOLYGONALFACE((109,73,59));
#495=IFCINDEXEDPOLYGONALFACE((53,111,74));
#496=IFCINDEXEDPOLYGONALFACE((100,76,99));
#497=IFCINDEXEDPOLYGONALFACE((92,75,40));
#498=IFCINDEXEDPOLYGONALFACE((97,87,96));
#499=IFCINDEXEDPOLYGONALFACE((96,99,65));
#500=IFCINDEXEDPOLYGONALFACE((76,100,94));
#501=IFCINDEXEDPOLYGONALFACE((114,77,67));
#502=IFCINDEXEDPOLYGONALFACE((103,77,61));
#503=IFCINDEXEDPOLYGONALFACE((102,78,4));
#504=IFCINDEXEDPOLYGONALFACE((55,78,60));
#505=IFCINDEXEDPOLYGONALFACE((116,117,118));
#506=IFCINDEXEDPOLYGONALFACE((51,117,116));
#507=IFCINDEXEDPOLYGONALFACE((121,83,120));
#508=IFCINDEXEDPOLYGONALFACE((81,118,122));
#509=IFCINDEXEDPOLYGONALFACE((52,88,91));
#510=IFCINDEXEDPOLYGONALFACE((112,121,84));
#511=IFCINDEXEDPOLYGONALFACE((86,113,110));
#512=IFCINDEXEDPOLYGONALFACE((125,119,120));
#513=IFCINDEXEDPOLYGONALFACE((111,84,58));
#514=IFCINDEXEDPOLYGONALFACE((84,111,112));
#515=IFCINDEXEDPOLYGONALFACE((86,85,55));
#516=IFCINDEXEDPOLYGONALFACE((109,110,53));
#517=IFCINDEXEDPOLYGONALFACE((124,123,55));
#518=IFCINDEXEDPOLYGONALFACE((113,83,112));
#519=IFCINDEXEDPOLYGONALFACE((99,96,54));
#520=IFCINDEXEDPOLYGONALFACE((70,87,97));
#521=IFCINDEXEDPOLYGONALFACE((90,61,56));
#522=IFCINDEXEDPOLYGONALFACE((90,91,88));
#523=IFCINDEXEDPOLYGONALFACE((88,61,90));
#524=IFCINDEXEDPOLYGONALFACE((121,90,56));
#525=IFCINDEXEDPOLYGONALFACE((128,82,119));
#526=IFCINDEXEDPOLYGONALFACE((82,91,90));
#527=IFCINDEXEDPOLYGONALFACE((91,89,129,52));
#528=IFCINDEXEDPOLYGONALFACE((66,92,39));
#529=IFCINDEXEDPOLYGONALFACE((92,57,97));
#530=IFCINDEXEDPOLYGONALFACE((70,93,10));
#531=IFCINDEXEDPOLYGONALFACE((98,57,66));
#532=IFCINDEXEDPOLYGONALFACE((76,94,43));
#533=IFCINDEXEDPOLYGONALFACE((67,94,58));
#534=IFCINDEXEDPOLYGONALFACE((68,95,6));
#535=IFCINDEXEDPOLYGONALFACE((69,95,59));
#536=IFCINDEXEDPOLYGONALFACE((65,75,96));
#537=IFCINDEXEDPOLYGONALFACE((75,92,97));
#538=IFCINDEXEDPOLYGONALFACE((75,97,96));
#539=IFCINDEXEDPOLYGONALFACE((70,97,57));
#540=IFCINDEXEDPOLYGONALFACE((57,98,93));
#541=IFCINDEXEDPOLYGONALFACE((98,66,107));
#542=IFCINDEXEDPOLYGONALFACE((54,74,99));
#543=IFCINDEXEDPOLYGONALFACE((74,111,100));
#544=IFCINDEXEDPOLYGONALFACE((74,100,99));
#545=IFCINDEXEDPOLYGONALFACE((94,100,58));
#546=IFCINDEXEDPOLYGONALFACE((63,101,71));
#547=IFCINDEXEDPOLYGONALFACE((81,101,50));
#548=IFCINDEXEDPOLYGONALFACE((71,102,3));
#549=IFCINDEXEDPOLYGONALFACE((78,102,60));
#550=IFCINDEXEDPOLYGONALFACE((77,103,46));
#551=IFCINDEXEDPOLYGONALFACE((72,103,61));
#552=IFCINDEXEDPOLYGONALFACE((69,104,8));
#553=IFCINDEXEDPOLYGONALFACE((70,104,62));
#554=IFCINDEXEDPOLYGONALFACE((2,1,105));
#555=IFCINDEXEDPOLYGONALFACE((106,72,64));
#556=IFCINDEXEDPOLYGONALFACE((106,25,48));
#557=IFCINDEXEDPOLYGONALFACE((98,107,12));
#558=IFCINDEXEDPOLYGONALFACE((73,54,108));
#559=IFCINDEXEDPOLYGONALFACE((87,108,54));
#560=IFCINDEXEDPOLYGONALFACE((110,59,85));
#561=IFCINDEXEDPOLYGONALFACE((74,109,53));
#562=IFCINDEXEDPOLYGONALFACE((59,110,109));
#563=IFCINDEXEDPOLYGONALFACE((86,110,85));
#564=IFCINDEXEDPOLYGONALFACE((111,53,112));
#565=IFCINDEXEDPOLYGONALFACE((100,111,58));
#566=IFCINDEXEDPOLYGONALFACE((113,112,53));
#567=IFCINDEXEDPOLYGONALFACE((121,112,83));
#568=IFCINDEXEDPOLYGONALFACE((110,113,53));
#569=IFCINDEXEDPOLYGONALFACE((86,83,113));
#570=IFCINDEXEDPOLYGONALFACE((84,114,67));
#571=IFCINDEXEDPOLYGONALFACE((56,77,114));
#572=IFCINDEXEDPOLYGONALFACE((78,55,115));
#573=IFCINDEXEDPOLYGONALFACE((85,115,55));
#574=IFCINDEXEDPOLYGONALFACE((80,118,117));
#575=IFCINDEXEDPOLYGONALFACE((51,127,89,128));
#576=IFCINDEXEDPOLYGONALFACE((119,80,117));
#577=IFCINDEXEDPOLYGONALFACE((122,118,80));
#578=IFCINDEXEDPOLYGONALFACE((81,50,126));
#579=IFCINDEXEDPOLYGONALFACE((117,128,119));
#580=IFCINDEXEDPOLYGONALFACE((120,119,82));
#581=IFCINDEXEDPOLYGONALFACE((82,90,121));
#582=IFCINDEXEDPOLYGONALFACE((125,120,83));
#583=IFCINDEXEDPOLYGONALFACE((82,121,120));
#584=IFCINDEXEDPOLYGONALFACE((84,121,56));
#585=IFCINDEXEDPOLYGONALFACE((123,122,80));
#586=IFCINDEXEDPOLYGONALFACE((122,123,124));
#587=IFCINDEXEDPOLYGONALFACE((125,123,80));
#588=IFCINDEXEDPOLYGONALFACE((55,123,86));
#589=IFCINDEXEDPOLYGONALFACE((55,60,124));
#590=IFCINDEXEDPOLYGONALFACE((101,124,60));
#591=IFCINDEXEDPOLYGONALFACE((119,125,80));
#592=IFCINDEXEDPOLYGONALFACE((86,125,83));
#593=IFCINDEXEDPOLYGONALFACE((126,118,81));
#594=IFCINDEXEDPOLYGONALFACE((82,89,91));
#595=IFCINDEXEDPOLYGONALFACE((51,128,117));
#596=IFCINDEXEDPOLYGONALFACE((32,177,33));
#597=IFCINDEXEDPOLYGONALFACE((22,176,23));
#598=IFCINDEXEDPOLYGONALFACE((17,140,18));
#599=IFCINDEXEDPOLYGONALFACE((19,18,151));
#600=IFCINDEXEDPOLYGONALFACE((141,134,165));
#601=IFCINDEXEDPOLYGONALFACE((129,89,127,188));
#602=IFCINDEXEDPOLYGONALFACE((15,165,16));
#603=IFCINDEXEDPOLYGONALFACE((50,63,162));
#604=IFCINDEXEDPOLYGONALFACE((15,14,141));
#605=IFCINDEXEDPOLYGONALFACE((169,161,131));
#606=IFCINDEXEDPOLYGONALFACE((158,133,185));
#607=IFCINDEXEDPOLYGONALFACE((131,148,149));
#608=IFCINDEXEDPOLYGONALFACE((63,146,162));
#609=IFCINDEXEDPOLYGONALFACE((32,31,144));
#610=IFCINDEXEDPOLYGONALFACE((24,23,146));
#611=IFCINDEXEDPOLYGONALFACE((171,36,35));
#612=IFCINDEXEDPOLYGONALFACE((152,21,142));
#613=IFCINDEXEDPOLYGONALFACE((146,105,24));
#614=IFCINDEXEDPOLYGONALFACE((20,142,21));
#615=IFCINDEXEDPOLYGONALFACE((149,148,180));
#616=IFCINDEXEDPOLYGONALFACE((64,147,106));
#617=IFCINDEXEDPOLYGONALFACE((21,152,22));
#618=IFCINDEXEDPOLYGONALFACE((20,19,167));
#619=IFCINDEXEDPOLYGONALFACE((142,20,167));
#620=IFCINDEXEDPOLYGONALFACE((194,174,155));
#621=IFCINDEXEDPOLYGONALFACE((139,161,145));
#622=IFCINDEXEDPOLYGONALFACE((13,49,178));
#623=IFCINDEXEDPOLYGONALFACE((143,186,159));
#624=IFCINDEXEDPOLYGONALFACE((37,36,178));
#625=IFCINDEXEDPOLYGONALFACE((14,13,178));
#626=IFCINDEXEDPOLYGONALFACE((147,26,106));
#627=IFCINDEXEDPOLYGONALFACE((171,35,166));
#628=IFCINDEXEDPOLYGONALFACE((34,33,145));
#629=IFCINDEXEDPOLYGONALFACE((160,193,195));
#630=IFCINDEXEDPOLYGONALFACE((177,144,139));
#631=IFCINDEXEDPOLYGONALFACE((143,136,168));
#632=IFCINDEXEDPOLYGONALFACE((150,140,17));
#633=IFCINDEXEDPOLYGONALFACE((35,34,166));
#634=IFCINDEXEDPOLYGONALFACE((18,140,151));
#635=IFCINDEXEDPOLYGONALFACE((139,144,148));
#636=IFCINDEXEDPOLYGONALFACE((29,153,143));
#637=IFCINDEXEDPOLYGONALFACE((175,28,27));
#638=IFCINDEXEDPOLYGONALFACE((136,143,159));
#639=IFCINDEXEDPOLYGONALFACE((194,155,192));
#640=IFCINDEXEDPOLYGONALFACE((33,177,145));
#641=IFCINDEXEDPOLYGONALFACE((31,30,168));
#642=IFCINDEXEDPOLYGONALFACE((17,16,150));
#643=IFCINDEXEDPOLYGONALFACE((147,27,26));
#644=IFCINDEXEDPOLYGONALFACE((147,174,137));
#645=IFCINDEXEDPOLYGONALFACE((172,151,140));
#646=IFCINDEXEDPOLYGONALFACE((26,25,106));
#647=IFCINDEXEDPOLYGONALFACE((143,153,186));
#648=IFCINDEXEDPOLYGONALFACE((30,29,143));
#649=IFCINDEXEDPOLYGONALFACE((79,156,196));
#650=IFCINDEXEDPOLYGONALFACE((152,133,138));
#651=IFCINDEXEDPOLYGONALFACE((141,14,178));
#652=IFCINDEXEDPOLYGONALFACE((29,28,153));
#653=IFCINDEXEDPOLYGONALFACE((158,142,135));
#654=IFCINDEXEDPOLYGONALFACE((168,144,31));
#655=IFCINDEXEDPOLYGONALFACE((179,148,131));
#656=IFCINDEXEDPOLYGONALFACE((139,179,161));
#657=IFCINDEXEDPOLYGONALFACE((166,145,134));
#658=IFCINDEXEDPOLYGONALFACE((176,146,23));
#659=IFCINDEXEDPOLYGONALFACE((146,138,162));
#660=IFCINDEXEDPOLYGONALFACE((174,64,52));
#661=IFCINDEXEDPOLYGONALFACE((175,147,137));
#662=IFCINDEXEDPOLYGONALFACE((144,136,148));
#663=IFCINDEXEDPOLYGONALFACE((180,148,136));
#664=IFCINDEXEDPOLYGONALFACE((130,182,149));
#665=IFCINDEXEDPOLYGONALFACE((173,151,172));
#666=IFCINDEXEDPOLYGONALFACE((165,150,16));
#667=IFCINDEXEDPOLYGONALFACE((170,161,169));
#668=IFCINDEXEDPOLYGONALFACE((169,172,140));
#669=IFCINDEXEDPOLYGONALFACE((151,173,167));
#670=IFCINDEXEDPOLYGONALFACE((185,152,142));
#671=IFCINDEXEDPOLYGONALFACE((176,152,138));
#672=IFCINDEXEDPOLYGONALFACE((175,153,28));
#673=IFCINDEXEDPOLYGONALFACE((132,153,137));
#674=IFCINDEXEDPOLYGONALFACE((127,187,188));
#675=IFCINDEXEDPOLYGONALFACE((127,51,187));
#676=IFCINDEXEDPOLYGONALFACE((191,157,190));
#677=IFCINDEXEDPOLYGONALFACE((155,188,192));
#678=IFCINDEXEDPOLYGONALFACE((50,162,164));
#679=IFCINDEXEDPOLYGONALFACE((183,191,158));
#680=IFCINDEXEDPOLYGONALFACE((160,184,181));
#681=IFCINDEXEDPOLYGONALFACE((195,189,190));
#682=IFCINDEXEDPOLYGONALFACE((182,158,135));
#683=IFCINDEXEDPOLYGONALFACE((158,182,183));
#684=IFCINDEXEDPOLYGONALFACE((160,159,132));
#685=IFCINDEXEDPOLYGONALFACE((180,181,130));
#686=IFCINDEXEDPOLYGONALFACE((194,193,132));
#687=IFCINDEXEDPOLYGONALFACE((184,157,183));
#688=IFCINDEXEDPOLYGONALFACE((172,169,131));
#689=IFCINDEXEDPOLYGONALFACE((145,161,170));
#690=IFCINDEXEDPOLYGONALFACE((163,138,133));
#691=IFCINDEXEDPOLYGONALFACE((163,164,162));
#692=IFCINDEXEDPOLYGONALFACE((162,138,163));
#693=IFCINDEXEDPOLYGONALFACE((191,163,133));
#694=IFCINDEXEDPOLYGONALFACE((196,156,189));
#695=IFCINDEXEDPOLYGONALFACE((156,164,163));
#696=IFCINDEXEDPOLYGONALFACE((164,79,126,50));
#697=IFCINDEXEDPOLYGONALFACE((141,165,15));
#698=IFCINDEXEDPOLYGONALFACE((165,134,170));
#699=IFCINDEXEDPOLYGONALFACE((145,166,34));
#700=IFCINDEXEDPOLYGONALFACE((171,134,141));
#701=IFCINDEXEDPOLYGONALFACE((151,167,19));
#702=IFCINDEXEDPOLYGONALFACE((142,167,135));
#703=IFCINDEXEDPOLYGONALFACE((143,168,30));
#704=IFCINDEXEDPOLYGONALFACE((144,168,136));
#705=IFCINDEXEDPOLYGONALFACE((140,150,169));
#706=IFCINDEXEDPOLYGONALFACE((150,165,170));
#707=IFCINDEXEDPOLYGONALFACE((150,170,169));
#708=IFCINDEXEDPOLYGONALFACE((145,170,134));
#709=IFCINDEXEDPOLYGONALFACE((134,171,166));
#710=IFCINDEXEDPOLYGONALFACE((171,141,178));
#711=IFCINDEXEDPOLYGONALFACE((131,149,172));
#712=IFCINDEXEDPOLYGONALFACE((149,182,173));
#713=IFCINDEXEDPOLYGONALFACE((149,173,172));
#714=IFCINDEXEDPOLYGONALFACE((167,173,135));
#715=IFCINDEXEDPOLYGONALFACE((64,174,147));
#716=IFCINDEXEDPOLYGONALFACE((155,174,52));
#717=IFCINDEXEDPOLYGONALFACE((147,175,27));
#718=IFCINDEXEDPOLYGONALFACE((153,175,137));
#719=IFCINDEXEDPOLYGONALFACE((152,176,22));
#720=IFCINDEXEDPOLYGONALFACE((146,176,138));
#721=IFCINDEXEDPOLYGONALFACE((144,177,32));
#722=IFCINDEXEDPOLYGONALFACE((145,177,139));
#723=IFCINDEXEDPOLYGONALFACE((105,146,63));
#724=IFCINDEXEDPOLYGONALFACE((105,1,24));
#725=IFCINDEXEDPOLYGONALFACE((37,178,49));
#726=IFCINDEXEDPOLYGONALFACE((171,178,36));
#727=IFCINDEXEDPOLYGONALFACE((161,179,131));
#728=IFCINDEXEDPOLYGONALFACE((139,148,179));
#729=IFCINDEXEDPOLYGONALFACE((181,136,159));
#730=IFCINDEXEDPOLYGONALFACE((149,180,130));
#731=IFCINDEXEDPOLYGONALFACE((136,181,180));
#732=IFCINDEXEDPOLYGONALFACE((160,181,159));
#733=IFCINDEXEDPOLYGONALFACE((182,130,183));
#734=IFCINDEXEDPOLYGONALFACE((173,182,135));
#735=IFCINDEXEDPOLYGONALFACE((184,183,130));
#736=IFCINDEXEDPOLYGONALFACE((191,183,157));
#737=IFCINDEXEDPOLYGONALFACE((181,184,130));
#738=IFCINDEXEDPOLYGONALFACE((160,157,184));
#739=IFCINDEXEDPOLYGONALFACE((158,185,142));
#740=IFCINDEXEDPOLYGONALFACE((133,152,185));
#741=IFCINDEXEDPOLYGONALFACE((153,132,186));
#742=IFCINDEXEDPOLYGONALFACE((159,186,132));
#743=IFCINDEXEDPOLYGONALFACE((187,189,154));
#744=IFCINDEXEDPOLYGONALFACE((116,79,196,51));
#745=IFCINDEXEDPOLYGONALFACE((187,154,188));
#746=IFCINDEXEDPOLYGONALFACE((192,188,154));
#747=IFCINDEXEDPOLYGONALFACE((155,52,129));
#748=IFCINDEXEDPOLYGONALFACE((187,196,189));
#749=IFCINDEXEDPOLYGONALFACE((190,189,156));
#750=IFCINDEXEDPOLYGONALFACE((156,163,191));
#751=IFCINDEXEDPOLYGONALFACE((195,190,157));
#752=IFCINDEXEDPOLYGONALFACE((156,191,190));
#753=IFCINDEXEDPOLYGONALFACE((158,191,133));
#754=IFCINDEXEDPOLYGONALFACE((193,192,154));
#755=IFCINDEXEDPOLYGONALFACE((192,193,194));
#756=IFCINDEXEDPOLYGONALFACE((195,193,154));
#757=IFCINDEXEDPOLYGONALFACE((132,193,160));
#758=IFCINDEXEDPOLYGONALFACE((132,137,194));
#759=IFCINDEXEDPOLYGONALFACE((174,194,137));
#760=IFCINDEXEDPOLYGONALFACE((189,195,154));
#761=IFCINDEXEDPOLYGONALFACE((160,195,157));
#762=IFCINDEXEDPOLYGONALFACE((129,188,155));
#763=IFCINDEXEDPOLYGONALFACE((156,79,164));
#764=IFCINDEXEDPOLYGONALFACE((51,196,187));
#765=IFCCARTESIANPOINTLIST3D(((-33.337499999991202,-26.9875000000035,-1.9550222635292364E-012),(-33.337499999991202,-26.067923236979752,6.9848789797023203),(-33.337499999991202,-23.371860584636092,13.493749999998043),(-33.337499999991202,-19.083044257275521,19.083044257270014),(-33.337499999991202,-13.49375000000359,23.371860584630614),(-33.337499999991202,-6.9848789797078927,26.06792323697433),(-33.337499999991209,-3.6250669133153225E-012,26.987499999998132),(-33.337499999991209,6.984878979700655,26.067923236974394),(-33.337499999991209,13.493749999996382,23.371860584630742),(-33.337499999991216,19.083044257268348,19.083044257270192),(-33.337499999991216,23.371860584628966,13.493749999998272),(-33.337499999991216,26.067923236972689,6.9848789797025734),(-33.337499999991216,26.987499999996505,-1.8678232451242375E-012),(-33.337499999991216,26.067923236972739,-6.9848789797061404),(-33.337499999991216,23.371860584629047,-13.493750000001857),(-33.337499999991216,19.083044257268469,-19.083044257273809),(-33.337499999991209,13.493749999996526,-23.371860584634394),(-33.337499999991209,6.9848789797008157,-26.067923236978093),(-33.337499999991209,-3.4600988740862707E-012,-26.987500000001873),(-33.337499999991202,-6.984878979707732,-26.067923236978114),(-33.337499999991202,-13.493750000003455,-23.371860584634437),(-33.337499999991202,-19.083044257275411,-19.083044257273865),(-33.337499999991202,-23.371860584636,-13.493750000001928),(-33.337499999991202,-26.067923236979716,-6.984878979706223),(26.987500000008787,33.337499999996403,-1.9430374059784078E-012),(26.067923236985003,33.337499999996403,-6.984878979706223),(23.371860584641286,33.33749999999641,-13.493750000001928),(19.083044257280697,33.337499999996417,-19.083044257273865),(13.493750000008742,33.337499999996425,-23.371860584634437),(6.9848789797130193,33.337499999996439,-26.067923236978114),(8.7475360288635787E-012,33.337499999996446,-26.987500000001873),(-6.9848789796955284,33.33749999999646,-26.067923236978093),(-13.493749999991239,33.337499999996467,-23.371860584634394),(-19.083044257263182,33.337499999996474,-19.083044257273809),(-23.371860584623761,33.337499999996488,-13.493750000001857),(-26.067923236967449,33.337499999996488,-6.9848789797061404),(-26.987499999991218,33.337499999996488,-1.7173949234158969E-012),(-26.067923236967403,33.337499999996488,6.9848789797025734),(-23.371860584623676,33.337499999996488,13.493749999998272),(-19.083044257263058,33.337499999996474,19.083044257270192),(-13.493749999991095,33.337499999996467,23.371860584630742),(-6.9848789796953676,33.33749999999646,26.067923236974394),(8.9125040680926301E-012,33.337499999996446,26.987499999998132),(6.9848789797131801,33.337499999996439,26.06792323697433),(13.493750000008879,33.337499999996425,23.371860584630614),(19.083044257280807,33.337499999996417,19.083044257270014),(23.371860584641379,33.33749999999641,13.493749999998043),(26.067923236985038,33.337499999996403,6.9848789797023203),(-28.847371939456643,28.847371939461922,-1.6934252083142398E-012),(-10.252121942567181,-22.395532798746881,-1.9550222635292364E-012),(9.3187165750872385,-9.3187165750820107,-1.9550222635292364E-012),(22.395532798752136,10.252121942572396,-1.9550222635292364E-012),(-1.1177203315483404,1.1177177083917642,24.05821010663195),(-11.651932382806393,14.065360149132793,26.638556309288429),(-9.3836024429666303,-15.331296298507137,17.065523158633422),(15.331293851611242,9.3835974695879649,17.065523157634967),(-22.751359269786416,22.751358980257383,19.773699321461795),(4.4193112612245535,16.797046694495979,25.810405044860676),(-16.797048226029872,-4.4193123468457314,25.810404928843429),(-19.294808515093006,-21.649175565004455,13.42051434088815),(21.64917603818466,19.294807366129291,13.42051304503188),(-22.3190620117919,9.4292024975074149,26.060542499139689),(-20.18790317370339,-24.371882565198554,-1.9550222635292364E-012),(24.371882388543618,20.187902285577763,-1.9550222635292364E-012),(-9.2758093978663076,24.015911335082585,25.91475670650545),(-25.924158637163909,27.119823498445822,12.978420166237134),(11.551498777821395,22.004864589358604,23.672044761560436),(-22.004865358133642,-11.551499830812762,23.672044305630788),(-24.223697318566966,2.2120584927852609,26.972315085528805),(-26.041248109769381,15.721277768944665,22.9061133071678),(-23.393866140705377,-24.977231669725295,7.8554286652706553),(24.977231838603974,23.393866139859416,7.855428117650896),(-14.325133308794319,5.2951249642720226,26.982049631948577),(-4.3196264990299671,9.3250767442949574,26.638319330037124),(-15.698063024970033,26.348440073391526,22.847383356990203),(-2.2165862767384823,24.609433780025988,26.96837495151307),(17.386247257445273,23.420326530080132,19.792081142734258),(-23.420326269135629,-17.386247718180798,19.79208067716587),(-0.46670268373997092,-15.857124686914446,-1.9550222635292364E-012),(3.1305228500573872,-12.211112386927622,10.136843940563619),(-7.0205246544641939,-19.493212271231208,8.2825586010577723),(13.792967902820351,-1.7404033432135133,9.0803682422722627),(6.751899575625508,-2.5589593531785138,17.581977656121005),(9.5172409712516259,10.629661727438286,22.325932840145786),(-10.629664139115853,-9.5172430185802686,22.3259323784307),(-1.6045368061593017,-9.0119261704909821,18.570873055405155),(-18.64023614935461,15.57803426318298,24.95074472313059),(22.795341762743032,13.909864135302891,7.0060594706710102),(15.857124686919686,0.46670268374519491,-1.9550222635292364E-012),(19.337468444950463,9.8724358548778799,11.683063463885405),(19.50004455033212,5.390190650999747,5.4285217875086618),(-21.069332210507895,28.391872481246878,17.997602313321146),(-28.391872655409909,21.069332258453901,17.997602190875906),(4.7763558031960356,25.881734176769257,26.421371760292068),(-25.881734772010056,-4.7763562077952102,26.421371701435724),(-13.821074970469033,19.85606271860107,25.215659768481501),(-18.70856333267664,20.853167711878019,23.007737922179391),(-28.958663090716019,24.145602082886068,13.861095016281649),(-5.7229284279153623,17.969819051962059,26.931683935542534),(-0.50909491276830576,17.975270962167098,26.830419687083054),(-14.739767603612021,-22.946382884553799,7.4479913281137362),(-27.323833772337736,-21.978926752764853,15.192720886736295),(21.978927007806245,27.323833392674615,15.192720454261584),(-28.770694570467079,9.395666951142017,25.455288360844069),(-26.762701586847289,-25.679691282601031,-1.9550222635292364E-012),(25.679691194276202,26.762701142787083,-1.955022263529236E-012),(-28.186815282680033,28.302206499183828,6.7316394540616722),(-16.236790126706964,10.053517563876602,26.618350595237377),(-9.1753501278955092,0.54554232651442103,25.954609967122167),(-6.7700485688439009,-4.1178600523172513,23.87429560782013),(1.9282675556395703,8.675291202459638,25.18549104272093),(5.0205659004313459,4.4460622276905033,22.643051178847227),(2.2255574103305515,-2.0397338026386946,21.100791892196128),(14.59873681331937,16.268612962028094,20.504361881031155),(-16.268614763102821,-14.598738632022631,20.504360931837649),(4.4260069456736337,-12.587920630998228,-1.9550222635292364E-012),(6.7130319833476264,-11.105147421245766,5.1638314272581036),(0.7150328954253744,-15.737948336848833,5.6238576389445694),(8.8266951044777908,-7.2944408237311613,9.6107147987628743),(10.499376257946373,-2.6507340846129406,13.480408215977699),(11.663626669789545,2.8606941191284405,16.935003870484412),(-2.3430051877843225,-16.091455130785846,10.151895607521086),(-1.30474745924988,-12.723900190512005,14.490503919705201),(-8.2901354515055772,-17.89630570123893,12.924856308728208),(4.769491750522227,-8.0178206947486483,14.283465113329484),(-5.3594123131535758,-19.126328742830662,-1.955022263529236E-012),(12.587920631003465,-4.4260069456684086,-1.9550222635292364E-012),(11.776078788755623,-5.9953331299489623,5.0285761103377515),(19.126328742835909,5.3594123131587947,-1.9550222635292364E-012),(-1.1177183233657249,1.1177170269861769,-24.058209139987774),(-14.06536016660295,11.651930907296219,-26.638556486507262),(15.331295715710969,9.3836020542563361,-17.065523588942426),(-9.3836016929182602,-15.331296214473477,-17.065522845235193),(-22.751359687920825,22.751358614806733,-19.773699286863749),(-16.797047388650689,-4.4193129646089631,-25.810404653387884),(4.419311708160893,16.797045705988729,-25.810404798674657),(21.649175330522173,19.294808155575662,-13.42051458206195),(-19.294808149715475,-21.64917551503439,-13.420514267628191),(-9.429203787237098,22.319059481053603,-26.060542468984952),(-24.015911434761648,9.2758088042285429,-25.914756856957055),(-27.119823683548645,25.924158689339112,-12.978419876492731),(-22.004864904094909,-11.551500085046099,-23.672044109835447),(11.551499679492064,22.004863937656076,-23.672044195601412),(-2.2120582195587053,24.223694706396664,-26.972315118967082),(-15.721277308905641,26.041248992649386,-22.906113361485748),(-23.393865761087284,-24.977231614721219,-7.8554286337584598),(24.977231505259063,23.393865226719655,-7.8554286932057433),(-5.2951258083219521,14.325132087709175,-26.982049632221369),(-9.325075763569858,4.3196251657082119,-26.638319061606417),(-26.348440528631137,15.698062773585431,-22.847383398500277),(-24.609434291588997,2.2165855579727145,-26.96837497238176),(-23.420325881837709,-17.386247796054484,-19.792080537437002),(17.386247577229057,23.420325214636843,-19.792080617842785),(12.211111486084382,-3.13052377702892,-10.136844246188767),(19.493211931516441,7.0205239159471828,-8.2825585228794072),(1.7404012477927191,-13.792969373317408,-9.0803684422441044),(2.5589564890692813,-6.7519030036894154,-17.581976906985656),(-10.629663254750724,-9.5172433813837252,-22.325931879528778),(9.5172419746121886,10.629661868665348,-22.325932282966669),(9.0119247125280708,1.6045340735543119,-18.570872557878019),(-15.57803711120345,18.64023504538202,-24.950744108817737),(-13.909863549469231,-22.795341204329393,-7.0060607209229486),(-9.8724400360268358,-19.337469039769353,-11.683065875277626),(-5.3901900045483027,-19.500043629139803,-5.4285242810889587),(-28.391872874146703,21.069332175161616,-17.997602185815737),(-21.069332141566921,28.391872186070501,-17.997602508087219),(-25.881734437510818,-4.7763565482354977,-26.42137161854108),(4.7763562929696901,25.88173337981047,-26.421371628419369),(-19.85606253839121,13.821073057660815,-25.215660407820998),(-20.853171013349854,18.708560880678956,-23.007737751743736),(-24.145601990477495,28.958662738196381,-13.86109540892315),(-17.969819113815092,5.7229268992472448,-26.93168401965184),(-17.975271899171961,0.50909323800586392,-26.830419565742822),(22.946382449652077,14.739767303704912,-7.4479924385957261),(21.978926677139203,27.323833740348491,-15.192720992048878),(-27.323833657101048,-21.978926758023594,-15.192720860780012),(-9.3956678388273502,28.770691205178739,-25.45528827583178),(-28.302206713008101,28.186815161771285,-6.7316392094174509),(-10.053518601525234,16.236788370804497,-26.618350629178291),(-0.5455442038239614,9.1753466202986029,-25.954609804914249),(4.1178586843519378,6.7700464648492353,-23.874295554336353),(-8.6752921394159461,-1.9282695989271859,-25.18549060479771),(-4.4460644824935827,-5.0205685825260993,-22.643050669259274),(2.0397315431121368,-2.2255614707367295,-21.100790867493338),(-16.268614154416213,-14.598738747839135,-20.504360663741),(14.598738123722981,16.268613859296735,-20.504361082179166),(11.10514693302342,-6.7130324637761287,-5.1638316378894338),(15.737948382450297,-0.71503269562838601,-5.6238579976967689),(7.2944392951361001,-8.8266964806315631,-9.6107149818376367),(2.6507316707668398,-10.499378541572055,-13.48040781121051),(-2.8606973265123945,-11.663629903925022,-16.935002779493487),(16.091454539561052,2.3430044443959237,-10.151895868548996),(12.723899304837078,1.3047461432377565,-14.490503881623045),(17.896305566579574,8.2901355189163795,-12.924856584755027),(8.0178190648578216,-4.7694934273193299,-14.283465213306519),(5.9953320825785728,-11.776079639151247,-5.0285763598002076)));
#766=IFCPOLYGONALFACESET(#765,.T.,(#425,#426,#427,#428,#429,#430,#431,#432,#433,#434,#435,#436,#437,#438,#439,#440,#441,#442,#443,#444,#445,#446,#447,#448,#449,#450,#451,#452,#453,#454,#455,#456,#457,#458,#459,#460,#461,#462,#463,#464,#465,#466,#467,#468,#469,#470,#471,#472,#473,#474,#475,#476,#477,#478,#479,#480,#481,#482,#483,#484,#485,#486,#487,#488,#489,#490,#491,#492,#493,#494,#495,#496,#497,#498,#499,#500,#501,#502,#503,#504,#505,#506,#507,#508,#509,#510,#511,#512,#513,#514,#515,#516,#517,#518,#519,#520,#521,#522,#523,#524,#525,#526,#527,#528,#529,#530,#531,#532,#533,#534,#535,#536,#537,#538,#539,#540,#541,#542,#543,#544,#545,#546,#547,#548,#549,#550,#551,#552,#553,#554,#555,#556,#557,#558,#559,#560,#561,#562,#563,#564,#565,#566,#567,#568,#569,#570,#571,#572,#573,#574,#575,#576,#577,#578,#579,#580,#581,#582,#583,#584,#585,#586,#587,#588,#589,#590,#591,#592,#593,#594,#595,#596,#597,#598,#599,#600,#601,#602,#603,#604,#605,#606,#607,#608,#609,#610,#611,#612,#613,#614,#615,#616,#617,#618,#619,#620,#621,#622,#623,#624,#625,#626,#627,#628,#629,#630,#631,#632,#633,#634,#635,#636,#637,#638,#639,#640,#641,#642,#643,#644,#645,#646,#647,#648,#649,#650,#651,#652,#653,#654,#655,#656,#657,#658,#659,#660,#661,#662,#663,#664,#665,#666,#667,#668,#669,#670,#671,#672,#673,#674,#675,#676,#677,#678,#679,#680,#681,#682,#683,#684,#685,#686,#687,#688,#689,#690,#691,#692,#693,#694,#695,#696,#697,#698,#699,#700,#701,#702,#703,#704,#705,#706,#707,#708,#709,#710,#711,#712,#713,#714,#715,#716,#717,#718,#719,#720,#721,#722,#723,#724,#725,#726,#727,#728,#729,#730,#731,#732,#733,#734,#735,#736,#737,#738,#739,#740,#741,#742,#743,#744,#745,#746,#747,#748,#749,#750,#751,#752,#753,#754,#755,#756,#757,#758,#759,#760,#761,#762,#763,#764),$);
#767=IFCSHAPEREPRESENTATION(#15,'Body','Tessellation',(#766));
#768=IFCAXIS2PLACEMENT3D(#10,$,$);
#769=IFCREPRESENTATIONMAP(#768,#767);
#770=IFCPIPEFITTINGTYPE('3NXxKOaPjBK8ngCnkuN_vE',#6,'M_Elbow - Generic:Standard',$,$,$,(#769),'1227695',$,.NOTDEFINED.);
#771=IFCMATERIAL('<Unnamed>',$,$);
#772=IFCCARTESIANTRANSFORMATIONOPERATOR3D($,$,#10,1.,$);
#773=IFCMAPPEDITEM(#769,#772);
#774=IFCSHAPEREPRESENTATION(#15,'Body','MappedRepresentation',(#773));
#775=IFCPRODUCTDEFINITIONSHAPE($,$,(#774));
#776=IFCCARTESIANPOINT((6000.,0.,3000.));
#777=IFCAXIS2PLACEMENT3D(#776,$,$);
#778=IFCLOCALPLACEMENT(#24,#777);
#779=IFCPIPEFITTING('3NXxKOaPjBK8ngCnkuN_vm',#6,'M_Elbow - Generic:Standard:1674142',$,$,#778,#775,'1674142',.NOTDEFINED.);
#780=IFCPROPERTYSET('1P22JH5DeR05sLB2C3jiPA',#6,'Pset_EnvironmentalImpactIndicators',$,(#56));
#781=IFCPROPERTYSET('1qCyMefoakVZCzyqaF_Fk7',#6,'Pset_PipeFittingTypeCommon',$,(#56));
#782=IFCRELDEFINESBYPROPERTIES('1RoTs6yMypcgkuBUWFHqkO',#6,$,$,(#779),#780);
#783=IFCRELDEFINESBYPROPERTIES('3iANUhBxG9A4NNrO7IU$$I',#6,$,$,(#779),#781);
#784=IFCAXIS2PLACEMENT3D(#10,$,$);
#785=IFCLOCALPLACEMENT(#24,#784);
#786=IFCCARTESIANPOINT((6.2500747071604623E-014,5.4143356464919636E-013));
#787=IFCAXIS2PLACEMENT2D(#786,#39);
#788=IFCCIRCLEPROFILEDEF(.AREA.,'Standard',#787,25.399999999999999);
#789=IFCCARTESIANPOINT((-0.,0.,3000.));
#790=IFCAXIS2PLACEMENT3D(#789,#43,#44);
#791=IFCEXTRUDEDAREASOLID(#788,#790,#46,2960.3125000000082);
#792=IFCSHAPEREPRESENTATION(#15,'Body','SweptSolid',(#791));
#793=IFCPRODUCTDEFINITIONSHAPE($,$,(#792));
#794=IFCPIPESEGMENT('3NXxKOaPjBK8ngCnkuN_vF',#6,'Pipe Types:Standard:1674145',$,$,#785,#793,'1674145',.NOTDEFINED.);
#795=IFCPROPERTYSET('1gvysy9V_cRnbOFXYXCzv$',#6,'Pset_EnvironmentalImpactIndicators',$,(#56));
#796=IFCPROPERTYSINGLEVALUE('InvertElevation',$,IFCLENGTHMEASURE(2976.2299999999996),$);
#797=IFCPROPERTYSET('1LaR$CAfVu1WgcLBrzNpdi',#6,'Pset_PipeSegmentOccurrence',$,(#796));
#798=IFCPROPERTYSET('1eekj_s_VkGUPncN_BOS7s',#6,'Pset_PipeSegmentTypeCommon',$,(#56));
#799=IFCRELDEFINESBYPROPERTIES('131cCwzjPugXbx6D_m0b4Y',#6,$,$,(#794),#795);
#800=IFCRELDEFINESBYPROPERTIES('05pII9lL1ldkfTGMvSmqRv',#6,$,$,(#794),#797);
#801=IFCRELDEFINESBYPROPERTIES('1GF0w_eXeRR_K2E2fcG6Is',#6,$,$,(#794),#798);
#802=IFCAXIS2PLACEMENT3D(#10,$,$);
#803=IFCLOCALPLACEMENT(#24,#802);
#804=IFCCARTESIANPOINT((0.,0.));
#805=IFCAXIS2PLACEMENT2D(#804,#39);
#806=IFCCIRCLEPROFILEDEF(.AREA.,'Standard',#805,25.399999999999999);
#807=IFCCARTESIANPOINT((3000.,39.687500000006665,3000.));
#808=IFCAXIS2PLACEMENT3D(#807,#70,#43);
#809=IFCEXTRUDEDAREASOLID(#806,#808,#46,2960.3124999999932);
#810=IFCSHAPEREPRESENTATION(#15,'Body','SweptSolid',(#809));
#811=IFCPRODUCTDEFINITIONSHAPE($,$,(#810));
#812=IFCPIPESEGMENT('3NXxKOaPjBK8ngCnkuN_vD',#6,'Pipe Types:Standard:1674147',$,$,#803,#811,'1674147',.NOTDEFINED.);
#813=IFCPROPERTYSET('1uvuj1hOk0Rn32eUbSBv$T',#6,'Pset_EnvironmentalImpactIndicators',$,(#56));
#814=IFCPROPERTYSINGLEVALUE('InvertElevation',$,IFCLENGTHMEASURE(2976.2299999999996),$);
#815=IFCPROPERTYSET('1Jq8Z0$JDDX57KKtfrCqSq',#6,'Pset_PipeSegmentOccurrence',$,(#814));
#816=IFCPROPERTYSET('3qZM_SyZaRmodxV0$R6PkF',#6,'Pset_PipeSegmentTypeCommon',$,(#56));
#817=IFCRELDEFINESBYPROPERTIES('2BWwGqCVPBQUF$UqLs9qvR',#6,$,$,(#812),#813);
#818=IFCRELDEFINESBYPROPERTIES('35sAQauu6EI4vc2CinQA0U',#6,$,$,(#812),#815);
#819=IFCRELDEFINESBYPROPERTIES('2HDD2m0OA4MuWRU7UC6Uc0',#6,$,$,(#812),#816);
#820=IFCINDEXEDPOLYGONALFACE((17,18,19,20,82,21,81,22,23,24,1,2,3,4,65,5,64,6,7,8,9,10,11,12,13,14,15,16));
#821=IFCINDEXEDPOLYGONALFACE((31,32,33,34,35,36,37,38,39,40,41,42,43,44,67,45,66,46,47,48,25,26,27,28,84,29,83,30));
#822=IFCINDEXEDPOLYGONALFACE((48,47,62));
#823=IFCINDEXEDPOLYGONALFACE((25,48,63));
#824=IFCINDEXEDPOLYGONALFACE((49,2,1));
#825=IFCINDEXEDPOLYGONALFACE((63,48,62));
#826=IFCINDEXEDPOLYGONALFACE((47,61,62));
#827=IFCINDEXEDPOLYGONALFACE((66,45,59));
#828=IFCINDEXEDPOLYGONALFACE((61,47,60));
#829=IFCINDEXEDPOLYGONALFACE((60,46,66));
#830=IFCINDEXEDPOLYGONALFACE((60,47,46));
#831=IFCINDEXEDPOLYGONALFACE((49,50,2));
#832=IFCINDEXEDPOLYGONALFACE((2,50,3));
#833=IFCINDEXEDPOLYGONALFACE((50,51,3));
#834=IFCINDEXEDPOLYGONALFACE((53,65,52));
#835=IFCINDEXEDPOLYGONALFACE((4,3,52));
#836=IFCINDEXEDPOLYGONALFACE((52,65,4));
#837=IFCINDEXEDPOLYGONALFACE((52,3,51));
#838=IFCINDEXEDPOLYGONALFACE((5,53,54));
#839=IFCINDEXEDPOLYGONALFACE((59,45,58));
#840=IFCINDEXEDPOLYGONALFACE((57,43,56));
#841=IFCINDEXEDPOLYGONALFACE((55,56,7));
#842=IFCINDEXEDPOLYGONALFACE((58,44,57));
#843=IFCINDEXEDPOLYGONALFACE((44,58,45,67));
#844=IFCINDEXEDPOLYGONALFACE((57,44,43));
#845=IFCINDEXEDPOLYGONALFACE((53,5,65));
#846=IFCINDEXEDPOLYGONALFACE((56,43,42,8,7));
#847=IFCINDEXEDPOLYGONALFACE((39,38,12,11));
#848=IFCINDEXEDPOLYGONALFACE((10,9,41,40));
#849=IFCINDEXEDPOLYGONALFACE((11,10,40,39));
#850=IFCINDEXEDPOLYGONALFACE((42,41,9,8));
#851=IFCINDEXEDPOLYGONALFACE((13,12,38,37));
#852=IFCINDEXEDPOLYGONALFACE((60,66,59));
#853=IFCINDEXEDPOLYGONALFACE((55,6,54));
#854=IFCINDEXEDPOLYGONALFACE((6,55,7));
#855=IFCINDEXEDPOLYGONALFACE((54,6,64,5));
#856=IFCINDEXEDPOLYGONALFACE((15,35,34,16));
#857=IFCINDEXEDPOLYGONALFACE((13,37,36,14));
#858=IFCINDEXEDPOLYGONALFACE((34,33,17,16));
#859=IFCINDEXEDPOLYGONALFACE((35,15,14,36));
#860=IFCINDEXEDPOLYGONALFACE((31,30,73));
#861=IFCINDEXEDPOLYGONALFACE((31,74,19,18,32));
#862=IFCINDEXEDPOLYGONALFACE((74,31,73));
#863=IFCINDEXEDPOLYGONALFACE((19,74,75));
#864=IFCINDEXEDPOLYGONALFACE((78,81,77));
#865=IFCINDEXEDPOLYGONALFACE((33,32,18,17));
#866=IFCINDEXEDPOLYGONALFACE((72,30,83,29));
#867=IFCINDEXEDPOLYGONALFACE((75,76,20));
#868=IFCINDEXEDPOLYGONALFACE((76,21,82,20));
#869=IFCINDEXEDPOLYGONALFACE((19,75,20));
#870=IFCINDEXEDPOLYGONALFACE((73,30,72));
#871=IFCINDEXEDPOLYGONALFACE((28,70,84));
#872=IFCINDEXEDPOLYGONALFACE((71,84,70));
#873=IFCINDEXEDPOLYGONALFACE((27,69,70));
#874=IFCINDEXEDPOLYGONALFACE((70,28,27));
#875=IFCINDEXEDPOLYGONALFACE((29,71,72));
#876=IFCINDEXEDPOLYGONALFACE((26,25,63));
#877=IFCINDEXEDPOLYGONALFACE((24,49,1));
#878=IFCINDEXEDPOLYGONALFACE((26,68,27));
#879=IFCINDEXEDPOLYGONALFACE((68,26,63));
#880=IFCINDEXEDPOLYGONALFACE((27,68,69));
#881=IFCINDEXEDPOLYGONALFACE((77,21,76));
#882=IFCINDEXEDPOLYGONALFACE((77,81,21));
#883=IFCINDEXEDPOLYGONALFACE((81,78,22));
#884=IFCINDEXEDPOLYGONALFACE((22,78,23));
#885=IFCINDEXEDPOLYGONALFACE((71,29,84));
#886=IFCINDEXEDPOLYGONALFACE((80,49,24));
#887=IFCINDEXEDPOLYGONALFACE((79,80,23));
#888=IFCINDEXEDPOLYGONALFACE((80,24,23));
#889=IFCINDEXEDPOLYGONALFACE((79,23,78));
#890=IFCINDEXEDPOLYGONALFACE((92,93,94,95,96,97,98,99,100,101,102,103,104,105,106,107,108,85,86,87,88,89,90,91));
#891=IFCINDEXEDPOLYGONALFACE((85,108,49));
#892=IFCINDEXEDPOLYGONALFACE((50,49,108));
#893=IFCINDEXEDPOLYGONALFACE((106,105,53));
#894=IFCINDEXEDPOLYGONALFACE((50,108,107));
#895=IFCINDEXEDPOLYGONALFACE((106,52,107));
#896=IFCINDEXEDPOLYGONALFACE((54,105,104));
#897=IFCINDEXEDPOLYGONALFACE((51,50,107));
#898=IFCINDEXEDPOLYGONALFACE((52,51,107));
#899=IFCINDEXEDPOLYGONALFACE((54,53,105));
#900=IFCINDEXEDPOLYGONALFACE((103,56,55));
#901=IFCINDEXEDPOLYGONALFACE((54,104,55));
#902=IFCINDEXEDPOLYGONALFACE((52,106,53));
#903=IFCINDEXEDPOLYGONALFACE((55,104,103));
#904=IFCINDEXEDPOLYGONALFACE((57,103,102));
#905=IFCINDEXEDPOLYGONALFACE((101,58,102));
#906=IFCINDEXEDPOLYGONALFACE((99,98,62));
#907=IFCINDEXEDPOLYGONALFACE((60,100,99));
#908=IFCINDEXEDPOLYGONALFACE((59,101,100));
#909=IFCINDEXEDPOLYGONALFACE((63,98,97));
#910=IFCINDEXEDPOLYGONALFACE((58,57,102));
#911=IFCINDEXEDPOLYGONALFACE((59,58,101));
#912=IFCINDEXEDPOLYGONALFACE((63,62,98));
#913=IFCINDEXEDPOLYGONALFACE((61,60,99));
#914=IFCINDEXEDPOLYGONALFACE((62,61,99));
#915=IFCINDEXEDPOLYGONALFACE((59,100,60));
#916=IFCINDEXEDPOLYGONALFACE((103,57,56));
#917=IFCINDEXEDPOLYGONALFACE((97,96,63));
#918=IFCINDEXEDPOLYGONALFACE((68,63,96));
#919=IFCINDEXEDPOLYGONALFACE((70,95,94));
#920=IFCINDEXEDPOLYGONALFACE((71,94,93));
#921=IFCINDEXEDPOLYGONALFACE((96,95,68));
#922=IFCINDEXEDPOLYGONALFACE((72,93,92));
#923=IFCINDEXEDPOLYGONALFACE((69,68,95));
#924=IFCINDEXEDPOLYGONALFACE((70,69,95));
#925=IFCINDEXEDPOLYGONALFACE((72,71,93));
#926=IFCINDEXEDPOLYGONALFACE((91,74,73));
#927=IFCINDEXEDPOLYGONALFACE((72,92,73));
#928=IFCINDEXEDPOLYGONALFACE((70,94,71));
#929=IFCINDEXEDPOLYGONALFACE((73,92,91));
#930=IFCINDEXEDPOLYGONALFACE((75,91,90));
#931=IFCINDEXEDPOLYGONALFACE((89,76,90));
#932=IFCINDEXEDPOLYGONALFACE((87,86,80));
#933=IFCINDEXEDPOLYGONALFACE((78,88,87));
#934=IFCINDEXEDPOLYGONALFACE((77,89,88));
#935=IFCINDEXEDPOLYGONALFACE((49,86,85));
#936=IFCINDEXEDPOLYGONALFACE((76,75,90));
#937=IFCINDEXEDPOLYGONALFACE((77,76,89));
#938=IFCINDEXEDPOLYGONALFACE((49,80,86));
#939=IFCINDEXEDPOLYGONALFACE((79,78,87));
#940=IFCINDEXEDPOLYGONALFACE((80,79,87));
#941=IFCINDEXEDPOLYGONALFACE((77,88,78));
#942=IFCINDEXEDPOLYGONALFACE((91,75,74));
#943=IFCCARTESIANPOINTLIST3D(((-39.687499999991367,-26.987500000008389,-1.9550222635292364E-012),(-39.687499999991367,-26.06792323698469,6.9848789797021587),(-39.68749999999136,-23.37186058464107,13.493749999997888),(-39.687499999991338,-19.083044257280537,19.083044257269886),(-39.687499999991324,-13.493750000008628,23.371860584630529),(-39.68749999999131,-6.9848789797129438,26.067923236974291),(-39.687499999991282,-8.6813417798082127E-012,26.987499999998132),(-39.687499999991253,6.9848789796955995,26.06792323697444),(-39.687499999991239,13.493749999991344,23.371860584630827),(-39.687499999991225,19.083044257263342,19.083044257270309),(-39.687499999991203,23.371860584623988,13.493749999998416),(-39.687499999991196,26.067923236967758,6.9848789797027351),(-39.687499999991196,26.987499999991613,-1.8696377779292562E-012),(-39.687499999991196,26.067923236967847,-6.9848789797061404),(-39.687499999991203,23.371860584624159,-13.493750000001857),(-39.687499999991225,19.08304425726358,-19.083044257273809),(-39.687499999991239,13.493749999991637,-23.371860584634394),(-39.687499999991253,6.9848789796959245,-26.067923236978093),(-39.687499999991282,-8.3511405948374445E-012,-26.987500000001873),(-39.68749999999131,-6.9848789797126249,-26.067923236978114),(-39.687499999991324,-13.493750000008342,-23.371860584634437),(-39.687499999991338,-19.083044257280296,-19.083044257273865),(-39.68749999999136,-23.371860584640892,-13.493750000001928),(-39.687499999991367,-26.067923236984601,-6.984878979706223),(39.687500000003716,-26.987500000008644,-1.9430374059784078E-012),(39.687500000003716,-26.067923236984857,-6.984878979706223),(39.687500000003723,-23.371860584641148,-13.493750000001928),(39.687500000003745,-19.083044257280552,-19.083044257273865),(39.687500000003759,-13.493750000008598,-23.371860584634437),(39.68750000000378,-6.9848789797128799,-26.067923236978114),(39.687500000003801,-8.6061816811266636E-012,-26.987500000001873),(39.68750000000383,6.9848789796956696,-26.067923236978093),(39.687500000003844,13.49374999999138,-23.371860584634394),(39.687500000003865,19.083044257263325,-19.083044257273809),(39.68750000000388,23.371860584623906,-13.493750000001857),(39.687500000003887,26.067923236967594,-6.9848789797061404),(39.687500000003887,26.987499999991361,-1.5496069177042968E-012),(39.687500000003887,26.067923236967506,6.9848789797027351),(39.68750000000388,23.371860584623736,13.493749999998416),(39.687500000003865,19.08304425726309,19.083044257270309),(39.687500000003844,13.493749999991088,23.371860584630827),(39.68750000000383,6.9848789796953445,26.06792323697444),(39.687500000003801,-8.9363828660974335E-012,26.987499999998132),(39.68750000000378,-6.9848789797131987,26.067923236974291),(39.687500000003759,-13.493750000008884,23.371860584630529),(39.687500000003745,-19.083044257280793,19.083044257269886),(39.687500000003723,-23.371860584641325,13.493749999997888),(39.687500000003716,-26.067923236984946,6.9848789797021587),(-26.987499999993712,-26.987500000008431,-1.9430374059784078E-012),(-26.00854001114006,-26.008540011154782,7.2028468495847306),(-23.357726183063889,-23.357726183078622,13.518201944292269),(-19.583191598819418,-19.583191598834162,18.569430875867276),(-15.125687202998353,-15.125687203013106,22.350363372589229),(-10.265937326569917,-10.265937326584682,24.958679593614654),(-5.1821683992514629,-5.1821683992662271,26.485284346814851),(6.2518656918086893E-012,-8.8088623229528247E-012,26.987499999998132),(5.1821683992639915,-5.1821683992662599,26.485284346814851),(10.265937326582446,-10.265937326584725,24.958679593614661),(15.125687203010898,-15.125687203013165,22.350363372589253),(19.583191598831966,-19.583191598834262,18.569430875867305),(23.357726183076462,-23.357726183078775,13.518201944292269),(26.008540011152647,-26.008540011154953,7.2028468495847306),(26.987500000006293,-26.987500000008605,-1.9430374059784078E-012),(-39.687499999991317,-10.239314489860794,24.71989191080241),(-39.687499999991331,-16.288397128644586,21.227452420950208),(39.687500000003752,-16.288397128644842,21.227452420950208),(39.687500000003766,-10.239314489861034,24.71989191080241),(26.008540011152611,-26.00854001115491,-7.2028468495886111),(23.357726183076391,-23.357726183078697,-13.518201944296132),(19.583191598831888,-19.583191598834173,-18.569430875871131),(15.125687203010806,-15.12568720301309,-22.350363372593044),(10.265937326582362,-10.265937326584618,-24.958679593618442),(5.1821683992638903,-5.1821683992661534,-26.485284346818609),(6.2518656918086893E-012,-8.622479428591997E-012,-26.987500000001873),(-5.1821683992513741,-5.1821683992661383,-26.485284346818606),(-10.265937326569825,-10.265937326584591,-24.958679593618427),(-15.125687202998265,-15.125687203013014,-22.350363372593037),(-19.583191598819337,-19.583191598834073,-18.569430875871106),(-23.357726183063829,-23.357726183078562,-13.518201944296102),(-26.00854001114002,-26.00854001115475,-7.2028468495885765),(-39.687499999991331,-16.28839712864432,-21.227452420954151),(-39.687499999991317,-10.239314489860481,-24.719891910806275),(39.687500000003766,-10.23931448986073,-24.719891910806275),(39.687500000003752,-16.288397128644576,-21.227452420954151),(-26.987499999993684,-39.68750000000847,-1.9430374059784078E-012),(-26.067923236969893,-39.68750000000847,-6.984878979706223),(-23.371860584626184,-39.687500000008463,-13.493750000001928),(-19.083044257265588,-39.687500000008463,-19.083044257273865),(-13.493749999993636,-39.687500000008455,-23.371860584634437),(-6.9848789796979158,-39.687500000008441,-26.067923236978114),(6.3569821810970714E-012,-39.687500000008427,-26.987500000001873),(6.9848789797106337,-39.68750000000842,-26.067923236978093),(13.493750000006344,-39.687500000008406,-23.371860584634394),(19.083044257278289,-39.687500000008399,-19.083044257273809),(23.371860584638867,-39.687500000008399,-13.493750000001853),(26.067923236982555,-39.687500000008392,-6.9848789797061404),(26.987500000006321,-39.687500000008392,-1.5496069177042968E-012),(26.067923236982466,-39.687500000008392,6.9848789797027351),(23.371860584638696,-39.687500000008399,13.493749999998416),(19.083044257278051,-39.687500000008399,19.083044257270309),(13.493750000006052,-39.687500000008406,23.371860584630827),(6.9848789797103077,-39.68750000000842,26.06792323697444),(6.0267809961263024E-012,-39.687500000008427,26.987499999998132),(-6.9848789796982356,-39.687500000008441,26.067923236974291),(-13.49374999999392,-39.687500000008455,23.371860584630529),(-19.083044257265822,-39.687500000008463,19.08304425726989),(-23.371860584626361,-39.687500000008463,13.493749999997888),(-26.067923236969982,-39.68750000000847,6.9848789797021587)));
#944=IFCPOLYGONALFACESET(#943,.T.,(#820,#821,#822,#823,#824,#825,#826,#827,#828,#829,#830,#831,#832,#833,#834,#835,#836,#837,#838,#839,#840,#841,#842,#843,#844,#845,#846,#847,#848,#849,#850,#851,#852,#853,#854,#855,#856,#857,#858,#859,#860,#861,#862,#863,#864,#865,#866,#867,#868,#869,#870,#871,#872,#873,#874,#875,#876,#877,#878,#879,#880,#881,#882,#883,#884,#885,#886,#887,#888,#889,#890,#891,#892,#893,#894,#895,#896,#897,#898,#899,#900,#901,#902,#903,#904,#905,#906,#907,#908,#909,#910,#911,#912,#913,#914,#915,#916,#917,#918,#919,#920,#921,#922,#923,#924,#925,#926,#927,#928,#929,#930,#931,#932,#933,#934,#935,#936,#937,#938,#939,#940,#941,#942),$);
#945=IFCSHAPEREPRESENTATION(#15,'Body','Tessellation',(#944));
#946=IFCAXIS2PLACEMENT3D(#10,$,$);
#947=IFCREPRESENTATIONMAP(#946,#945);
#948=IFCPIPEFITTINGTYPE('3NXxKOaPjBK8ngCnkuN_v6',#6,'M_Tee - Generic:Standard',$,$,$,(#947),'1227693',$,.NOTDEFINED.);
#949=IFCMAPPEDITEM(#947,#772);
#950=IFCSHAPEREPRESENTATION(#15,'Body','MappedRepresentation',(#949));
#951=IFCPRODUCTDEFINITIONSHAPE($,$,(#950));
#952=IFCCARTESIANPOINT((3000.,-0.,3000.));
#953=IFCDIRECTION((0.,0.,-1.));
#954=IFCAXIS2PLACEMENT3D(#952,#953,#43);
#955=IFCLOCALPLACEMENT(#24,#954);
#956=IFCPIPEFITTING('3NXxKOaPjBK8ngCnkuN_v8',#6,'M_Tee - Generic:Standard:1674150',$,$,#955,#951,'1674150',.NOTDEFINED.);
#957=IFCPROPERTYSET('0RVGN5GwgkRVORfG1I0SG5',#6,'Pset_EnvironmentalImpactIndicators',$,(#56));
#958=IFCPROPERTYSET('0peuiQ8C4uwOCG1Vh$eQmH',#6,'Pset_PipeFittingTypeCommon',$,(#56));
#959=IFCRELDEFINESBYPROPERTIES('1grjgMdu9e34CHPipaHrOO',#6,$,$,(#956),#957);
#960=IFCRELDEFINESBYPROPERTIES('04yFGQp89gzvHMozp8_$Wd',#6,$,$,(#956),#958);
#961=IFCCARTESIANPOINT((0.,10000.,0.));
#962=IFCAXIS2PLACEMENT3D(#961,$,$);
#963=IFCLOCALPLACEMENT(#24,#962);
#964=IFCCARTESIANPOINT((0.,0.));
#965=IFCCARTESIANPOINT((7900.,0.));
#966=IFCPOLYLINE((#964,#965));
#967=IFCSHAPEREPRESENTATION(#14,'Axis','Curve2D',(#966));
#968=IFCPRODUCTDEFINITIONSHAPE($,$,(#967,#979));
#969=IFCCARTESIANPOINT((3949.9999999999991,0.));
#970=IFCDIRECTION((-1.,0.));
#971=IFCAXIS2PLACEMENT2D(#969,#970);
#972=IFCRECTANGLEPROFILEDEF(.AREA.,$,#971,7899.9999999999982,200.00000000000219);
#973=IFCAXIS2PLACEMENT3D(#10,$,$);
#974=IFCEXTRUDEDAREASOLID(#972,#973,#46,2999.9999999999995);
#975=IFCCOLOURRGB($,0.75294117647058822,0.75294117647058822,0.75294117647058822);
#976=IFCSURFACESTYLERENDERING(#975,0.,$,$,$,$,IFCNORMALISEDRATIOMEASURE(0.5),IFCSPECULAREXPONENT(10.),.NOTDEFINED.);
#977=IFCSURFACESTYLE('Default Wall',.BOTH.,(#976));
#978=IFCSTYLEDITEM(#974,(#977),$);
#979=IFCSHAPEREPRESENTATION(#15,'Body','SweptSolid',(#974));
#980=IFCWALL('3NXxKOaPjBK8ngCnkuN_ui',#6,'Basic Wall:Generic - 200mm:1674178',$,$,#963,#968,'1674178',.NOTDEFINED.);
#981=IFCMATERIAL('Default Wall',$,'Miscellaneous');
#982=IFCSTYLEDITEM($,(#977),$);
#983=IFCSTYLEDREPRESENTATION(#13,'Style','Material',(#982));
#984=IFCMATERIALDEFINITIONREPRESENTATION($,$,(#983),#981);
#985=IFCMATERIALLAYER(#981,200.,$,'Layer',$,'Miscellaneous',$);
#986=IFCMATERIALLAYERSET((#985),'Basic Wall:Generic - 200mm',$);
#987=IFCMATERIALLAYERSETUSAGE(#986,.AXIS2.,.NEGATIVE.,100.,$);
#988=IFCWALLTYPE('1xZrMVYp52mhf4uMzw11Hk',#6,'Basic Wall:Generic - 200mm',$,$,(#1001),$,'441451',$,.STANDARD.);
#989=IFCPROPERTYSINGLEVALUE('Reference',$,IFCIDENTIFIER('Generic - 200mm'),$);
#990=IFCPROPERTYSET('2rMxAOF_NG5uOI8pZSCDx1',#6,'Pset_EnvironmentalImpactIndicators',$,(#989));
#991=IFCPROPERTYSINGLEVALUE('Reference',$,IFCLABEL('Generic - 200mm'),$);
#992=IFCPROPERTYSET('29Oot1Fk9XlZghokauynaG',#6,'Pset_ReinforcementBarPitchOfWall',$,(#991));
#993=IFCPROPERTYSINGLEVALUE('IsExternal',$,IFCBOOLEAN(.T.),$);
#994=IFCPROPERTYSINGLEVALUE('LoadBearing',$,IFCBOOLEAN(.F.),$);
#995=IFCPROPERTYSINGLEVALUE('ExtendToStructure',$,IFCBOOLEAN(.F.),$);
#996=IFCPROPERTYSET('3dCFWuPiuyGTYdCBvDfDOF',#6,'Pset_WallCommon',$,(#989,#993,#994,#995));
#997=IFCRELDEFINESBYPROPERTIES('0fOlFx8r6h4XEkP6ixuxT5',#6,$,$,(#980),#990);
#998=IFCRELDEFINESBYPROPERTIES('14HFCKHq$Si8gU5fn8wmnG',#6,$,$,(#980),#992);
#999=IFCRELDEFINESBYPROPERTIES('0NteNySk74YLOuGiPma68K',#6,$,$,(#980),#996);
#1000=IFCPROPERTYSINGLEVALUE('Description',$,IFCTEXT('Generic Wall (Material By Category), 200mm thick'),$);
#1001=IFCPROPERTYSET('2L7lvTstnIeeydfwzfZZLR',#6,'Pset_ReinforcementBarPitchOfWall',$,(#1000));
#1002=IFCCARTESIANPOINT((8000.,9900.,0.));
#1003=IFCAXIS2PLACEMENT3D(#1002,#46,#70);
#1004=IFCLOCALPLACEMENT(#24,#1003);
#1005=IFCCARTESIANPOINT((6100.,0.));
#1006=IFCPOLYLINE((#964,#1005));
#1007=IFCSHAPEREPRESENTATION(#14,'Axis','Curve2D',(#1006));
#1008=IFCPRODUCTDEFINITIONSHAPE($,$,(#1007,#1015));
#1009=IFCCARTESIANPOINT((3049.9999999999995,0.));
#1010=IFCAXIS2PLACEMENT2D(#1009,#970);
#1011=IFCRECTANGLEPROFILEDEF(.AREA.,$,#1010,6099.9999999999991,200.);
#1012=IFCAXIS2PLACEMENT3D(#10,$,$);
#1013=IFCEXTRUDEDAREASOLID(#1011,#1012,#46,2999.9999999999995);
#1014=IFCSTYLEDITEM(#1013,(#977),$);
#1015=IFCSHAPEREPRESENTATION(#15,'Body','SweptSolid',(#1013));
#1016=IFCWALL('3NXxKOaPjBK8ngCnkuN_uj',#6,'Basic Wall:Generic - 200mm:1674179',$,$,#1004,#1008,'1674179',.NOTDEFINED.);
#1017=IFCMATERIALLAYERSETUSAGE(#986,.AXIS2.,.NEGATIVE.,100.,$);
#1018=IFCPROPERTYSET('1kj0aMewtCB1We90uzMdUw',#6,'Pset_EnvironmentalImpactIndicators',$,(#989));
#1019=IFCPROPERTYSINGLEVALUE('Reference',$,IFCLABEL('Generic - 200mm'),$);
#1020=IFCPROPERTYSET('3E$PTNKQ0PJzSqEfK4Diia',#6,'Pset_ReinforcementBarPitchOfWall',$,(#1019));
#1021=IFCPROPERTYSET('3U$hmVIeNcoAMTB5n6CL2s',#6,'Pset_WallCommon',$,(#989,#993,#994,#995));
#1022=IFCRELDEFINESBYPROPERTIES('1svztXI1yfhmCC7tgnCpOX',#6,$,$,(#1016),#1018);
#1023=IFCRELDEFINESBYPROPERTIES('1cxEgIEHb6_QMd5OWxhLaL',#6,$,$,(#1016),#1020);
#1024=IFCRELDEFINESBYPROPERTIES('0VVt8iMTBMPHnOhg63kC78',#6,$,$,(#1016),#1021);
#1025=IFCCOLOURRGBLIST(((0.61960784313725492,0.30196078431372547,0.15686274509803921)));
#1026=IFCINDEXEDPOLYGONALFACE((1,2,3,4));
#1027=IFCINDEXEDPOLYGONALFACE((5,6,7,8));
#1028=IFCINDEXEDPOLYGONALFACE((2,1,5,8));
#1029=IFCINDEXEDPOLYGONALFACE((3,2,8,7));
#1030=IFCINDEXEDPOLYGONALFACE((4,3,7,6));
#1031=IFCINDEXEDPOLYGONALFACE((1,4,6,5));
#1032=IFCCARTESIANPOINTLIST3D(((1000.0000000000003,130.00000000000253,15.000000000054786),(1000.0000000000001,104.60000000000237,-8.713623162733485E-012),(1000.0000000000001,200.40000000000364,-8.7044582716652057E-012),(1000.0000000000003,175.00000000000389,15.000000000054786),(5.4143356464919636E-013,130.00000000000276,15.000000000068615),(5.4143356464919636E-013,175.00000000000415,15.000000000068615),(3.3839597790574771E-013,200.40000000000387,5.1235375513778527E-012),(3.3839597790574771E-013,104.60000000000258,5.1143726603095717E-012)));
#1033=IFCPOLYGONALFACESET(#1032,.T.,(#1026,#1027,#1028,#1029,#1030,#1031),$);
#1034=IFCINDEXEDCOLOURMAP(#1033,1.,#1025,(1,1,1,1,1,1));
#1035=IFCCOLOURRGB($,0.61960784313725492,0.30196078431372547,0.15686274509803921);
#1036=IFCSURFACESTYLERENDERING(#1035,0.,$,$,$,$,IFCNORMALISEDRATIOMEASURE(0.5),IFCSPECULAREXPONENT(128.),.NOTDEFINED.);
#1037=IFCSURFACESTYLE('Cherry',.BOTH.,(#1036));
#1038=IFCSTYLEDITEM(#1033,(#1037),$);
#1039=IFCCOLOURRGBLIST(((0.96862745098039216,0.96862745098039216,0.96862745098039216)));
#1040=IFCINDEXEDPOLYGONALFACE((1,2,3,4));
#1041=IFCINDEXEDPOLYGONALFACE((5,6,7,8));
#1042=IFCINDEXEDPOLYGONALFACE((2,1,5,8));
#1043=IFCINDEXEDPOLYGONALFACE((3,2,8,7));
#1044=IFCINDEXEDPOLYGONALFACE((4,3,7,6));
#1045=IFCINDEXEDPOLYGONALFACE((1,4,6,5));
#1046=IFCCARTESIANPOINTLIST3D(((648.94999999999084,91.900000000002734,1025.4000000000642),(157.94999999999726,91.900000000002734,1025.4000000000642),(157.94999999999726,91.900000000003416,974.60000000082232),(648.94999999999095,91.900000000003416,974.60000000082232),(648.94999999999084,98.250000000003553,1025.4000000000644),(648.94999999999095,98.250000000004249,974.60000000082243),(157.94999999999726,98.250000000004249,974.60000000082243),(157.94999999999726,98.250000000003553,1025.4000000000644)));
#1047=IFCPOLYGONALFACESET(#1046,.T.,(#1040,#1041,#1042,#1043,#1044,#1045),$);
#1048=IFCINDEXEDCOLOURMAP(#1047,1.,#1039,(1,1,1,1,1,1));
#1049=IFCCOLOURRGB($,0.96862745098039216,0.96862745098039216,0.96862745098039216);
#1050=IFCSURFACESTYLERENDERING(#1049,0.,$,$,$,$,IFCNORMALISEDRATIOMEASURE(0.5),IFCSPECULAREXPONENT(128.),.NOTDEFINED.);
#1051=IFCSURFACESTYLE('Metal - Stainless Steel',.BOTH.,(#1050));
#1052=IFCSTYLEDITEM(#1047,(#1051),$);
#1053=IFCCOLOURRGBLIST(((0.96862745098039216,0.96862745098039216,0.96862745098039216)));
#1054=IFCINDEXEDPOLYGONALFACE((3,4,1,2));
#1055=IFCINDEXEDPOLYGONALFACE((9,8,12,11));
#1056=IFCINDEXEDPOLYGONALFACE((45,46,14,13));
#1057=IFCINDEXEDPOLYGONALFACE((8,9,10,5,6,7));
#1058=IFCINDEXEDPOLYGONALFACE((30,31,32,33,34,35,36,37,38,39,40,2,1,11,12,13,14,15,16,17,18,19,20,21,22,23,24,25,26,27,28,29));
#1059=IFCINDEXEDPOLYGONALFACE((10,9,11,1,4,41,5));
#1060=IFCINDEXEDPOLYGONALFACE((47,48,35,34));
#1061=IFCINDEXEDPOLYGONALFACE((5,41,42,28,27,43,44,6));
#1062=IFCINDEXEDPOLYGONALFACE((7,6,44,45,13,12,8));
#1063=IFCINDEXEDPOLYGONALFACE((49,50,21,20));
#1064=IFCINDEXEDPOLYGONALFACE((56,20,19));
#1065=IFCINDEXEDPOLYGONALFACE((55,19,18));
#1066=IFCINDEXEDPOLYGONALFACE((56,49,20));
#1067=IFCINDEXEDPOLYGONALFACE((54,55,18));
#1068=IFCINDEXEDPOLYGONALFACE((56,19,55));
#1069=IFCINDEXEDPOLYGONALFACE((18,17,54));
#1070=IFCINDEXEDPOLYGONALFACE((53,17,16));
#1071=IFCINDEXEDPOLYGONALFACE((16,15,52));
#1072=IFCINDEXEDPOLYGONALFACE((14,51,15));
#1073=IFCINDEXEDPOLYGONALFACE((52,53,16));
#1074=IFCINDEXEDPOLYGONALFACE((46,51,14));
#1075=IFCINDEXEDPOLYGONALFACE((52,15,51));
#1076=IFCINDEXEDPOLYGONALFACE((17,53,54));
#1077=IFCINDEXEDPOLYGONALFACE((62,2,40));
#1078=IFCINDEXEDPOLYGONALFACE((61,40,39));
#1079=IFCINDEXEDPOLYGONALFACE((62,3,2));
#1080=IFCINDEXEDPOLYGONALFACE((60,61,39));
#1081=IFCINDEXEDPOLYGONALFACE((62,40,61));
#1082=IFCINDEXEDPOLYGONALFACE((39,38,60));
#1083=IFCINDEXEDPOLYGONALFACE((59,38,37));
#1084=IFCINDEXEDPOLYGONALFACE((37,36,58));
#1085=IFCINDEXEDPOLYGONALFACE((35,57,36));
#1086=IFCINDEXEDPOLYGONALFACE((58,59,37));
#1087=IFCINDEXEDPOLYGONALFACE((48,57,35));
#1088=IFCINDEXEDPOLYGONALFACE((58,36,57));
#1089=IFCINDEXEDPOLYGONALFACE((38,59,60));
#1090=IFCINDEXEDPOLYGONALFACE((68,34,33));
#1091=IFCINDEXEDPOLYGONALFACE((67,33,32));
#1092=IFCINDEXEDPOLYGONALFACE((68,47,34));
#1093=IFCINDEXEDPOLYGONALFACE((66,67,32));
#1094=IFCINDEXEDPOLYGONALFACE((68,33,67));
#1095=IFCINDEXEDPOLYGONALFACE((32,31,66));
#1096=IFCINDEXEDPOLYGONALFACE((31,30,65));
#1097=IFCINDEXEDPOLYGONALFACE((30,29,64));
#1098=IFCINDEXEDPOLYGONALFACE((63,29,28));
#1099=IFCINDEXEDPOLYGONALFACE((64,65,30));
#1100=IFCINDEXEDPOLYGONALFACE((42,63,28));
#1101=IFCINDEXEDPOLYGONALFACE((64,29,63));
#1102=IFCINDEXEDPOLYGONALFACE((31,65,66));
#1103=IFCINDEXEDPOLYGONALFACE((74,27,26));
#1104=IFCINDEXEDPOLYGONALFACE((73,26,25));
#1105=IFCINDEXEDPOLYGONALFACE((74,43,27));
#1106=IFCINDEXEDPOLYGONALFACE((72,73,25));
#1107=IFCINDEXEDPOLYGONALFACE((74,26,73));
#1108=IFCINDEXEDPOLYGONALFACE((25,24,72));
#1109=IFCINDEXEDPOLYGONALFACE((71,24,23));
#1110=IFCINDEXEDPOLYGONALFACE((22,21,69));
#1111=IFCINDEXEDPOLYGONALFACE((70,23,22));
#1112=IFCINDEXEDPOLYGONALFACE((70,71,23));
#1113=IFCINDEXEDPOLYGONALFACE((50,69,21));
#1114=IFCINDEXEDPOLYGONALFACE((70,22,69));
#1115=IFCINDEXEDPOLYGONALFACE((24,71,72));
#1116=IFCINDEXEDPOLYGONALFACE((3,62,61,60,59,58,57,48,47,68,67,66,65,64,63,42,41,4));
#1117=IFCINDEXEDPOLYGONALFACE((49,56,55,54,53,52,51,46,45,44,43,74,73,72,71,70,69,50));
#1118=IFCCARTESIANPOINTLIST3D(((157.94999999999771,129.99999999998545,1025.4000000000649),(157.94999999999902,129.99999999998457,1088.9000000000644),(157.94999999999902,106.4354269234137,1088.9000000000642),(157.94999999999771,101.42524670908423,1025.4000000000644),(94.449999999997345,98.250000000002785,1025.4000000000644),(94.449999999997416,98.250000000003496,974.60000000069635),(157.94999999999752,98.250000000003496,974.60000000069635),(894.44999999998106,98.250000000003496,974.60000000069635),(894.44999999998072,98.250000000002785,1025.4000000000644),(157.949999999998,98.250000000002785,1025.4000000000644),(894.44999999998072,129.99999999998545,1025.4000000000649),(894.44999999998106,129.99999999998613,974.6000000006967),(157.94999999999672,129.99999999998613,974.6000000006967),(157.94999999999544,129.99999999998701,911.10000000006471),(157.30088699080207,129.99999999998707,906.16949719086176),(155.39778394208884,129.99999999998715,901.57500000006485),(152.37038418159892,129.99999999998721,897.62961581846128),(148.42499999999524,129.99999999998724,894.60221605797153),(143.83050280919829,129.99999999998727,892.69911300925833),(138.89999999999549,129.99999999998727,892.05000000006498),(113.49999999998983,129.99999999998727,892.05000000006498),(108.56949719078683,129.99999999998727,892.69911300925821),(103.97499999998983,129.99999999998724,894.6022160579713),(100.02961581838613,129.99999999998721,897.62961581846128),(97.002216057896291,129.99999999998715,901.57500000006496),(95.099113009183128,129.99999999998707,906.16949719086199),(94.449999999989899,129.99999999998701,911.10000000006494),(94.449999999989899,129.99999999998457,1088.9000000000653),(95.099113009183185,129.99999999998448,1093.8305028092682),(97.002216057896433,129.99999999998442,1098.4250000000652),(100.02961581838633,129.99999999998437,1102.3703841816689),(103.9749999999901,129.99999999998431,1105.3977839421586),(108.5694971907871,129.99999999998428,1107.3008869908717),(113.49999999998997,129.99999999998428,1107.9500000000651),(138.89999999999907,129.99999999998428,1107.9500000000651),(143.83050280920216,129.99999999998428,1107.3008869908717),(148.42499999999916,129.99999999998431,1105.3977839421584),(152.37038418160293,129.99999999998437,1102.3703841816687),(155.39778394209276,129.99999999998442,1098.4250000000648),(157.30088699080585,129.99999999998448,1093.8305028092677),(94.449999999997274,101.42524670908423,1025.4000000000644),(94.449999999997274,106.43542692341371,1088.9000000000649),(94.449999999997473,106.43542692340503,911.10000000006471),(94.449999999997416,101.42524670908494,974.60000000069635),(157.94999999999672,101.42524670908494,974.60000000069635),(157.94999999999544,106.43542692340502,911.10000000006437),(113.4999999999901,107.93848098771092,1107.9500000000646),(138.89999999999907,107.93848098771095,1107.9500000000646),(138.89999999999537,107.93848098770249,892.05000000006453),(113.49999999998983,107.9384809877025,892.05000000006453),(157.47237672705901,106.76988791757933,906.86097620819646),(156.06345693353629,107.08757764091823,902.83451476987489),(153.79388974101104,107.3725658041368,899.22251927465561),(150.77748072540393,107.61056191072427,896.20611025904861),(147.16548523018457,107.78963184211121,893.93654306652365),(143.13902379186294,107.90079628420692,892.52762327300115),(143.13902379186715,107.90079628421543,1107.4723767271284),(147.16548523018884,107.78963184211973,1106.0634569336055),(150.7774807254082,107.61056191073283,1103.7938897410804),(153.79388974101522,107.37256580414535,1100.7774807254732),(156.06345693354027,107.08757764092684,1097.1654852302538),(157.47237672706288,106.76988791758797,1093.139023791932),(94.927623272926184,106.76988791758797,1093.1390237919327),(96.336543066448911,107.08757764092684,1097.1654852302545),(98.606110258974027,107.37256580414535,1100.7774807254739),(101.62251927458112,107.61056191073281,1103.7938897410809),(105.23451476980048,107.78963184211972,1106.0634569336059),(109.26097620812217,107.90079628421543,1107.4723767271287),(109.26097620812185,107.90079628420698,892.52762327300093),(105.23451476980021,107.78963184211126,893.93654306652354),(101.62251927458085,107.61056191072431,896.20611025904873),(98.606110258973814,107.37256580413683,899.22251927465572),(96.336543066448712,107.08757764091827,902.83451476987511),(94.927623272926112,106.76988791757935,906.8609762081968)));
#1119=IFCPOLYGONALFACESET(#1118,.T.,(#1054,#1055,#1056,#1057,#1058,#1059,#1060,#1061,#1062,#1063,#1064,#1065,#1066,#1067,#1068,#1069,#1070,#1071,#1072,#1073,#1074,#1075,#1076,#1077,#1078,#1079,#1080,#1081,#1082,#1083,#1084,#1085,#1086,#1087,#1088,#1089,#1090,#1091,#1092,#1093,#1094,#1095,#1096,#1097,#1098,#1099,#1100,#1101,#1102,#1103,#1104,#1105,#1106,#1107,#1108,#1109,#1110,#1111,#1112,#1113,#1114,#1115,#1116,#1117),$);
#1120=IFCINDEXEDCOLOURMAP(#1119,1.,#1053,(1,1,1,1,1,1,1,1,1,1,1,1,1,1,1,1,1,1,1,1,1,1,1,1,1,1,1,1,1,1,1,1,1,1,1,1,1,1,1,1,1,1,1,1,1,1,1,1,1,1,1,1,1,1,1,1,1,1,1,1,1,1,1,1));
#1121=IFCSTYLEDITEM(#1119,(#1051),$);
#1122=IFCCOLOURRGBLIST(((0.96862745098039216,0.96862745098039216,0.96862745098039216)));
#1123=IFCINDEXEDPOLYGONALFACE((11,12,1,2,3,4,5,6,7,8,9,10));
#1124=IFCINDEXEDPOLYGONALFACE((13,14,15,16,17,18,19,20,21,22,23,24));
#1125=IFCINDEXEDPOLYGONALFACE((63,57,124,127,123,132,136,135,138));
#1126=IFCINDEXEDPOLYGONALFACE((2,1,25,121,104,26,108,27,157,154,28,226,209,29,213,30,13,24,31,32,33,126,125,128,34,35,36));
#1127=IFCINDEXEDPOLYGONALFACE((2,36,60,37,3));
#1128=IFCINDEXEDPOLYGONALFACE((208,14,13,30));
#1129=IFCINDEXEDPOLYGONALFACE((3,37,38,4));
#1130=IFCINDEXEDPOLYGONALFACE((15,14,208,198));
#1131=IFCINDEXEDPOLYGONALFACE((5,4,38,39));
#1132=IFCINDEXEDPOLYGONALFACE((198,175,16,15));
#1133=IFCINDEXEDPOLYGONALFACE((5,39,66,40,6));
#1134=IFCINDEXEDPOLYGONALFACE((177,17,16,175));
#1135=IFCINDEXEDPOLYGONALFACE((6,40,41,7));
#1136=IFCINDEXEDPOLYGONALFACE((18,17,177,47));
#1137=IFCINDEXEDPOLYGONALFACE((19,18,47,197,179,48,182,49,146,145,148,50,92,74,51,77,52,8,7,41,42,43,137,134,44,45,46));
#1138=IFCINDEXEDPOLYGONALFACE((52,53,9,8));
#1139=IFCINDEXEDPOLYGONALFACE((19,46,174,170,20));
#1140=IFCINDEXEDPOLYGONALFACE((9,53,54,10));
#1141=IFCINDEXEDPOLYGONALFACE((21,20,170,168));
#1142=IFCINDEXEDPOLYGONALFACE((11,10,54,55));
#1143=IFCINDEXEDPOLYGONALFACE((168,162,22,21));
#1144=IFCINDEXEDPOLYGONALFACE((55,56,12,11));
#1145=IFCINDEXEDPOLYGONALFACE((164,23,22,162));
#1146=IFCINDEXEDPOLYGONALFACE((12,56,25,1));
#1147=IFCINDEXEDPOLYGONALFACE((24,23,164,31));
#1148=IFCINDEXEDPOLYGONALFACE((61,37,60));
#1149=IFCINDEXEDPOLYGONALFACE((37,61,62));
#1150=IFCINDEXEDPOLYGONALFACE((60,36,35));
#1151=IFCINDEXEDPOLYGONALFACE((38,37,62));
#1152=IFCINDEXEDPOLYGONALFACE((61,59,62));
#1153=IFCINDEXEDPOLYGONALFACE((57,62,59));
#1154=IFCINDEXEDPOLYGONALFACE((34,59,61));
#1155=IFCINDEXEDPOLYGONALFACE((34,61,35));
#1156=IFCINDEXEDPOLYGONALFACE((58,62,57));
#1157=IFCINDEXEDPOLYGONALFACE((60,35,61));
#1158=IFCINDEXEDPOLYGONALFACE((38,62,58));
#1159=IFCINDEXEDPOLYGONALFACE((58,64,39,38));
#1160=IFCINDEXEDPOLYGONALFACE((57,63,64,58));
#1161=IFCINDEXEDPOLYGONALFACE((67,68,40));
#1162=IFCINDEXEDPOLYGONALFACE((68,67,65));
#1163=IFCINDEXEDPOLYGONALFACE((67,63,65));
#1164=IFCINDEXEDPOLYGONALFACE((41,40,68));
#1165=IFCINDEXEDPOLYGONALFACE((64,63,67));
#1166=IFCINDEXEDPOLYGONALFACE((64,67,66));
#1167=IFCINDEXEDPOLYGONALFACE((68,65,69));
#1168=IFCINDEXEDPOLYGONALFACE((69,42,68));
#1169=IFCINDEXEDPOLYGONALFACE((40,66,67));
#1170=IFCINDEXEDPOLYGONALFACE((68,42,41));
#1171=IFCINDEXEDPOLYGONALFACE((39,64,66));
#1172=IFCINDEXEDPOLYGONALFACE((69,43,42));
#1173=IFCINDEXEDPOLYGONALFACE((91,76,89));
#1174=IFCINDEXEDPOLYGONALFACE((80,51,85));
#1175=IFCINDEXEDPOLYGONALFACE((82,53,79));
#1176=IFCINDEXEDPOLYGONALFACE((50,72,78));
#1177=IFCINDEXEDPOLYGONALFACE((83,73,82));
#1178=IFCINDEXEDPOLYGONALFACE((87,88,72));
#1179=IFCINDEXEDPOLYGONALFACE((78,88,89));
#1180=IFCINDEXEDPOLYGONALFACE((52,79,53));
#1181=IFCINDEXEDPOLYGONALFACE((88,87,98,75));
#1182=IFCINDEXEDPOLYGONALFACE((51,74,85));
#1183=IFCINDEXEDPOLYGONALFACE((78,74,92,50));
#1184=IFCINDEXEDPOLYGONALFACE((76,85,78));
#1185=IFCINDEXEDPOLYGONALFACE((79,52,77));
#1186=IFCINDEXEDPOLYGONALFACE((54,53,81));
#1187=IFCINDEXEDPOLYGONALFACE((80,79,77));
#1188=IFCINDEXEDPOLYGONALFACE((82,73,95,81));
#1189=IFCINDEXEDPOLYGONALFACE((51,80,77));
#1190=IFCINDEXEDPOLYGONALFACE((84,83,80));
#1191=IFCINDEXEDPOLYGONALFACE((83,82,79));
#1192=IFCINDEXEDPOLYGONALFACE((53,82,81));
#1193=IFCINDEXEDPOLYGONALFACE((83,79,80));
#1194=IFCINDEXEDPOLYGONALFACE((84,80,76));
#1195=IFCINDEXEDPOLYGONALFACE((84,86,83));
#1196=IFCINDEXEDPOLYGONALFACE((89,75,90));
#1197=IFCINDEXEDPOLYGONALFACE((72,70,87));
#1198=IFCINDEXEDPOLYGONALFACE((78,85,74));
#1199=IFCINDEXEDPOLYGONALFACE((80,85,76));
#1200=IFCINDEXEDPOLYGONALFACE((86,84,71));
#1201=IFCINDEXEDPOLYGONALFACE((86,73,83));
#1202=IFCINDEXEDPOLYGONALFACE((89,88,75));
#1203=IFCINDEXEDPOLYGONALFACE((72,88,78));
#1204=IFCINDEXEDPOLYGONALFACE((90,91,89));
#1205=IFCINDEXEDPOLYGONALFACE((78,89,76));
#1206=IFCINDEXEDPOLYGONALFACE((91,90,71));
#1207=IFCINDEXEDPOLYGONALFACE((84,76,91));
#1208=IFCINDEXEDPOLYGONALFACE((71,84,91));
#1209=IFCINDEXEDPOLYGONALFACE((87,70,93,112,102,99,107,100,94,71,90,75,98));
#1210=IFCINDEXEDPOLYGONALFACE((94,101,105,96,97,117,55,54,81,95,73,86,71));
#1211=IFCINDEXEDPOLYGONALFACE((104,116,26));
#1212=IFCINDEXEDPOLYGONALFACE((109,106,116));
#1213=IFCINDEXEDPOLYGONALFACE((110,27,108));
#1214=IFCINDEXEDPOLYGONALFACE((109,118,119));
#1215=IFCINDEXEDPOLYGONALFACE((118,117,97,96,105));
#1216=IFCINDEXEDPOLYGONALFACE((109,104,121,25));
#1217=IFCINDEXEDPOLYGONALFACE((25,56,109));
#1218=IFCINDEXEDPOLYGONALFACE((111,26,116));
#1219=IFCINDEXEDPOLYGONALFACE((113,103,110));
#1220=IFCINDEXEDPOLYGONALFACE((27,110,103));
#1221=IFCINDEXEDPOLYGONALFACE((93,103,112));
#1222=IFCINDEXEDPOLYGONALFACE((107,113,114));
#1223=IFCINDEXEDPOLYGONALFACE((117,118,56));
#1224=IFCINDEXEDPOLYGONALFACE((120,106,119));
#1225=IFCINDEXEDPOLYGONALFACE((111,110,108));
#1226=IFCINDEXEDPOLYGONALFACE((113,107,99,102,112));
#1227=IFCINDEXEDPOLYGONALFACE((26,111,108));
#1228=IFCINDEXEDPOLYGONALFACE((115,114,111));
#1229=IFCINDEXEDPOLYGONALFACE((114,113,110));
#1230=IFCINDEXEDPOLYGONALFACE((103,113,112));
#1231=IFCINDEXEDPOLYGONALFACE((114,110,111));
#1232=IFCINDEXEDPOLYGONALFACE((115,111,106));
#1233=IFCINDEXEDPOLYGONALFACE((115,100,114));
#1234=IFCINDEXEDPOLYGONALFACE((119,105,101));
#1235=IFCINDEXEDPOLYGONALFACE((56,55,117));
#1236=IFCINDEXEDPOLYGONALFACE((109,116,104));
#1237=IFCINDEXEDPOLYGONALFACE((111,116,106));
#1238=IFCINDEXEDPOLYGONALFACE((100,115,94));
#1239=IFCINDEXEDPOLYGONALFACE((100,107,114));
#1240=IFCINDEXEDPOLYGONALFACE((119,118,105));
#1241=IFCINDEXEDPOLYGONALFACE((56,118,109));
#1242=IFCINDEXEDPOLYGONALFACE((101,120,119));
#1243=IFCINDEXEDPOLYGONALFACE((109,119,106));
#1244=IFCINDEXEDPOLYGONALFACE((120,101,94));
#1245=IFCINDEXEDPOLYGONALFACE((115,106,120));
#1246=IFCINDEXEDPOLYGONALFACE((94,115,120));
#1247=IFCINDEXEDPOLYGONALFACE((129,130,127));
#1248=IFCINDEXEDPOLYGONALFACE((59,131,57));
#1249=IFCINDEXEDPOLYGONALFACE((57,131,124));
#1250=IFCINDEXEDPOLYGONALFACE((125,126,129,128));
#1251=IFCINDEXEDPOLYGONALFACE((130,33,165,122));
#1252=IFCINDEXEDPOLYGONALFACE((124,131,129));
#1253=IFCINDEXEDPOLYGONALFACE((130,123,127));
#1254=IFCINDEXEDPOLYGONALFACE((130,129,126));
#1255=IFCINDEXEDPOLYGONALFACE((34,128,131));
#1256=IFCINDEXEDPOLYGONALFACE((124,129,127));
#1257=IFCINDEXEDPOLYGONALFACE((33,130,126));
#1258=IFCINDEXEDPOLYGONALFACE((130,122,123));
#1259=IFCINDEXEDPOLYGONALFACE((34,131,59));
#1260=IFCINDEXEDPOLYGONALFACE((129,131,128));
#1261=IFCINDEXEDPOLYGONALFACE((136,139,138,135));
#1262=IFCINDEXEDPOLYGONALFACE((134,140,44));
#1263=IFCINDEXEDPOLYGONALFACE((136,140,139));
#1264=IFCINDEXEDPOLYGONALFACE((140,132,171,133));
#1265=IFCINDEXEDPOLYGONALFACE((63,138,141,65));
#1266=IFCINDEXEDPOLYGONALFACE((141,137,43,69,65));
#1267=IFCINDEXEDPOLYGONALFACE((134,137,139));
#1268=IFCINDEXEDPOLYGONALFACE((140,134,139));
#1269=IFCINDEXEDPOLYGONALFACE((139,137,141));
#1270=IFCINDEXEDPOLYGONALFACE((132,140,136));
#1271=IFCINDEXEDPOLYGONALFACE((140,133,44));
#1272=IFCINDEXEDPOLYGONALFACE((139,141,138));
#1273=IFCINDEXEDPOLYGONALFACE((146,149,148,145));
#1274=IFCINDEXEDPOLYGONALFACE((144,150,143));
#1275=IFCINDEXEDPOLYGONALFACE((146,150,149));
#1276=IFCINDEXEDPOLYGONALFACE((49,142,150));
#1277=IFCINDEXEDPOLYGONALFACE((50,148,151,72));
#1278=IFCINDEXEDPOLYGONALFACE((72,151,147,70));
#1279=IFCINDEXEDPOLYGONALFACE((144,147,149));
#1280=IFCINDEXEDPOLYGONALFACE((150,144,149));
#1281=IFCINDEXEDPOLYGONALFACE((149,147,151));
#1282=IFCINDEXEDPOLYGONALFACE((49,150,146));
#1283=IFCINDEXEDPOLYGONALFACE((150,142,143));
#1284=IFCINDEXEDPOLYGONALFACE((149,151,148));
#1285=IFCINDEXEDPOLYGONALFACE((70,147,144,143,152,156,155,158,93));
#1286=IFCINDEXEDPOLYGONALFACE((156,159,158,155));
#1287=IFCINDEXEDPOLYGONALFACE((154,160,28));
#1288=IFCINDEXEDPOLYGONALFACE((156,160,159));
#1289=IFCINDEXEDPOLYGONALFACE((152,153,160));
#1290=IFCINDEXEDPOLYGONALFACE((93,158,161,103));
#1291=IFCINDEXEDPOLYGONALFACE((103,161,157,27));
#1292=IFCINDEXEDPOLYGONALFACE((154,157,159));
#1293=IFCINDEXEDPOLYGONALFACE((160,154,159));
#1294=IFCINDEXEDPOLYGONALFACE((159,157,161));
#1295=IFCINDEXEDPOLYGONALFACE((152,160,156));
#1296=IFCINDEXEDPOLYGONALFACE((160,153,28));
#1297=IFCINDEXEDPOLYGONALFACE((159,161,158));
#1298=IFCINDEXEDPOLYGONALFACE((166,122,165));
#1299=IFCINDEXEDPOLYGONALFACE((122,166,167));
#1300=IFCINDEXEDPOLYGONALFACE((165,33,32));
#1301=IFCINDEXEDPOLYGONALFACE((123,122,167));
#1302=IFCINDEXEDPOLYGONALFACE((166,164,167));
#1303=IFCINDEXEDPOLYGONALFACE((162,167,164));
#1304=IFCINDEXEDPOLYGONALFACE((31,164,166));
#1305=IFCINDEXEDPOLYGONALFACE((31,166,32));
#1306=IFCINDEXEDPOLYGONALFACE((163,167,162));
#1307=IFCINDEXEDPOLYGONALFACE((165,32,166));
#1308=IFCINDEXEDPOLYGONALFACE((123,167,163));
#1309=IFCINDEXEDPOLYGONALFACE((163,169,132,123));
#1310=IFCINDEXEDPOLYGONALFACE((162,168,169,163));
#1311=IFCINDEXEDPOLYGONALFACE((172,173,133));
#1312=IFCINDEXEDPOLYGONALFACE((173,172,170));
#1313=IFCINDEXEDPOLYGONALFACE((172,168,170));
#1314=IFCINDEXEDPOLYGONALFACE((44,133,173));
#1315=IFCINDEXEDPOLYGONALFACE((169,168,172));
#1316=IFCINDEXEDPOLYGONALFACE((169,172,171));
#1317=IFCINDEXEDPOLYGONALFACE((173,170,174));
#1318=IFCINDEXEDPOLYGONALFACE((174,45,173));
#1319=IFCINDEXEDPOLYGONALFACE((133,171,172));
#1320=IFCINDEXEDPOLYGONALFACE((173,45,44));
#1321=IFCINDEXEDPOLYGONALFACE((132,169,171));
#1322=IFCINDEXEDPOLYGONALFACE((174,46,45));
#1323=IFCINDEXEDPOLYGONALFACE((196,181,194));
#1324=IFCINDEXEDPOLYGONALFACE((185,48,190));
#1325=IFCINDEXEDPOLYGONALFACE((187,142,184));
#1326=IFCINDEXEDPOLYGONALFACE((47,177,183));
#1327=IFCINDEXEDPOLYGONALFACE((188,178,187));
#1328=IFCINDEXEDPOLYGONALFACE((192,193,177));
#1329=IFCINDEXEDPOLYGONALFACE((183,193,194));
#1330=IFCINDEXEDPOLYGONALFACE((49,184,142));
#1331=IFCINDEXEDPOLYGONALFACE((193,192,203,180));
#1332=IFCINDEXEDPOLYGONALFACE((48,179,190));
#1333=IFCINDEXEDPOLYGONALFACE((183,179,197,47));
#1334=IFCINDEXEDPOLYGONALFACE((181,190,183));
#1335=IFCINDEXEDPOLYGONALFACE((184,49,182));
#1336=IFCINDEXEDPOLYGONALFACE((143,142,186));
#1337=IFCINDEXEDPOLYGONALFACE((185,184,182));
#1338=IFCINDEXEDPOLYGONALFACE((187,178,200,186));
#1339=IFCINDEXEDPOLYGONALFACE((48,185,182));
#1340=IFCINDEXEDPOLYGONALFACE((189,188,185));
#1341=IFCINDEXEDPOLYGONALFACE((188,187,184));
#1342=IFCINDEXEDPOLYGONALFACE((142,187,186));
#1343=IFCINDEXEDPOLYGONALFACE((188,184,185));
#1344=IFCINDEXEDPOLYGONALFACE((189,185,181));
#1345=IFCINDEXEDPOLYGONALFACE((189,191,188));
#1346=IFCINDEXEDPOLYGONALFACE((194,180,195));
#1347=IFCINDEXEDPOLYGONALFACE((177,175,192));
#1348=IFCINDEXEDPOLYGONALFACE((183,190,179));
#1349=IFCINDEXEDPOLYGONALFACE((185,190,181));
#1350=IFCINDEXEDPOLYGONALFACE((191,189,176));
#1351=IFCINDEXEDPOLYGONALFACE((191,178,188));
#1352=IFCINDEXEDPOLYGONALFACE((194,193,180));
#1353=IFCINDEXEDPOLYGONALFACE((177,193,183));
#1354=IFCINDEXEDPOLYGONALFACE((195,196,194));
#1355=IFCINDEXEDPOLYGONALFACE((183,194,181));
#1356=IFCINDEXEDPOLYGONALFACE((196,195,176));
#1357=IFCINDEXEDPOLYGONALFACE((189,181,196));
#1358=IFCINDEXEDPOLYGONALFACE((176,189,196));
#1359=IFCINDEXEDPOLYGONALFACE((192,175,198,217,207,204,212,205,199,176,195,180,203));
#1360=IFCINDEXEDPOLYGONALFACE((199,206,210,201,202,222,152,143,186,200,178,191,176));
#1361=IFCINDEXEDPOLYGONALFACE((209,221,29));
#1362=IFCINDEXEDPOLYGONALFACE((214,211,221));
#1363=IFCINDEXEDPOLYGONALFACE((215,30,213));
#1364=IFCINDEXEDPOLYGONALFACE((214,223,224));
#1365=IFCINDEXEDPOLYGONALFACE((223,222,202,201,210));
#1366=IFCINDEXEDPOLYGONALFACE((214,209,226,28));
#1367=IFCINDEXEDPOLYGONALFACE((28,153,214));
#1368=IFCINDEXEDPOLYGONALFACE((216,29,221));
#1369=IFCINDEXEDPOLYGONALFACE((218,208,215));
#1370=IFCINDEXEDPOLYGONALFACE((30,215,208));
#1371=IFCINDEXEDPOLYGONALFACE((198,208,217));
#1372=IFCINDEXEDPOLYGONALFACE((212,218,219));
#1373=IFCINDEXEDPOLYGONALFACE((222,223,153));
#1374=IFCINDEXEDPOLYGONALFACE((225,211,224));
#1375=IFCINDEXEDPOLYGONALFACE((216,215,213));
#1376=IFCINDEXEDPOLYGONALFACE((218,212,204,207,217));
#1377=IFCINDEXEDPOLYGONALFACE((29,216,213));
#1378=IFCINDEXEDPOLYGONALFACE((220,219,216));
#1379=IFCINDEXEDPOLYGONALFACE((219,218,215));
#1380=IFCINDEXEDPOLYGONALFACE((208,218,217));
#1381=IFCINDEXEDPOLYGONALFACE((219,215,216));
#1382=IFCINDEXEDPOLYGONALFACE((220,216,211));
#1383=IFCINDEXEDPOLYGONALFACE((220,205,219));
#1384=IFCINDEXEDPOLYGONALFACE((224,210,206));
#1385=IFCINDEXEDPOLYGONALFACE((153,152,222));
#1386=IFCINDEXEDPOLYGONALFACE((214,221,209));
#1387=IFCINDEXEDPOLYGONALFACE((216,221,211));
#1388=IFCINDEXEDPOLYGONALFACE((205,220,199));
#1389=IFCINDEXEDPOLYGONALFACE((205,212,219));
#1390=IFCINDEXEDPOLYGONALFACE((224,223,210));
#1391=IFCINDEXEDPOLYGONALFACE((153,223,214));
#1392=IFCINDEXEDPOLYGONALFACE((206,225,224));
#1393=IFCINDEXEDPOLYGONALFACE((214,224,211));
#1394=IFCINDEXEDPOLYGONALFACE((225,206,199));
#1395=IFCINDEXEDPOLYGONALFACE((220,211,225));
#1396=IFCINDEXEDPOLYGONALFACE((199,220,225));
#1397=IFCCARTESIANPOINTLIST3D(((116.19999999999789,189.99999999999397,1001.190625),(116.19999999999781,189.99999999999397,998.8093749999033),(117.2461779659471,189.99999999999397,996.28367796585258),(119.77187499999775,189.99999999999397,995.23749999990343),(132.62845937911868,189.99999999999397,995.23749999990309),(135.15391997142549,189.99999999999397,996.28358002847528),(136.1999999999978,189.99999999999397,998.80904062078218),(136.19999999999786,189.99999999999397,1001.1906249999995),(135.15382203405028,189.99999999999397,1003.7163220340486),(132.62812499999794,189.99999999999397,1004.7624999999997),(119.77187500000255,189.99999999999397,1004.7624999999998),(117.24617796594892,189.99999999999397,1003.7163220340523),(116.19999999999659,189.99999999998983,874.60937500001694),(117.24617796594757,189.99999999998983,872.08367796596474),(119.77187499999653,189.99999999998983,871.03750000001708),(132.62812500000118,189.99999999998983,871.03750000001696),(135.15382203404891,189.99999999998983,872.08367796596792),(136.19999999999652,189.99999999998983,874.60937500001694),(136.19999999999658,189.99999999998983,876.99095937923425),(135.15391997142427,189.99999999998983,879.51641997154127),(132.62845937911746,189.99999999998983,880.56250000011335),(119.7718749999966,189.99999999998983,880.56250000011357),(117.24617796594588,189.99999999998983,879.51632203416432),(116.19999999999659,189.99999999998983,876.9906250001136),(116.19999999999789,215.39999999999401,1001.1906249999996),(116.19999999999781,225.22215513241423,997.1221551324187),(116.19999999999774,229.29062499999608,987.29999999999848),(116.19999999999666,229.290624999996,888.50000000001808),(116.19999999999659,225.22215513241505,878.67784486759797),(116.19999999999652,215.39999999999483,874.60937500001694),(116.19999999999652,215.39999999999483,876.9906250001136),(116.19999999999659,223.53835710964631,880.36164289036674),(116.19999999999666,226.90937499989948,888.50000000001808),(116.19999999999774,226.90937499989866,987.29999999999848),(116.19999999999781,223.53835710964552,995.43835710965004),(116.19999999999789,215.39999999999401,998.80937499990318),(117.2461779659471,215.39999999999401,996.28367796585258),(119.77187499999775,215.39999999999401,995.23749999990309),(132.62845937911868,215.39999999999401,995.23749999990309),(135.15391997142549,215.39999999999401,996.28358002847517),(136.1999999999978,215.39999999999401,998.80904062078196),(136.19999999999774,223.53812066790158,995.43812066790599),(136.19999999999766,226.90904062077854,987.29999999999836),(136.19999999999666,226.90904062077854,888.50000000001796),(136.19999999999652,223.53812066790238,880.36187933211045),(136.19999999999652,215.39999999999483,876.99095937923425),(136.19999999999644,215.39999999999483,874.60937500001694),(136.19999999999652,225.222155132415,878.67784486759786),(136.19999999999666,229.29062499999583,888.50000000001796),(136.19999999999766,229.29062499999509,987.29999999999836),(136.1999999999978,225.22215513241417,997.12215513241847),(136.1999999999978,215.39999999999401,1001.1906249999994),(135.15382203405028,215.39999999999401,1003.7163220340485),(132.62812499999794,215.39999999999404,1004.7624999999994),(119.77187500000248,215.39999999999404,1004.7624999999997),(117.24617796594892,215.39999999999401,1003.7163220340522),(119.77187499999768,223.33749999989826,987.29999999999848),(119.77187499999775,221.01266007559451,992.91266007559898),(117.24617796594656,224.38367796584794,987.29999999999859),(116.78140857464955,215.39999999999401,997.4057305336986),(116.70555576565883,222.24298507569816,994.14298509265382),(117.98709677673311,221.35056625208352,993.25056624374076),(132.6284593791186,223.3374999998988,987.29999999999848),(132.62845937911868,221.01266007559491,992.91266007559932),(135.15391997142584,224.38358002847119,987.29999999999836),(134.04590861217352,215.39999999999401,995.82462669620963),(134.76312138016962,221.51338357851785,993.41338358207656),(135.82063218584329,223.34094125114936,993.22400247575092),(135.67695998571179,225.64631032462438,987.29999999999836),(132.62812500000234,232.86249999999504,987.29999999999848),(132.62812500000248,227.74785216646484,999.64785216646919),(135.15382203404974,231.81632203404445,987.29999999999836),(132.62812500000248,221.83163475503883,1002.0984296562298),(136.19999999999786,226.62655462752699,993.73163482432744),(132.6281250000024,230.19842965179004,993.73163476575098),(135.15382203110062,228.26035371534002,997.50328043026525),(136.19999999999786,220.31107756620406,999.15639006620893),(135.58423490928865,230.4627515265399,992.37758558088626),(135.63690635524833,219.61502331442571,1002.5435808570606),(135.5337952783793,224.31977900700977,1000.5443828684771),(132.62812500000254,218.61581737751641,1003.4304648281146),(134.24958398102422,220.350093573891,1003.6399131116069),(134.18046471676868,223.95693554542791,1002.1137344160637),(134.53761151533223,226.52372447471902,1000.0352188654434),(135.98308164494148,227.32776266969077,996.58624942475944),(132.62812500000248,224.78974346075182,1000.8731409113494),(132.6281250000024,231.53046482589252,990.51581738287473),(134.23524985577893,231.74588894439648,992.25541470107942),(134.14111197026111,230.31080537176632,995.7247108070452),(132.6281250000024,228.97314090912741,996.68974346611014),(133.90039386900114,228.65357124235084,998.30703592423993),(136.1999999999978,227.95858981376136,990.51581741216285),(119.77187499999775,232.86249999999518,987.29999999999848),(119.77187499999788,227.74785216646492,999.64785216646942),(132.62812499999788,221.57392608322948,1002.2051760832345),(119.77187499999795,221.57392608322948,1002.2051760832346),(119.77187499999795,219.29282875933706,1003.1500375318839),(132.62812499999788,230.30517608323007,993.47392608323389),(119.77187499999781,230.30517608323007,993.47392608323389),(119.77187499999781,229.02651412484749,996.56088912485166),(119.77187499999788,224.66088912484719,1000.926514124852),(119.77187499999781,231.25003710756729,991.19282978372132),(117.24617796594913,231.81632203404757,987.29999999999859),(116.19999999999781,221.83163474801421,998.52655465913938),(119.77187500000255,221.83163476574373,1002.0984296517954),(117.24617796803371,225.60328036712141,1000.1603537643389),(119.77187500000241,230.19842964399882,993.73163478456013),(116.19999999999781,227.25639006620443,992.21107756620859),(116.81576510279838,220.47758550126946,1002.3627515721947),(116.76309361530127,230.64358083633124,991.51502321668659),(116.86620473539647,228.64438288347131,996.21977901924868),(119.77187500000241,231.53046482199676,990.51581739227925),(118.15041598979286,231.73991307712583,992.25009363642721),(118.21953528750967,230.21373440505519,995.85693556861384),(117.86238849299792,228.13521882609379,998.4237245277825),(116.41691835011173,224.68624937025848,999.22776269497899),(119.77187500000255,218.61581738286887,1003.4304648258975),(118.16475016271085,220.3554147512146,1003.6458889389368),(118.25888803269561,223.82471079465518,1002.2108053803588),(118.4996061111066,226.40703587725764,1000.5535712715154),(116.19999999999789,218.61581737400414,999.8585898295695),(117.24617796594595,224.38367796584876,888.50000000001808),(119.77187499999667,223.33749999989948,888.50000000001808),(119.77187499999734,223.33749999989948,954.491140540272),(116.19999999999713,226.90937499989948,937.89999982165239),(116.199999999997,226.90937499989948,921.49556897480193),(119.771874999997,223.33749999989948,921.49557090906444),(116.19999999999735,226.90937499989948,954.30443102521463),(117.24617792769055,224.38367800410464,929.69778258831184),(116.94888188021504,224.72099640804444,909.09889131084935),(117.2413507190421,224.38851445652926,964.79378713909819),(132.62845937911757,223.33749999989962,888.50000000001796),(135.15391997142433,224.38358002847167,888.50000000001796),(136.19999999999698,226.90904062077848,921.31194980790349),(132.62845937911806,223.33749999989942,937.90000041826727),(132.62845937911786,223.33749999989942,921.49402440322922),(136.19999999999732,226.90904062077848,954.30597518753564),(132.6284593791182,223.33749999989942,954.30597559678711),(135.15767667050898,224.38734232409075,929.69701058686542),(134.81735150790286,224.08686882318503,909.10145630035879),(135.15391995527594,224.38358001232251,964.76599387020508),(135.15382203404906,231.81632203404496,888.50000000001796),(132.62812499999671,232.86249999999592,888.50000000001796),(132.62812499999862,232.86249999999592,921.30886191542947),(136.1999999999972,229.29062499999586,937.90000000000828),(136.19999999999706,229.29062499999586,921.49556869493711),(132.62812500000049,232.86249999999592,954.30443154692387),(136.1999999999974,229.29062499999586,954.30443130507922),(135.14996360087966,231.82017458178393,929.69778305835234),(135.45068704302693,231.47955956477193,909.10191993641388),(135.15382206670711,231.8163220013877,964.76437437778884),(119.77187500000133,232.862499999996,888.50000000001808),(117.24617796594771,231.8163220340484,888.50000000001808),(116.19999999999706,229.29062499999608,921.30886154843995),(119.77187500000187,232.862499999996,937.89999884216695),(119.77187500000174,232.862499999996,921.49556807858755),(116.1999999999974,229.29062499999614,954.30443077421921),(119.77187500000208,232.862499999996,954.30442960574624),(117.24232543684724,231.81246361957361,929.6977832693068),(117.58294044297168,232.11318704903687,909.10192002120186),(117.24617800176719,231.81632206986708,964.76437471613247),(119.7718749999966,215.39999999999483,880.56250000011357),(119.7718749999966,221.01266007559562,882.88733992441746),(117.24617796594588,215.39999999999483,879.51632203416432),(116.7814085746484,225.50573053369516,888.50000000001819),(116.70555576565768,222.24298509265,881.65701492431333),(117.98709677673162,221.35056624373817,882.5494337479289),(132.62845937911752,215.39999999999483,880.56250000011312),(132.62845937911752,221.01266007559573,882.88733992441712),(135.15391997142433,215.39999999999483,879.51641997154115),(134.04590861217244,223.92462669620605,888.50000000001808),(134.76312138016849,221.51338358207349,882.38661642149452),(135.82063218584207,221.32400247574597,880.55905874886162),(135.67695998571048,215.39999999999483,878.25368967538782),(132.62812500000118,215.39999999999483,871.03750000001696),(132.62812500000126,227.74785216646566,876.15214783354713),(135.15382203404891,215.39999999999483,872.08367796596781),(132.62812500000132,230.19842965622621,882.06836524497328),(136.19999999999666,221.83163482432445,877.27344537248541),(132.62812500000126,221.83163476574737,873.70157034822182),(135.15382203109934,225.60328043026132,875.6396462846717),(136.19999999999666,227.2563900662054,883.58892243380785),(135.58423490928786,220.47758558088228,873.43724847347244),(135.63690635524713,230.64358085705712,884.28497668558623),(135.53379527837802,228.64438286847354,879.58022099300206),(132.62812500000132,231.53046482811104,885.28418262249568),(134.24958398102302,231.7399131116035,883.54990642612097),(134.1804647167674,230.21373441606016,879.94306445458426),(134.53761151533075,228.13521886543973,877.3762755252925),(135.98308164494026,224.6862494247558,876.57223733032117),(132.62812500000126,228.97314091134592,879.11025653926026),(132.62812500000126,218.61581738287109,872.36953517411939),(134.23524985577797,220.35541470107566,872.15411105561566),(134.14111197025983,223.82471080704147,873.58919462824542),(132.62812500000126,224.78974346610653,874.92685909088448),(133.900393869,226.407035924236,875.24642875766085),(136.19999999999658,218.61581741215963,875.94141018625112),(119.77187499999653,215.39999999999483,871.03750000001696),(119.7718749999966,227.74785216646575,876.15214783354725),(132.62812499999666,230.30517608323089,882.32607391678255),(119.77187499999667,230.30517608323089,882.32607391678266),(119.77187499999673,231.25003753188011,884.60717124067514),(132.62812499999657,221.5739260832303,873.59482391678193),(119.7718749999966,221.5739260832303,873.59482391678216),(119.7718749999966,224.66088912484801,874.87348587516465),(119.77187499999667,229.02651412484829,879.2391108751649),(119.7718749999966,219.29282978371756,872.64996289244493),(117.24617796594757,215.39999999999483,872.08367796596463),(116.19999999999673,226.62655465913608,882.06836525199799),(119.77187500000133,230.19842965179222,882.06836523426841),(117.2461779680325,228.2603537643356,878.29671963289059),(119.77187500000126,221.8316347845564,873.70157035601301),(116.19999999999659,220.31107756620494,876.6436099338074),(116.81576510279716,230.46275157219142,883.4224144987428),(116.76309361529992,219.61502321668274,873.25641916368079),(116.86620473539524,224.3197790192452,875.25561711654052),(119.7718750000012,218.61581739227563,872.36953517801487),(118.1504159897915,220.35009363642337,872.16008692288597),(118.21953528750846,223.95693556861019,873.68626559495658),(117.86238849299677,226.52372452777919,875.7647811739181),(116.41691835011051,227.3277626949756,879.21375062975358),(119.77187500000133,231.53046482589411,885.2841826171433),(118.16475016270962,231.74588893893355,883.5445852487976),(118.25888803269439,230.31080538035556,880.07528920535697),(118.49960611110531,228.65357127151199,877.49296412275442),(116.19999999999673,227.95858982956608,885.28418262600815)));
#1398=IFCPOLYGONALFACESET(#1397,.T.,(#1123,#1124,#1125,#1126,#1127,#1128,#1129,#1130,#1131,#1132,#1133,#1134,#1135,#1136,#1137,#1138,#1139,#1140,#1141,#1142,#1143,#1144,#1145,#1146,#1147,#1148,#1149,#1150,#1151,#1152,#1153,#1154,#1155,#1156,#1157,#1158,#1159,#1160,#1161,#1162,#1163,#1164,#1165,#1166,#1167,#1168,#1169,#1170,#1171,#1172,#1173,#1174,#1175,#1176,#1177,#1178,#1179,#1180,#1181,#1182,#1183,#1184,#1185,#1186,#1187,#1188,#1189,#1190,#1191,#1192,#1193,#1194,#1195,#1196,#1197,#1198,#1199,#1200,#1201,#1202,#1203,#1204,#1205,#1206,#1207,#1208,#1209,#1210,#1211,#1212,#1213,#1214,#1215,#1216,#1217,#1218,#1219,#1220,#1221,#1222,#1223,#1224,#1225,#1226,#1227,#1228,#1229,#1230,#1231,#1232,#1233,#1234,#1235,#1236,#1237,#1238,#1239,#1240,#1241,#1242,#1243,#1244,#1245,#1246,#1247,#1248,#1249,#1250,#1251,#1252,#1253,#1254,#1255,#1256,#1257,#1258,#1259,#1260,#1261,#1262,#1263,#1264,#1265,#1266,#1267,#1268,#1269,#1270,#1271,#1272,#1273,#1274,#1275,#1276,#1277,#1278,#1279,#1280,#1281,#1282,#1283,#1284,#1285,#1286,#1287,#1288,#1289,#1290,#1291,#1292,#1293,#1294,#1295,#1296,#1297,#1298,#1299,#1300,#1301,#1302,#1303,#1304,#1305,#1306,#1307,#1308,#1309,#1310,#1311,#1312,#1313,#1314,#1315,#1316,#1317,#1318,#1319,#1320,#1321,#1322,#1323,#1324,#1325,#1326,#1327,#1328,#1329,#1330,#1331,#1332,#1333,#1334,#1335,#1336,#1337,#1338,#1339,#1340,#1341,#1342,#1343,#1344,#1345,#1346,#1347,#1348,#1349,#1350,#1351,#1352,#1353,#1354,#1355,#1356,#1357,#1358,#1359,#1360,#1361,#1362,#1363,#1364,#1365,#1366,#1367,#1368,#1369,#1370,#1371,#1372,#1373,#1374,#1375,#1376,#1377,#1378,#1379,#1380,#1381,#1382,#1383,#1384,#1385,#1386,#1387,#1388,#1389,#1390,#1391,#1392,#1393,#1394,#1395,#1396),$);
#1399=IFCINDEXEDCOLOURMAP(#1398,1.,#1122,(1,1,1,1,1,1,1,1,1,1,1,1,1,1,1,1,1,1,1,1,1,1,1,1,1,1,1,1,1,1,1,1,1,1,1,1,1,1,1,1,1,1,1,1,1,1,1,1,1,1,1,1,1,1,1,1,1,1,1,1,1,1,1,1,1,1,1,1,1,1,1,1,1,1,1,1,1,1,1,1,1,1,1,1,1,1,1,1,1,1,1,1,1,1,1,1,1,1,1,1,1,1,1,1,1,1,1,1,1,1,1,1,1,1,1,1,1,1,1,1,1,1,1,1,1,1,1,1,1,1,1,1,1,1,1,1,1,1,1,1,1,1,1,1,1,1,1,1,1,1,1,1,1,1,1,1,1,1,1,1,1,1,1,1,1,1,1,1,1,1,1,1,1,1,1,1,1,1,1,1,1,1,1,1,1,1,1,1,1,1,1,1,1,1,1,1,1,1,1,1,1,1,1,1,1,1,1,1,1,1,1,1,1,1,1,1,1,1,1,1,1,1,1,1,1,1,1,1,1,1,1,1,1,1,1,1,1,1,1,1,1,1,1,1,1,1,1,1,1,1,1,1,1,1,1,1,1,1,1,1,1,1,1,1,1,1,1,1,1,1,1,1,1,1));
#1400=IFCSTYLEDITEM(#1398,(#1051),$);
#1401=IFCCOLOURRGBLIST(((0.96862745098039216,0.96862745098039216,0.96862745098039216)));
#1402=IFCINDEXEDPOLYGONALFACE((11,12,13,14,15,16,17,18,19,20,21,22,23,24,1,2,3,4,5,6,7,8,9,10));
#1403=IFCINDEXEDPOLYGONALFACE((31,32,33,34,35,36,37,38,39,40,41,42,43,44,45,46,47,48,25,26,27,28,29,30));
#1404=IFCINDEXEDPOLYGONALFACE((48,2,1,25));
#1405=IFCINDEXEDPOLYGONALFACE((47,3,2,48));
#1406=IFCINDEXEDPOLYGONALFACE((5,4,46,45));
#1407=IFCINDEXEDPOLYGONALFACE((47,46,4,3));
#1408=IFCINDEXEDPOLYGONALFACE((6,5,45,44));
#1409=IFCINDEXEDPOLYGONALFACE((7,6,44,43));
#1410=IFCINDEXEDPOLYGONALFACE((42,8,7,43));
#1411=IFCINDEXEDPOLYGONALFACE((41,9,8,42));
#1412=IFCINDEXEDPOLYGONALFACE((11,10,40,39));
#1413=IFCINDEXEDPOLYGONALFACE((41,40,10,9));
#1414=IFCINDEXEDPOLYGONALFACE((12,11,39,38));
#1415=IFCINDEXEDPOLYGONALFACE((13,12,38,37));
#1416=IFCINDEXEDPOLYGONALFACE((36,14,13,37));
#1417=IFCINDEXEDPOLYGONALFACE((35,15,14,36));
#1418=IFCINDEXEDPOLYGONALFACE((17,16,34,33));
#1419=IFCINDEXEDPOLYGONALFACE((35,34,16,15));
#1420=IFCINDEXEDPOLYGONALFACE((18,17,33,32));
#1421=IFCINDEXEDPOLYGONALFACE((19,18,32,31));
#1422=IFCINDEXEDPOLYGONALFACE((30,20,19,31));
#1423=IFCINDEXEDPOLYGONALFACE((29,21,20,30));
#1424=IFCINDEXEDPOLYGONALFACE((23,22,28,27));
#1425=IFCINDEXEDPOLYGONALFACE((29,28,22,21));
#1426=IFCINDEXEDPOLYGONALFACE((24,23,27,26));
#1427=IFCINDEXEDPOLYGONALFACE((1,24,26,25));
#1428=IFCCARTESIANPOINTLIST3D(((107.1999999999897,189.99999999998687,1098.7999999999918),(107.8474093004974,189.99999999998693,1093.8824381430438),(109.74551732808537,189.99999999998698,1089.2999999999918),(112.7649711574453,189.99999999998701,1085.3649711574474),(116.69999999998964,189.99999999998707,1082.3455173280875),(121.28243814304176,189.9999999999871,1080.4474093004994),(126.19999999998966,189.99999999998712,1079.7999999999918),(131.11756185693756,189.9999999999871,1080.4474093004994),(135.69999999998964,189.99999999998707,1082.3455173280872),(139.63502884253407,189.99999999998701,1085.3649711574471),(142.65448267189402,189.99999999998698,1089.2999999999915),(144.55259069948195,189.99999999998693,1093.8824381430438),(145.19999999998973,189.99999999998687,1098.7999999999918),(144.55259069948204,189.99999999998678,1103.7175618569395),(142.65448267189407,189.99999999998673,1108.2999999999918),(139.63502884253413,189.99999999998664,1112.2350288425359),(135.69999999998973,189.99999999998661,1115.2544826718959),(131.11756185693761,189.99999999998658,1117.1525906994841),(126.19999999998979,189.99999999998658,1117.7999999999918),(121.28243814304189,189.99999999998658,1117.1525906994841),(116.69999999998979,189.99999999998661,1115.2544826718959),(112.76497115744537,189.99999999998664,1112.2350288425362),(109.74551732808544,189.99999999998673,1108.2999999999918),(107.84740930049747,189.99999999998678,1103.7175618569397),(107.1999999999897,198.73124999998683,1098.7999999999918),(107.84740930049747,198.73124999998677,1103.7175618569397),(109.74551732808544,198.73124999998669,1108.2999999999918),(112.76497115744537,198.73124999998663,1112.2350288425364),(116.69999999998979,198.73124999998663,1115.2544826718963),(121.28243814304189,198.73124999998657,1117.1525906994841),(126.19999999998979,198.73124999998657,1117.7999999999918),(131.11756185693761,198.73124999998657,1117.1525906994841),(135.69999999998973,198.73124999998663,1115.2544826718961),(139.63502884253413,198.73124999998663,1112.2350288425362),(142.65448267189407,198.73124999998669,1108.2999999999918),(144.55259069948204,198.73124999998677,1103.7175618569397),(145.19999999998973,198.73124999998683,1098.7999999999918),(144.55259069948195,198.73124999998691,1093.8824381430438),(142.65448267189402,198.73124999998697,1089.2999999999918),(139.63502884253407,198.73124999998703,1085.3649711574474),(135.69999999998964,198.73124999998703,1082.3455173280875),(131.11756185693756,198.73124999998711,1080.4474093004994),(126.19999999998966,198.73124999998711,1079.7999999999918),(121.28243814304176,198.73124999998711,1080.4474093004994),(116.69999999998964,198.73124999998703,1082.3455173280875),(112.7649711574453,198.73124999998703,1085.3649711574474),(109.74551732808537,198.73124999998697,1089.299999999992),(107.8474093004974,198.73124999998691,1093.8824381430441)));
#1429=IFCPOLYGONALFACESET(#1428,.T.,(#1402,#1403,#1404,#1405,#1406,#1407,#1408,#1409,#1410,#1411,#1412,#1413,#1414,#1415,#1416,#1417,#1418,#1419,#1420,#1421,#1422,#1423,#1424,#1425,#1426,#1427),$);
#1430=IFCINDEXEDCOLOURMAP(#1429,1.,#1401,(1,1,1,1,1,1,1,1,1,1,1,1,1,1,1,1,1,1,1,1,1,1,1,1,1,1));
#1431=IFCSTYLEDITEM(#1429,(#1051),$);
#1432=IFCCOLOURRGBLIST(((0.96862745098039216,0.96862745098039216,0.96862745098039216)));
#1433=IFCINDEXEDPOLYGONALFACE((9,10,1,2,3,4,5,6,7,8));
#1434=IFCINDEXEDPOLYGONALFACE((20,11,12,13,14,15,16,17,18,19));
#1435=IFCINDEXEDPOLYGONALFACE((11,20,2,1));
#1436=IFCINDEXEDPOLYGONALFACE((2,20,19,3));
#1437=IFCINDEXEDPOLYGONALFACE((19,18,4,3));
#1438=IFCINDEXEDPOLYGONALFACE((18,17,5,4));
#1439=IFCINDEXEDPOLYGONALFACE((6,5,17,16));
#1440=IFCINDEXEDPOLYGONALFACE((16,15,7,6));
#1441=IFCINDEXEDPOLYGONALFACE((7,15,14,8));
#1442=IFCINDEXEDPOLYGONALFACE((14,13,9,8));
#1443=IFCINDEXEDPOLYGONALFACE((13,12,10,9));
#1444=IFCINDEXEDPOLYGONALFACE((1,10,12,11));
#1445=IFCCARTESIANPOINTLIST3D(((166.19999999999706,174.99999999998579,1174.999999999987),(146.74054620897169,174.99999999998568,1181.9906562952031),(126.20000000000427,174.99999999998568,1184.3624865421159),(105.65945379103603,174.99999999998568,1181.9906562952099),(86.200000000008359,174.99999999998579,1175.0000000000002),(86.200000000007876,174.99999999999059,824.9999999999884),(105.65945379103522,174.99999999999073,818.0093437047783),(126.20000000000312,174.99999999999073,815.63751345787125),(146.74054620897061,174.99999999999073,818.00934370478251),(166.19999999999652,174.99999999999059,824.99999999999682),(166.19999999999706,189.99999999998576,1174.999999999987),(166.19999999999652,189.99999999999065,824.99999999999682),(146.74054620897061,189.99999999999071,818.00934370478262),(126.20000000000312,189.99999999999079,815.63751345787136),(105.65945379103522,189.99999999999071,818.00934370477842),(86.200000000008359,189.99999999999065,824.9999999999884),(86.200000000008359,189.99999999998576,1175.0000000000005),(105.65945379103603,189.9999999999857,1181.9906562952101),(126.20000000000427,189.99999999998565,1184.3624865421161),(146.74054620897169,189.9999999999857,1181.9906562952033)));
#1446=IFCPOLYGONALFACESET(#1445,.T.,(#1433,#1434,#1435,#1436,#1437,#1438,#1439,#1440,#1441,#1442,#1443,#1444),$);
#1447=IFCINDEXEDCOLOURMAP(#1446,1.,#1432,(1,1,1,1,1,1,1,1,1,1,1,1));
#1448=IFCSTYLEDITEM(#1446,(#1051),$);
#1449=IFCCOLOURRGBLIST(((0.40784313725490196,0.40784313725490196,0.40784313725490196)));
#1450=IFCINDEXEDPOLYGONALFACEWITHVOIDS((1,2,3,4),((5,6,7,8),(9,10,11,12)));
#1451=IFCINDEXEDPOLYGONALFACEWITHVOIDS((13,14,15,16),((17,18,19,20),(21,22,23,24)));
#1452=IFCINDEXEDPOLYGONALFACE((2,1,13,16));
#1453=IFCINDEXEDPOLYGONALFACE((3,2,16,15));
#1454=IFCINDEXEDPOLYGONALFACE((4,3,15,14));
#1455=IFCINDEXEDPOLYGONALFACE((1,4,14,13));
#1456=IFCINDEXEDPOLYGONALFACE((6,5,17,20));
#1457=IFCINDEXEDPOLYGONALFACE((7,6,20,19));
#1458=IFCINDEXEDPOLYGONALFACE((8,7,19,18));
#1459=IFCINDEXEDPOLYGONALFACE((5,8,18,17));
#1460=IFCINDEXEDPOLYGONALFACE((10,9,21,24));
#1461=IFCINDEXEDPOLYGONALFACE((11,10,24,23));
#1462=IFCINDEXEDPOLYGONALFACE((12,11,23,22));
#1463=IFCINDEXEDPOLYGONALFACE((9,12,22,21));
#1464=IFCCARTESIANPOINTLIST3D(((49.99999999999973,130.0000000000029,2000.0000000000023),(49.999999999999801,130.0000000000029,15.000000000004711),(949.99999999999977,130.0000000000029,15.000000000004711),(949.99999999999977,130.0000000000029,2000.0000000000023),(199.99999999999645,130.0000000000029,1850.0000000000014),(799.99999999999625,130.0000000000029,1850.0000000000014),(799.99999999999625,130.0000000000029,1100.0000000000023),(199.99999999999645,130.0000000000029,1100.0000000000023),(199.99999999999645,130.0000000000029,900.00000000000102),(799.99999999999625,130.0000000000029,900.00000000000102),(799.99999999999625,130.0000000000029,249.99999999999784),(199.99999999999645,130.0000000000029,249.99999999999784),(49.99999999999973,175.00000000000185,2000.0000000000023),(949.99999999999977,175.00000000000185,2000.0000000000023),(949.99999999999977,175.00000000000185,15.000000000004711),(49.999999999999801,175.00000000000185,15.000000000004711),(199.99999999999645,175.00000000000185,1850.0000000000014),(199.99999999999645,175.00000000000185,1100.0000000000023),(799.99999999999625,175.00000000000185,1100.0000000000023),(799.99999999999625,175.00000000000185,1850.0000000000014),(199.99999999999645,175.00000000000185,900.00000000000102),(199.99999999999645,175.00000000000185,249.99999999999784),(799.99999999999625,175.00000000000185,249.99999999999784),(799.99999999999625,175.00000000000185,900.00000000000102)));
#1465=IFCPOLYGONALFACESET(#1464,.T.,(#1450,#1451,#1452,#1453,#1454,#1455,#1456,#1457,#1458,#1459,#1460,#1461,#1462,#1463),$);
#1466=IFCINDEXEDCOLOURMAP(#1465,1.,#1449,(1,1,1,1,1,1,1,1,1,1,1,1,1,1));
#1467=IFCCOLOURRGB($,0.40784313725490196,0.40784313725490196,0.40784313725490196);
#1468=IFCSURFACESTYLERENDERING(#1467,0.,$,$,$,$,IFCNORMALISEDRATIOMEASURE(0.5),IFCSPECULAREXPONENT(128.),.NOTDEFINED.);
#1469=IFCSURFACESTYLE('Metal - Painted - Grey',.BOTH.,(#1468));
#1470=IFCSTYLEDITEM(#1465,(#1469),$);
#1471=IFCCOLOURRGBLIST(((0.40784313725490196,0.40784313725490196,0.40784313725490196)));
#1472=IFCINDEXEDPOLYGONALFACE((1,2,3,4,5,6,7,8));
#1473=IFCINDEXEDPOLYGONALFACE((2,1,9,10));
#1474=IFCINDEXEDPOLYGONALFACE((3,2,10,11,12,13,14,15));
#1475=IFCINDEXEDPOLYGONALFACE((4,3,15,16));
#1476=IFCINDEXEDPOLYGONALFACE((5,4,16,17,18,19,20,21));
#1477=IFCINDEXEDPOLYGONALFACE((6,5,21,22));
#1478=IFCINDEXEDPOLYGONALFACE((7,6,22,23,24,25,26,27));
#1479=IFCINDEXEDPOLYGONALFACE((8,7,27,28));
#1480=IFCINDEXEDPOLYGONALFACE((1,8,28,29,30,31,32,9));
#1481=IFCINDEXEDPOLYGONALFACE((10,9,32,11));
#1482=IFCINDEXEDPOLYGONALFACE((21,20,23,22));
#1483=IFCINDEXEDPOLYGONALFACE((27,26,29,28));
#1484=IFCINDEXEDPOLYGONALFACE((13,12,31,30,25,24,19,18));
#1485=IFCINDEXEDPOLYGONALFACE((12,11,32,31));
#1486=IFCINDEXEDPOLYGONALFACE((14,13,18,17));
#1487=IFCINDEXEDPOLYGONALFACE((20,19,24,23));
#1488=IFCINDEXEDPOLYGONALFACE((26,25,30,29));
#1489=IFCINDEXEDPOLYGONALFACE((16,15,14,17));
#1490=IFCCARTESIANPOINTLIST3D(((950.00000000000034,125.23750000000315,0.),(950.00000000000034,175.00000000000318,0.),(1000.0000000000001,175.00000000000318,0.),(1000.0000000000001,25.000000000003233,0.),(950.00000000000034,25.000000000003233,0.),(950.00000000000034,74.212500000003118,0.),(934.12500000000011,74.212500000003118,0.),(934.12500000000011,125.23750000000315,0.),(950.00000000000034,125.23750000000315,2000.0000000000023),(950.00000000000034,175.00000000000318,2000.0000000000023),(49.999999999999666,175.00000000000318,2000.0000000000025),(49.99999999999973,175.00000000000318,0.),(0.,175.00000000000318,0.),(6.7679195581149545E-014,175.00000000000327,2100.),(1000.0000000000001,175.00000000000324,2100.),(1000.0000000000001,25.000000000003844,2100.),(6.7679195581149545E-014,25.000000000003869,2100.),(0.,25.000000000003233,0.),(49.99999999999973,25.000000000003233,0.),(49.99999999999973,25.000000000003201,2000.0000000000025),(950.00000000000034,25.000000000003201,2000.0000000000023),(950.00000000000034,74.212500000003118,2000.0000000000023),(49.999999999999666,74.212500000003118,2000.0000000000025),(49.99999999999973,74.212500000003118,0.),(65.874999999999915,74.212500000003118,0.),(65.874999999999986,74.212500000003118,1984.1250000000023),(934.12500000000011,74.212500000003118,1984.1250000000023),(934.12500000000011,125.23750000000315,1984.1250000000023),(65.874999999999915,125.23750000000315,1984.1250000000023),(65.874999999999915,125.23750000000315,0.),(49.99999999999973,125.23750000000315,0.),(49.99999999999973,125.23750000000315,2000.0000000000025)));
#1491=IFCPOLYGONALFACESET(#1490,.T.,(#1472,#1473,#1474,#1475,#1476,#1477,#1478,#1479,#1480,#1481,#1482,#1483,#1484,#1485,#1486,#1487,#1488,#1489),$);
#1492=IFCINDEXEDCOLOURMAP(#1491,1.,#1471,(1,1,1,1,1,1,1,1,1,1,1,1,1,1,1,1,1,1));
#1493=IFCSTYLEDITEM(#1491,(#1469),$);
#1494=IFCCOLOURRGBLIST(((0.96078431372549022,0.96078431372549022,0.95294117647058818)));
#1495=IFCINDEXEDPOLYGONALFACE((1,2,3,4));
#1496=IFCINDEXEDPOLYGONALFACE((2,1,5,6));
#1497=IFCINDEXEDPOLYGONALFACE((3,2,6,7));
#1498=IFCINDEXEDPOLYGONALFACE((4,3,7,8));
#1499=IFCINDEXEDPOLYGONALFACE((1,4,8,5));
#1500=IFCINDEXEDPOLYGONALFACE((5,8,7,6));
#1501=IFCCARTESIANPOINTLIST3D(((199.99999999999645,142.5000000000035,1850.0000000000014),(199.99999999999645,142.5000000000035,1100.0000000000023),(799.99999999999625,142.5000000000035,1100.0000000000023),(799.99999999999625,142.5000000000035,1850.0000000000014),(199.99999999999645,162.50000000000435,1850.0000000000014),(199.99999999999645,162.50000000000435,1100.0000000000023),(799.99999999999625,162.50000000000435,1100.0000000000023),(799.99999999999625,162.50000000000435,1850.0000000000014)));
#1502=IFCPOLYGONALFACESET(#1501,.T.,(#1495,#1496,#1497,#1498,#1499,#1500),$);
#1503=IFCINDEXEDCOLOURMAP(#1502,0.,#1494,(1,1,1,1,1,1));
#1504=IFCCOLOURRGB($,0.96078431372549022,0.96078431372549022,0.95294117647058818);
#1505=IFCSURFACESTYLERENDERING(#1504,1.,$,$,$,$,IFCNORMALISEDRATIOMEASURE(0.5),IFCSPECULAREXPONENT(64.),.NOTDEFINED.);
#1506=IFCSURFACESTYLE('Glass',.BOTH.,(#1505));
#1507=IFCSTYLEDITEM(#1502,(#1506),$);
#1508=IFCCOLOURRGBLIST(((0.96078431372549022,0.96078431372549022,0.95294117647058818)));
#1509=IFCINDEXEDPOLYGONALFACE((1,2,3,4));
#1510=IFCINDEXEDPOLYGONALFACE((5,6,1,4));
#1511=IFCINDEXEDPOLYGONALFACE((7,5,4,3));
#1512=IFCINDEXEDPOLYGONALFACE((8,7,3,2));
#1513=IFCINDEXEDPOLYGONALFACE((6,8,2,1));
#1514=IFCINDEXEDPOLYGONALFACE((6,5,7,8));
#1515=IFCCARTESIANPOINTLIST3D(((199.99999999999645,162.50000000000435,900.00000000000102),(799.99999999999625,162.50000000000435,900.00000000000102),(799.99999999999625,162.50000000000435,249.99999999999758),(199.99999999999645,162.50000000000435,249.99999999999758),(199.99999999999645,142.5000000000035,249.99999999999758),(199.99999999999645,142.5000000000035,900.00000000000102),(799.99999999999625,142.5000000000035,249.99999999999758),(799.99999999999625,142.5000000000035,900.00000000000102)));
#1516=IFCPOLYGONALFACESET(#1515,.T.,(#1509,#1510,#1511,#1512,#1513,#1514),$);
#1517=IFCINDEXEDCOLOURMAP(#1516,0.,#1508,(1,1,1,1,1,1));
#1518=IFCSTYLEDITEM(#1516,(#1506),$);
#1519=IFCCOLOURRGBLIST(((0.40784313725490196,0.40784313725490196,0.40784313725490196)));
#1520=IFCINDEXEDPOLYGONALFACE((1,2,3,4));
#1521=IFCINDEXEDPOLYGONALFACE((264,70,104,103,186,88,152,151,221,87,232,110,194,109,179,140,156,77,136,135,202,96,139,138,209,95,248,118,251,117,219,125,190,76,124,123,217,92,133,132,214,91,145,144,241,112,239,115,203,78,168,128,155,84,175,147,157,83,226,100,222,99,107,106,146,75,265));
#1522=IFCINDEXEDPOLYGONALFACE((268,430,431,465,450,442,459,457,439,463,449,454,437,473,440,478,438,484,487,441,451,269));
#1523=IFCINDEXEDPOLYGONALFACE((5,6,7,8,44,29,21,38,36,18,42,28,33,16,52,19,57,17,63,66,20,30));
#1524=IFCINDEXEDPOLYGONALFACE((267,266,428,429));
#1525=IFCINDEXEDPOLYGONALFACE((427,320,522,521,604,506,570,569,639,505,650,528,612,527,597,558,574,495,554,553,620,514,557,556,627,513,666,536,669,535,637,543,608,494,542,541,635,510,551,550,632,509,563,562,659,530,657,533,621,496,586,546,573,502,593,565,575,501,644,518,640,517,525,524,564,493,682));
#1526=IFCINDEXEDPOLYGONALFACE((31,23,34));
#1527=IFCINDEXEDPOLYGONALFACE((10,5,69));
#1528=IFCINDEXEDPOLYGONALFACE((29,34,35));
#1529=IFCINDEXEDPOLYGONALFACE((21,29,35,38));
#1530=IFCINDEXEDPOLYGONALFACE((34,23,35));
#1531=IFCINDEXEDPOLYGONALFACE((51,16,50));
#1532=IFCINDEXEDPOLYGONALFACE((65,62,14));
#1533=IFCINDEXEDPOLYGONALFACE((51,53,54));
#1534=IFCINDEXEDPOLYGONALFACE((45,46,47));
#1535=IFCINDEXEDPOLYGONALFACE((55,58,56));
#1536=IFCINDEXEDPOLYGONALFACE((60,61,62));
#1537=IFCINDEXEDPOLYGONALFACE((69,5,30));
#1538=IFCINDEXEDPOLYGONALFACE((63,62,65));
#1539=IFCINDEXEDPOLYGONALFACE((31,34,59));
#1540=IFCINDEXEDPOLYGONALFACE((60,58,24));
#1541=IFCINDEXEDPOLYGONALFACE((41,43,40));
#1542=IFCINDEXEDPOLYGONALFACE((43,41,26));
#1543=IFCINDEXEDPOLYGONALFACE((50,48,49));
#1544=IFCINDEXEDPOLYGONALFACE((50,33,48));
#1545=IFCINDEXEDPOLYGONALFACE((12,31,59));
#1546=IFCINDEXEDPOLYGONALFACE((44,11,59));
#1547=IFCINDEXEDPOLYGONALFACE((67,68,20));
#1548=IFCINDEXEDPOLYGONALFACE((30,68,69));
#1549=IFCINDEXEDPOLYGONALFACE((32,9,10));
#1550=IFCINDEXEDPOLYGONALFACE((319,318,538));
#1551=IFCINDEXEDPOLYGONALFACE((539,491,492));
#1552=IFCINDEXEDPOLYGONALFACE((579,497,609));
#1553=IFCINDEXEDPOLYGONALFACE((48,28,47));
#1554=IFCINDEXEDPOLYGONALFACE((44,59,29));
#1555=IFCINDEXEDPOLYGONALFACE((40,36,39));
#1556=IFCINDEXEDPOLYGONALFACE((38,39,36));
#1557=IFCINDEXEDPOLYGONALFACE((35,23,37));
#1558=IFCINDEXEDPOLYGONALFACE((39,38,35));
#1559=IFCINDEXEDPOLYGONALFACE((39,35,37));
#1560=IFCINDEXEDPOLYGONALFACE((37,15,39));
#1561=IFCINDEXEDPOLYGONALFACE((40,39,15));
#1562=IFCINDEXEDPOLYGONALFACE((45,42,43));
#1563=IFCINDEXEDPOLYGONALFACE((18,36,40));
#1564=IFCINDEXEDPOLYGONALFACE((40,15,41));
#1565=IFCINDEXEDPOLYGONALFACE((45,43,26));
#1566=IFCINDEXEDPOLYGONALFACE((40,43,18));
#1567=IFCINDEXEDPOLYGONALFACE((42,18,43));
#1568=IFCINDEXEDPOLYGONALFACE((11,44,8));
#1569=IFCINDEXEDPOLYGONALFACE((579,542,494));
#1570=IFCINDEXEDPOLYGONALFACE((319,522,320));
#1571=IFCINDEXEDPOLYGONALFACE((492,493,564));
#1572=IFCINDEXEDPOLYGONALFACE((46,25,47));
#1573=IFCINDEXEDPOLYGONALFACE((28,42,45));
#1574=IFCINDEXEDPOLYGONALFACE((45,26,46));
#1575=IFCINDEXEDPOLYGONALFACE((48,47,25));
#1576=IFCINDEXEDPOLYGONALFACE((45,47,28));
#1577=IFCINDEXEDPOLYGONALFACE((27,50,49));
#1578=IFCINDEXEDPOLYGONALFACE((28,48,33));
#1579=IFCINDEXEDPOLYGONALFACE((48,25,49));
#1580=IFCINDEXEDPOLYGONALFACE((51,50,27));
#1581=IFCINDEXEDPOLYGONALFACE((16,33,50));
#1582=IFCINDEXEDPOLYGONALFACE((54,53,13));
#1583=IFCINDEXEDPOLYGONALFACE((54,56,52));
#1584=IFCINDEXEDPOLYGONALFACE((51,27,53));
#1585=IFCINDEXEDPOLYGONALFACE((51,54,16));
#1586=IFCINDEXEDPOLYGONALFACE((54,13,56));
#1587=IFCINDEXEDPOLYGONALFACE((54,52,16));
#1588=IFCINDEXEDPOLYGONALFACE((60,57,58));
#1589=IFCINDEXEDPOLYGONALFACE((55,56,13));
#1590=IFCINDEXEDPOLYGONALFACE((52,56,19));
#1591=IFCINDEXEDPOLYGONALFACE((57,19,58));
#1592=IFCINDEXEDPOLYGONALFACE((55,24,58));
#1593=IFCINDEXEDPOLYGONALFACE((56,58,19));
#1594=IFCINDEXEDPOLYGONALFACE((59,34,29));
#1595=IFCINDEXEDPOLYGONALFACE((12,59,11));
#1596=IFCINDEXEDPOLYGONALFACE((61,14,62));
#1597=IFCINDEXEDPOLYGONALFACE((17,57,60));
#1598=IFCINDEXEDPOLYGONALFACE((60,24,61));
#1599=IFCINDEXEDPOLYGONALFACE((14,64,65));
#1600=IFCINDEXEDPOLYGONALFACE((60,62,17));
#1601=IFCINDEXEDPOLYGONALFACE((67,20,66));
#1602=IFCINDEXEDPOLYGONALFACE((63,17,62));
#1603=IFCINDEXEDPOLYGONALFACE((22,68,67));
#1604=IFCINDEXEDPOLYGONALFACE((65,66,63));
#1605=IFCINDEXEDPOLYGONALFACE((67,65,64));
#1606=IFCINDEXEDPOLYGONALFACE((65,67,66));
#1607=IFCINDEXEDPOLYGONALFACE((22,67,64));
#1608=IFCINDEXEDPOLYGONALFACE((69,22,32));
#1609=IFCINDEXEDPOLYGONALFACE((30,20,68));
#1610=IFCINDEXEDPOLYGONALFACE((22,69,68));
#1611=IFCINDEXEDPOLYGONALFACE((10,69,32));
#1612=IFCINDEXEDPOLYGONALFACE((161,124,76));
#1613=IFCINDEXEDPOLYGONALFACE((71,104,70));
#1614=IFCINDEXEDPOLYGONALFACE((74,75,146));
#1615=IFCINDEXEDPOLYGONALFACE((432,465,431));
#1616=IFCINDEXEDPOLYGONALFACE((93,163,171));
#1617=IFCINDEXEDPOLYGONALFACE((167,155,128));
#1618=IFCINDEXEDPOLYGONALFACE((246,112,241));
#1619=IFCINDEXEDPOLYGONALFACE((236,194,110));
#1620=IFCINDEXEDPOLYGONALFACE((172,151,153));
#1621=IFCINDEXEDPOLYGONALFACE((136,77,199));
#1622=IFCINDEXEDPOLYGONALFACE((223,225,101));
#1623=IFCINDEXEDPOLYGONALFACE((71,72,120));
#1624=IFCINDEXEDPOLYGONALFACE((121,73,74));
#1625=IFCINDEXEDPOLYGONALFACE((161,79,191));
#1626=IFCINDEXEDPOLYGONALFACE((453,271,270));
#1627=IFCINDEXEDPOLYGONALFACE((79,161,192));
#1628=IFCINDEXEDPOLYGONALFACE((147,181,157));
#1629=IFCINDEXEDPOLYGONALFACE((85,174,207));
#1630=IFCINDEXEDPOLYGONALFACE((168,78,169));
#1631=IFCINDEXEDPOLYGONALFACE((208,180,178));
#1632=IFCINDEXEDPOLYGONALFACE((187,210,88));
#1633=IFCINDEXEDPOLYGONALFACE((102,211,185));
#1634=IFCINDEXEDPOLYGONALFACE((90,160,182));
#1635=IFCINDEXEDPOLYGONALFACE((189,81,169));
#1636=IFCINDEXEDPOLYGONALFACE((92,171,163));
#1637=IFCINDEXEDPOLYGONALFACE((250,249,119));
#1638=IFCINDEXEDPOLYGONALFACE((184,138,159));
#1639=IFCINDEXEDPOLYGONALFACE((256,97,197));
#1640=IFCINDEXEDPOLYGONALFACE((188,135,158));
#1641=IFCINDEXEDPOLYGONALFACE((227,228,82));
#1642=IFCINDEXEDPOLYGONALFACE((146,166,74));
#1643=IFCINDEXEDPOLYGONALFACE((223,98,224));
#1644=IFCINDEXEDPOLYGONALFACE((226,230,100));
#1645=IFCINDEXEDPOLYGONALFACE((186,103,211));
#1646=IFCINDEXEDPOLYGONALFACE((146,106,166));
#1647=IFCINDEXEDPOLYGONALFACE((102,185,120));
#1648=IFCINDEXEDPOLYGONALFACE((105,164,154));
#1649=IFCINDEXEDPOLYGONALFACE((164,231,154));
#1650=IFCINDEXEDPOLYGONALFACE((107,164,106));
#1651=IFCINDEXEDPOLYGONALFACE((235,236,110));
#1652=IFCINDEXEDPOLYGONALFACE((225,230,101));
#1653=IFCINDEXEDPOLYGONALFACE((183,108,180));
#1654=IFCINDEXEDPOLYGONALFACE((234,232,87));
#1655=IFCINDEXEDPOLYGONALFACE((239,112,240));
#1656=IFCINDEXEDPOLYGONALFACE((160,91,182));
#1657=IFCINDEXEDPOLYGONALFACE((115,239,243));
#1658=IFCINDEXEDPOLYGONALFACE((204,189,247));
#1659=IFCINDEXEDPOLYGONALFACE((162,126,127));
#1660=IFCINDEXEDPOLYGONALFACE((250,119,253));
#1661=IFCINDEXEDPOLYGONALFACE((251,118,253));
#1662=IFCINDEXEDPOLYGONALFACE((249,250,263));
#1663=IFCINDEXEDPOLYGONALFACE((104,71,185));
#1664=IFCINDEXEDPOLYGONALFACE((120,185,71));
#1665=IFCINDEXEDPOLYGONALFACE((157,181,229));
#1666=IFCINDEXEDPOLYGONALFACE((260,218,171));
#1667=IFCINDEXEDPOLYGONALFACE((161,261,124));
#1668=IFCINDEXEDPOLYGONALFACE((165,126,162));
#1669=IFCINDEXEDPOLYGONALFACE((117,252,255));
#1670=IFCINDEXEDPOLYGONALFACE((162,125,165));
#1671=IFCINDEXEDPOLYGONALFACE((173,84,155));
#1672=IFCINDEXEDPOLYGONALFACE((168,206,128));
#1673=IFCINDEXEDPOLYGONALFACE((129,130,167));
#1674=IFCINDEXEDPOLYGONALFACE((163,133,92));
#1675=IFCINDEXEDPOLYGONALFACE((252,117,251));
#1676=IFCINDEXEDPOLYGONALFACE((259,215,182));
#1677=IFCINDEXEDPOLYGONALFACE((133,163,258));
#1678=IFCINDEXEDPOLYGONALFACE((97,257,201));
#1679=IFCINDEXEDPOLYGONALFACE((135,136,158));
#1680=IFCINDEXEDPOLYGONALFACE((158,134,188));
#1681=IFCINDEXEDPOLYGONALFACE((159,138,139));
#1682=IFCINDEXEDPOLYGONALFACE((242,241,144));
#1683=IFCINDEXEDPOLYGONALFACE((95,209,262));
#1684=IFCINDEXEDPOLYGONALFACE((159,137,184));
#1685=IFCINDEXEDPOLYGONALFACE((208,179,180));
#1686=IFCINDEXEDPOLYGONALFACE((177,170,156));
#1687=IFCINDEXEDPOLYGONALFACE((142,170,177));
#1688=IFCINDEXEDPOLYGONALFACE((160,145,91));
#1689=IFCINDEXEDPOLYGONALFACE((145,160,244));
#1690=IFCINDEXEDPOLYGONALFACE((166,164,105));
#1691=IFCINDEXEDPOLYGONALFACE((147,175,176));
#1692=IFCINDEXEDPOLYGONALFACE((84,173,207));
#1693=IFCINDEXEDPOLYGONALFACE((153,151,152));
#1694=IFCINDEXEDPOLYGONALFACE((237,213,86));
#1695=IFCINDEXEDPOLYGONALFACE((153,150,172));
#1696=IFCINDEXEDPOLYGONALFACE((210,152,88));
#1697=IFCINDEXEDPOLYGONALFACE((210,195,153));
#1698=IFCINDEXEDPOLYGONALFACE((224,231,99));
#1699=IFCINDEXEDPOLYGONALFACE((130,173,167));
#1700=IFCINDEXEDPOLYGONALFACE((170,142,80));
#1701=IFCINDEXEDPOLYGONALFACE((140,177,156));
#1702=IFCINDEXEDPOLYGONALFACE((199,77,170));
#1703=IFCINDEXEDPOLYGONALFACE((199,196,158));
#1704=IFCINDEXEDPOLYGONALFACE((256,139,96));
#1705=IFCINDEXEDPOLYGONALFACE((256,197,159));
#1706=IFCINDEXEDPOLYGONALFACE((160,90,198));
#1707=IFCINDEXEDPOLYGONALFACE((143,242,244));
#1708=IFCINDEXEDPOLYGONALFACE((261,122,260));
#1709=IFCINDEXEDPOLYGONALFACE((261,161,191));
#1710=IFCINDEXEDPOLYGONALFACE((127,79,192));
#1711=IFCINDEXEDPOLYGONALFACE((192,190,162));
#1712=IFCINDEXEDPOLYGONALFACE((163,93,193));
#1713=IFCINDEXEDPOLYGONALFACE((254,116,252));
#1714=IFCINDEXEDPOLYGONALFACE((163,193,258));
#1715=IFCINDEXEDPOLYGONALFACE((105,121,166));
#1716=IFCINDEXEDPOLYGONALFACE((231,107,99));
#1717=IFCINDEXEDPOLYGONALFACE((165,125,219));
#1718=IFCINDEXEDPOLYGONALFACE((255,220,165));
#1719=IFCINDEXEDPOLYGONALFACE((164,166,106));
#1720=IFCINDEXEDPOLYGONALFACE((74,166,121));
#1721=IFCINDEXEDPOLYGONALFACE((130,85,173));
#1722=IFCINDEXEDPOLYGONALFACE((169,78,189));
#1723=IFCINDEXEDPOLYGONALFACE((169,206,168));
#1724=IFCINDEXEDPOLYGONALFACE((169,81,205));
#1725=IFCINDEXEDPOLYGONALFACE((167,206,129));
#1726=IFCINDEXEDPOLYGONALFACE((199,170,80));
#1727=IFCINDEXEDPOLYGONALFACE((156,170,77));
#1728=IFCINDEXEDPOLYGONALFACE((171,92,217));
#1729=IFCINDEXEDPOLYGONALFACE((171,217,260));
#1730=IFCINDEXEDPOLYGONALFACE((86,234,237));
#1731=IFCINDEXEDPOLYGONALFACE((237,221,172));
#1732=IFCINDEXEDPOLYGONALFACE((167,173,155));
#1733=IFCINDEXEDPOLYGONALFACE((176,148,181));
#1734=IFCINDEXEDPOLYGONALFACE((174,176,207));
#1735=IFCINDEXEDPOLYGONALFACE((148,176,174));
#1736=IFCINDEXEDPOLYGONALFACE((148,149,181));
#1737=IFCINDEXEDPOLYGONALFACE((175,84,207));
#1738=IFCINDEXEDPOLYGONALFACE((180,108,178));
#1739=IFCINDEXEDPOLYGONALFACE((177,141,142));
#1740=IFCINDEXEDPOLYGONALFACE((140,179,208));
#1741=IFCINDEXEDPOLYGONALFACE((177,208,141));
#1742=IFCINDEXEDPOLYGONALFACE((180,109,183));
#1743=IFCINDEXEDPOLYGONALFACE((109,180,179));
#1744=IFCINDEXEDPOLYGONALFACE((176,181,147));
#1745=IFCINDEXEDPOLYGONALFACE((229,149,82));
#1746=IFCINDEXEDPOLYGONALFACE((182,91,214));
#1747=IFCINDEXEDPOLYGONALFACE((132,258,259));
#1748=IFCINDEXEDPOLYGONALFACE((234,235,232));
#1749=IFCINDEXEDPOLYGONALFACE((236,200,183));
#1750=IFCINDEXEDPOLYGONALFACE((184,137,216));
#1751=IFCINDEXEDPOLYGONALFACE((262,209,184));
#1752=IFCINDEXEDPOLYGONALFACE((187,89,210));
#1753=IFCINDEXEDPOLYGONALFACE((104,185,103));
#1754=IFCINDEXEDPOLYGONALFACE((187,88,186));
#1755=IFCINDEXEDPOLYGONALFACE((185,211,103));
#1756=IFCINDEXEDPOLYGONALFACE((211,212,187));
#1757=IFCINDEXEDPOLYGONALFACE((97,256,257));
#1758=IFCINDEXEDPOLYGONALFACE((257,202,188));
#1759=IFCINDEXEDPOLYGONALFACE((189,78,203));
#1760=IFCINDEXEDPOLYGONALFACE((206,167,128));
#1761=IFCINDEXEDPOLYGONALFACE((192,76,190));
#1762=IFCINDEXEDPOLYGONALFACE((190,125,162));
#1763=IFCINDEXEDPOLYGONALFACE((76,192,161));
#1764=IFCINDEXEDPOLYGONALFACE((127,192,162));
#1765=IFCINDEXEDPOLYGONALFACE((183,109,194));
#1766=IFCINDEXEDPOLYGONALFACE((258,193,131));
#1767=IFCINDEXEDPOLYGONALFACE((196,199,80));
#1768=IFCINDEXEDPOLYGONALFACE((195,150,153));
#1769=IFCINDEXEDPOLYGONALFACE((196,134,158));
#1770=IFCINDEXEDPOLYGONALFACE((197,137,159));
#1771=IFCINDEXEDPOLYGONALFACE((242,143,245));
#1772=IFCINDEXEDPOLYGONALFACE((244,198,143));
#1773=IFCINDEXEDPOLYGONALFACE((136,199,158));
#1774=IFCINDEXEDPOLYGONALFACE((188,134,201));
#1775=IFCINDEXEDPOLYGONALFACE((200,108,183));
#1776=IFCINDEXEDPOLYGONALFACE((247,115,243));
#1777=IFCINDEXEDPOLYGONALFACE((202,135,188));
#1778=IFCINDEXEDPOLYGONALFACE((247,203,115));
#1779=IFCINDEXEDPOLYGONALFACE((204,81,189));
#1780=IFCINDEXEDPOLYGONALFACE((206,205,129));
#1781=IFCINDEXEDPOLYGONALFACE((205,206,169));
#1782=IFCINDEXEDPOLYGONALFACE((207,173,85));
#1783=IFCINDEXEDPOLYGONALFACE((175,207,176));
#1784=IFCINDEXEDPOLYGONALFACE((141,208,178));
#1785=IFCINDEXEDPOLYGONALFACE((140,208,177));
#1786=IFCINDEXEDPOLYGONALFACE((195,210,89));
#1787=IFCINDEXEDPOLYGONALFACE((209,138,184));
#1788=IFCINDEXEDPOLYGONALFACE((210,153,152));
#1789=IFCINDEXEDPOLYGONALFACE((212,89,187));
#1790=IFCINDEXEDPOLYGONALFACE((186,211,187));
#1791=IFCINDEXEDPOLYGONALFACE((211,102,212));
#1792=IFCINDEXEDPOLYGONALFACE((172,150,213));
#1793=IFCINDEXEDPOLYGONALFACE((99,222,224));
#1794=IFCINDEXEDPOLYGONALFACE((259,214,132));
#1795=IFCINDEXEDPOLYGONALFACE((215,90,182));
#1796=IFCINDEXEDPOLYGONALFACE((262,216,94));
#1797=IFCINDEXEDPOLYGONALFACE((260,217,123));
#1798=IFCINDEXEDPOLYGONALFACE((218,93,171));
#1799=IFCINDEXEDPOLYGONALFACE((255,219,117));
#1800=IFCINDEXEDPOLYGONALFACE((220,126,165));
#1801=IFCINDEXEDPOLYGONALFACE((221,151,172));
#1802=IFCINDEXEDPOLYGONALFACE((222,225,224));
#1803=IFCINDEXEDPOLYGONALFACE((222,100,225));
#1804=IFCINDEXEDPOLYGONALFACE((98,154,231));
#1805=IFCINDEXEDPOLYGONALFACE((224,225,223));
#1806=IFCINDEXEDPOLYGONALFACE((82,228,229));
#1807=IFCINDEXEDPOLYGONALFACE((226,228,230));
#1808=IFCINDEXEDPOLYGONALFACE((83,228,226));
#1809=IFCINDEXEDPOLYGONALFACE((157,229,83));
#1810=IFCINDEXEDPOLYGONALFACE((227,101,230));
#1811=IFCINDEXEDPOLYGONALFACE((229,181,149));
#1812=IFCINDEXEDPOLYGONALFACE((83,229,228));
#1813=IFCINDEXEDPOLYGONALFACE((230,225,100));
#1814=IFCINDEXEDPOLYGONALFACE((227,230,228));
#1815=IFCINDEXEDPOLYGONALFACE((231,164,107));
#1816=IFCINDEXEDPOLYGONALFACE((98,231,224));
#1817=IFCINDEXEDPOLYGONALFACE((235,234,233));
#1818=IFCINDEXEDPOLYGONALFACE((237,234,87));
#1819=IFCINDEXEDPOLYGONALFACE((111,235,233));
#1820=IFCINDEXEDPOLYGONALFACE((233,234,86));
#1821=IFCINDEXEDPOLYGONALFACE((236,235,111));
#1822=IFCINDEXEDPOLYGONALFACE((235,110,232));
#1823=IFCINDEXEDPOLYGONALFACE((200,236,111));
#1824=IFCINDEXEDPOLYGONALFACE((194,236,183));
#1825=IFCINDEXEDPOLYGONALFACE((221,237,87));
#1826=IFCINDEXEDPOLYGONALFACE((213,237,172));
#1827=IFCINDEXEDPOLYGONALFACE((240,113,238));
#1828=IFCINDEXEDPOLYGONALFACE((238,243,240));
#1829=IFCINDEXEDPOLYGONALFACE((238,114,243));
#1830=IFCINDEXEDPOLYGONALFACE((242,144,244));
#1831=IFCINDEXEDPOLYGONALFACE((242,246,241));
#1832=IFCINDEXEDPOLYGONALFACE((240,246,113));
#1833=IFCINDEXEDPOLYGONALFACE((240,243,239));
#1834=IFCINDEXEDPOLYGONALFACE((114,204,247));
#1835=IFCINDEXEDPOLYGONALFACE((145,244,144));
#1836=IFCINDEXEDPOLYGONALFACE((244,160,198));
#1837=IFCINDEXEDPOLYGONALFACE((246,240,112));
#1838=IFCINDEXEDPOLYGONALFACE((246,245,113));
#1839=IFCINDEXEDPOLYGONALFACE((245,246,242));
#1840=IFCINDEXEDPOLYGONALFACE((247,243,114));
#1841=IFCINDEXEDPOLYGONALFACE((203,247,189));
#1842=IFCINDEXEDPOLYGONALFACE((263,95,262));
#1843=IFCINDEXEDPOLYGONALFACE((95,263,248));
#1844=IFCINDEXEDPOLYGONALFACE((252,116,255));
#1845=IFCINDEXEDPOLYGONALFACE((248,250,118));
#1846=IFCINDEXEDPOLYGONALFACE((250,253,118));
#1847=IFCINDEXEDPOLYGONALFACE((253,254,252));
#1848=IFCINDEXEDPOLYGONALFACE((251,253,252));
#1849=IFCINDEXEDPOLYGONALFACE((253,119,254));
#1850=IFCINDEXEDPOLYGONALFACE((220,255,116));
#1851=IFCINDEXEDPOLYGONALFACE((255,165,219));
#1852=IFCINDEXEDPOLYGONALFACE((139,256,159));
#1853=IFCINDEXEDPOLYGONALFACE((257,256,96));
#1854=IFCINDEXEDPOLYGONALFACE((202,257,96));
#1855=IFCINDEXEDPOLYGONALFACE((201,257,188));
#1856=IFCINDEXEDPOLYGONALFACE((131,215,259));
#1857=IFCINDEXEDPOLYGONALFACE((133,258,132));
#1858=IFCINDEXEDPOLYGONALFACE((259,182,214));
#1859=IFCINDEXEDPOLYGONALFACE((131,259,258));
#1860=IFCINDEXEDPOLYGONALFACE((123,124,261));
#1861=IFCINDEXEDPOLYGONALFACE((218,260,122));
#1862=IFCINDEXEDPOLYGONALFACE((122,261,191));
#1863=IFCINDEXEDPOLYGONALFACE((261,260,123));
#1864=IFCINDEXEDPOLYGONALFACE((216,262,184));
#1865=IFCINDEXEDPOLYGONALFACE((94,249,263));
#1866=IFCINDEXEDPOLYGONALFACE((248,263,250));
#1867=IFCINDEXEDPOLYGONALFACE((94,263,262));
#1868=IFCINDEXEDPOLYGONALFACE((4,3,266,267));
#1869=IFCINDEXEDPOLYGONALFACE((265,75,359,346,364,333,368,332,352,351,393,322,379,341,382,340,385,356,400,321,375,337,378,336,355,354,383,323,391,329,389,328,345,344,348,360,320,427));
#1870=IFCINDEXEDPOLYGONALFACE((431,430,6,5,691,690,708,688,703,702,719,686,726,698,711,687,694,693,697));
#1871=IFCINDEXEDPOLYGONALFACE((8,7,268,269,280,279,297,277,292,291,308,275,315,287,300,276,283,282,286));
#1872=IFCINDEXEDPOLYGONALFACE((429,428,2,1));
#1873=IFCINDEXEDPOLYGONALFACE((682,493,767,754,772,741,776,740,760,759,801,730,787,749,790,748,793,764,808,729,783,745,786,744,763,762,791,731,799,737,797,736,753,752,756,768,70,264));
#1874=IFCINDEXEDPOLYGONALFACE((299,279,294));
#1875=IFCINDEXEDPOLYGONALFACE((293,301,273));
#1876=IFCINDEXEDPOLYGONALFACE((274,303,296));
#1877=IFCINDEXEDPOLYGONALFACE((282,295,286));
#1878=IFCINDEXEDPOLYGONALFACE((279,280,294));
#1879=IFCINDEXEDPOLYGONALFACE((294,278,299));
#1880=IFCINDEXEDPOLYGONALFACE((295,282,298));
#1881=IFCINDEXEDPOLYGONALFACE((304,277,303));
#1882=IFCINDEXEDPOLYGONALFACE((276,301,283));
#1883=IFCINDEXEDPOLYGONALFACE((303,277,297));
#1884=IFCINDEXEDPOLYGONALFACE((315,317,313));
#1885=IFCINDEXEDPOLYGONALFACE((307,309,316));
#1886=IFCINDEXEDPOLYGONALFACE((302,289,273));
#1887=IFCINDEXEDPOLYGONALFACE((304,274,305));
#1888=IFCINDEXEDPOLYGONALFACE((310,269,270));
#1889=IFCINDEXEDPOLYGONALFACE((294,310,285));
#1890=IFCINDEXEDPOLYGONALFACE((301,302,273));
#1891=IFCINDEXEDPOLYGONALFACE((271,285,310));
#1892=IFCINDEXEDPOLYGONALFACE((284,12,311));
#1893=IFCINDEXEDPOLYGONALFACE((295,298,281));
#1894=IFCINDEXEDPOLYGONALFACE((8,286,311));
#1895=IFCINDEXEDPOLYGONALFACE((269,310,280));
#1896=IFCINDEXEDPOLYGONALFACE((12,11,311));
#1897=IFCINDEXEDPOLYGONALFACE((286,295,311));
#1898=IFCINDEXEDPOLYGONALFACE((288,312,313));
#1899=IFCINDEXEDPOLYGONALFACE((288,289,312));
#1900=IFCINDEXEDPOLYGONALFACE((307,306,290));
#1901=IFCINDEXEDPOLYGONALFACE((291,306,307));
#1902=IFCINDEXEDPOLYGONALFACE((306,304,305));
#1903=IFCINDEXEDPOLYGONALFACE((310,294,280));
#1904=IFCINDEXEDPOLYGONALFACE((298,293,281));
#1905=IFCINDEXEDPOLYGONALFACE((296,299,278));
#1906=IFCINDEXEDPOLYGONALFACE((285,278,294));
#1907=IFCINDEXEDPOLYGONALFACE((281,284,295));
#1908=IFCINDEXEDPOLYGONALFACE((274,304,303));
#1909=IFCINDEXEDPOLYGONALFACE((303,299,296));
#1910=IFCINDEXEDPOLYGONALFACE((282,283,298));
#1911=IFCINDEXEDPOLYGONALFACE((297,279,299));
#1912=IFCINDEXEDPOLYGONALFACE((298,283,301));
#1913=IFCINDEXEDPOLYGONALFACE((301,276,302));
#1914=IFCINDEXEDPOLYGONALFACE((287,312,300));
#1915=IFCINDEXEDPOLYGONALFACE((298,301,293));
#1916=IFCINDEXEDPOLYGONALFACE((276,300,302));
#1917=IFCINDEXEDPOLYGONALFACE((292,277,304));
#1918=IFCINDEXEDPOLYGONALFACE((302,300,312));
#1919=IFCINDEXEDPOLYGONALFACE((299,303,297));
#1920=IFCINDEXEDPOLYGONALFACE((290,306,305));
#1921=IFCINDEXEDPOLYGONALFACE((292,304,306));
#1922=IFCINDEXEDPOLYGONALFACE((291,292,306));
#1923=IFCINDEXEDPOLYGONALFACE((307,290,309));
#1924=IFCINDEXEDPOLYGONALFACE((308,316,275));
#1925=IFCINDEXEDPOLYGONALFACE((308,291,307));
#1926=IFCINDEXEDPOLYGONALFACE((316,309,272));
#1927=IFCINDEXEDPOLYGONALFACE((310,270,271));
#1928=IFCINDEXEDPOLYGONALFACE((284,311,295));
#1929=IFCINDEXEDPOLYGONALFACE((8,311,11));
#1930=IFCINDEXEDPOLYGONALFACE((312,287,313));
#1931=IFCINDEXEDPOLYGONALFACE((302,312,289));
#1932=IFCINDEXEDPOLYGONALFACE((317,275,316));
#1933=IFCINDEXEDPOLYGONALFACE((313,314,288));
#1934=IFCINDEXEDPOLYGONALFACE((313,287,315));
#1935=IFCINDEXEDPOLYGONALFACE((316,272,317));
#1936=IFCINDEXEDPOLYGONALFACE((307,316,308));
#1937=IFCINDEXEDPOLYGONALFACE((317,272,314));
#1938=IFCINDEXEDPOLYGONALFACE((313,317,314));
#1939=IFCINDEXEDPOLYGONALFACE((315,275,317));
#1940=IFCINDEXEDPOLYGONALFACE((348,344,372));
#1941=IFCINDEXEDPOLYGONALFACE((376,338,401));
#1942=IFCINDEXEDPOLYGONALFACE((358,424,357));
#1943=IFCINDEXEDPOLYGONALFACE((330,413,414));
#1944=IFCINDEXEDPOLYGONALFACE((336,422,355));
#1945=IFCINDEXEDPOLYGONALFACE((387,396,366));
#1946=IFCINDEXEDPOLYGONALFACE((365,367,364));
#1947=IFCINDEXEDPOLYGONALFACE((406,380,342));
#1948=IFCINDEXEDPOLYGONALFACE((374,372,344));
#1949=IFCINDEXEDPOLYGONALFACE((367,365,334));
#1950=IFCINDEXEDPOLYGONALFACE((358,423,424));
#1951=IFCINDEXEDPOLYGONALFACE((415,328,389));
#1952=IFCINDEXEDPOLYGONALFACE((373,397,421));
#1953=IFCINDEXEDPOLYGONALFACE((413,389,329));
#1954=IFCINDEXEDPOLYGONALFACE((323,416,391));
#1955=IFCINDEXEDPOLYGONALFACE((393,417,322));
#1956=IFCINDEXEDPOLYGONALFACE((394,332,387));
#1957=IFCINDEXEDPOLYGONALFACE((418,426,393));
#1958=IFCINDEXEDPOLYGONALFACE((370,319,360));
#1959=IFCINDEXEDPOLYGONALFACE((362,361,347,363));
#1960=IFCINDEXEDPOLYGONALFACE((369,370,371,349));
#1961=IFCINDEXEDPOLYGONALFACE((404,336,378));
#1962=IFCINDEXEDPOLYGONALFACE((384,410,353));
#1963=IFCINDEXEDPOLYGONALFACE((403,378,337));
#1964=IFCINDEXEDPOLYGONALFACE((385,412,356));
#1965=IFCINDEXEDPOLYGONALFACE((324,376,402));
#1966=IFCINDEXEDPOLYGONALFACE((324,423,358));
#1967=IFCINDEXEDPOLYGONALFACE((369,318,319));
#1968=IFCINDEXEDPOLYGONALFACE((74,73,361));
#1969=IFCINDEXEDPOLYGONALFACE((382,408,407));
#1970=IFCINDEXEDPOLYGONALFACE((408,382,341));
#1971=IFCINDEXEDPOLYGONALFACE((380,406,405));
#1972=IFCINDEXEDPOLYGONALFACE((362,359,74));
#1973=IFCINDEXEDPOLYGONALFACE((344,345,374));
#1974=IFCINDEXEDPOLYGONALFACE((372,343,371));
#1975=IFCINDEXEDPOLYGONALFACE((319,370,369));
#1976=IFCINDEXEDPOLYGONALFACE((333,396,368));
#1977=IFCINDEXEDPOLYGONALFACE((418,393,351));
#1978=IFCINDEXEDPOLYGONALFACE((420,352,394));
#1979=IFCINDEXEDPOLYGONALFACE((335,398,422));
#1980=IFCINDEXEDPOLYGONALFACE((326,409,384));
#1981=IFCINDEXEDPOLYGONALFACE((380,405,325));
#1982=IFCINDEXEDPOLYGONALFACE((354,355,399));
#1983=IFCINDEXEDPOLYGONALFACE((386,412,411));
#1984=IFCINDEXEDPOLYGONALFACE((412,386,357));
#1985=IFCINDEXEDPOLYGONALFACE((403,338,377));
#1986=IFCINDEXEDPOLYGONALFACE((423,324,402));
#1987=IFCINDEXEDPOLYGONALFACE((359,75,74));
#1988=IFCINDEXEDPOLYGONALFACE((319,320,360));
#1989=IFCINDEXEDPOLYGONALFACE((321,400,423));
#1990=IFCINDEXEDPOLYGONALFACE((361,362,74));
#1991=IFCINDEXEDPOLYGONALFACE((346,359,362));
#1992=IFCINDEXEDPOLYGONALFACE((360,348,370));
#1993=IFCINDEXEDPOLYGONALFACE((362,363,365));
#1994=IFCINDEXEDPOLYGONALFACE((363,334,365));
#1995=IFCINDEXEDPOLYGONALFACE((365,346,362));
#1996=IFCINDEXEDPOLYGONALFACE((346,365,364));
#1997=IFCINDEXEDPOLYGONALFACE((367,333,364));
#1998=IFCINDEXEDPOLYGONALFACE((334,366,367));
#1999=IFCINDEXEDPOLYGONALFACE((387,331,394));
#2000=IFCINDEXEDPOLYGONALFACE((387,332,368));
#2001=IFCINDEXEDPOLYGONALFACE((367,396,333));
#2002=IFCINDEXEDPOLYGONALFACE((372,370,348));
#2003=IFCINDEXEDPOLYGONALFACE((372,371,370));
#2004=IFCINDEXEDPOLYGONALFACE((373,374,397));
#2005=IFCINDEXEDPOLYGONALFACE((397,374,345));
#2006=IFCINDEXEDPOLYGONALFACE((343,372,374));
#2007=IFCINDEXEDPOLYGONALFACE((373,343,374));
#2008=IFCINDEXEDPOLYGONALFACE((401,337,375));
#2009=IFCINDEXEDPOLYGONALFACE((424,400,356));
#2010=IFCINDEXEDPOLYGONALFACE((321,402,375));
#2011=IFCINDEXEDPOLYGONALFACE((335,404,377));
#2012=IFCINDEXEDPOLYGONALFACE((379,405,406));
#2013=IFCINDEXEDPOLYGONALFACE((379,322,405));
#2014=IFCINDEXEDPOLYGONALFACE((409,323,383));
#2015=IFCINDEXEDPOLYGONALFACE((381,407,408));
#2016=IFCINDEXEDPOLYGONALFACE((381,339,407));
#2017=IFCINDEXEDPOLYGONALFACE((354,410,383));
#2018=IFCINDEXEDPOLYGONALFACE((385,411,412));
#2019=IFCINDEXEDPOLYGONALFACE((385,340,411));
#2020=IFCINDEXEDPOLYGONALFACE((396,387,368));
#2021=IFCINDEXEDPOLYGONALFACE((366,331,387));
#2022=IFCINDEXEDPOLYGONALFACE((413,330,388));
#2023=IFCINDEXEDPOLYGONALFACE((327,415,388));
#2024=IFCINDEXEDPOLYGONALFACE((416,326,390));
#2025=IFCINDEXEDPOLYGONALFACE((392,325,417));
#2026=IFCINDEXEDPOLYGONALFACE((425,330,414));
#2027=IFCINDEXEDPOLYGONALFACE((392,417,426));
#2028=IFCINDEXEDPOLYGONALFACE((418,419,350));
#2029=IFCINDEXEDPOLYGONALFACE((352,332,394));
#2030=IFCINDEXEDPOLYGONALFACE((331,395,420));
#2031=IFCINDEXEDPOLYGONALFACE((420,419,352));
#2032=IFCINDEXEDPOLYGONALFACE((366,396,367));
#2033=IFCINDEXEDPOLYGONALFACE((345,328,397));
#2034=IFCINDEXEDPOLYGONALFACE((421,397,328));
#2035=IFCINDEXEDPOLYGONALFACE((399,353,410));
#2036=IFCINDEXEDPOLYGONALFACE((353,399,398));
#2037=IFCINDEXEDPOLYGONALFACE((422,399,355));
#2038=IFCINDEXEDPOLYGONALFACE((401,375,402));
#2039=IFCINDEXEDPOLYGONALFACE((403,401,338));
#2040=IFCINDEXEDPOLYGONALFACE((402,321,423));
#2041=IFCINDEXEDPOLYGONALFACE((401,402,376));
#2042=IFCINDEXEDPOLYGONALFACE((403,377,404));
#2043=IFCINDEXEDPOLYGONALFACE((401,403,337));
#2044=IFCINDEXEDPOLYGONALFACE((404,335,422));
#2045=IFCINDEXEDPOLYGONALFACE((403,404,378));
#2046=IFCINDEXEDPOLYGONALFACE((417,405,322));
#2047=IFCINDEXEDPOLYGONALFACE((408,406,342));
#2048=IFCINDEXEDPOLYGONALFACE((379,406,341));
#2049=IFCINDEXEDPOLYGONALFACE((411,407,339));
#2050=IFCINDEXEDPOLYGONALFACE((382,407,340));
#2051=IFCINDEXEDPOLYGONALFACE((406,408,341));
#2052=IFCINDEXEDPOLYGONALFACE((381,408,342));
#2053=IFCINDEXEDPOLYGONALFACE((409,383,410));
#2054=IFCINDEXEDPOLYGONALFACE((416,409,326));
#2055=IFCINDEXEDPOLYGONALFACE((410,354,399));
#2056=IFCINDEXEDPOLYGONALFACE((409,410,384));
#2057=IFCINDEXEDPOLYGONALFACE((407,411,340));
#2058=IFCINDEXEDPOLYGONALFACE((386,411,339));
#2059=IFCINDEXEDPOLYGONALFACE((424,412,357));
#2060=IFCINDEXEDPOLYGONALFACE((413,388,415));
#2061=IFCINDEXEDPOLYGONALFACE((414,413,329));
#2062=IFCINDEXEDPOLYGONALFACE((391,425,329));
#2063=IFCINDEXEDPOLYGONALFACE((414,329,425));
#2064=IFCINDEXEDPOLYGONALFACE((415,327,421));
#2065=IFCINDEXEDPOLYGONALFACE((413,415,389));
#2066=IFCINDEXEDPOLYGONALFACE((416,390,425));
#2067=IFCINDEXEDPOLYGONALFACE((409,416,323));
#2068=IFCINDEXEDPOLYGONALFACE((405,417,325));
#2069=IFCINDEXEDPOLYGONALFACE((419,418,351));
#2070=IFCINDEXEDPOLYGONALFACE((392,418,350));
#2071=IFCINDEXEDPOLYGONALFACE((352,419,351));
#2072=IFCINDEXEDPOLYGONALFACE((395,350,419));
#2073=IFCINDEXEDPOLYGONALFACE((331,420,394));
#2074=IFCINDEXEDPOLYGONALFACE((419,420,395));
#2075=IFCINDEXEDPOLYGONALFACE((415,421,328));
#2076=IFCINDEXEDPOLYGONALFACE((373,421,327));
#2077=IFCINDEXEDPOLYGONALFACE((422,336,404));
#2078=IFCINDEXEDPOLYGONALFACE((399,422,398));
#2079=IFCINDEXEDPOLYGONALFACE((424,423,400));
#2080=IFCINDEXEDPOLYGONALFACE((412,424,356));
#2081=IFCINDEXEDPOLYGONALFACE((416,425,391));
#2082=IFCINDEXEDPOLYGONALFACE((330,425,390));
#2083=IFCINDEXEDPOLYGONALFACE((393,426,417));
#2084=IFCINDEXEDPOLYGONALFACE((418,392,426));
#2085=IFCINDEXEDPOLYGONALFACE((452,444,455));
#2086=IFCINDEXEDPOLYGONALFACE((270,269,490));
#2087=IFCINDEXEDPOLYGONALFACE((450,455,456));
#2088=IFCINDEXEDPOLYGONALFACE((442,450,456,459));
#2089=IFCINDEXEDPOLYGONALFACE((455,444,456));
#2090=IFCINDEXEDPOLYGONALFACE((472,437,471));
#2091=IFCINDEXEDPOLYGONALFACE((486,483,435));
#2092=IFCINDEXEDPOLYGONALFACE((472,474,475));
#2093=IFCINDEXEDPOLYGONALFACE((466,467,468));
#2094=IFCINDEXEDPOLYGONALFACE((476,479,477));
#2095=IFCINDEXEDPOLYGONALFACE((481,482,483));
#2096=IFCINDEXEDPOLYGONALFACE((490,269,451));
#2097=IFCINDEXEDPOLYGONALFACE((484,483,486));
#2098=IFCINDEXEDPOLYGONALFACE((452,455,480));
#2099=IFCINDEXEDPOLYGONALFACE((481,479,445));
#2100=IFCINDEXEDPOLYGONALFACE((462,464,461));
#2101=IFCINDEXEDPOLYGONALFACE((464,462,447));
#2102=IFCINDEXEDPOLYGONALFACE((471,469,470));
#2103=IFCINDEXEDPOLYGONALFACE((471,454,469));
#2104=IFCINDEXEDPOLYGONALFACE((433,452,480));
#2105=IFCINDEXEDPOLYGONALFACE((465,432,480));
#2106=IFCINDEXEDPOLYGONALFACE((488,489,441));
#2107=IFCINDEXEDPOLYGONALFACE((451,489,490));
#2108=IFCINDEXEDPOLYGONALFACE((469,449,468));
#2109=IFCINDEXEDPOLYGONALFACE((465,480,450));
#2110=IFCINDEXEDPOLYGONALFACE((461,457,460));
#2111=IFCINDEXEDPOLYGONALFACE((459,460,457));
#2112=IFCINDEXEDPOLYGONALFACE((456,444,458));
#2113=IFCINDEXEDPOLYGONALFACE((460,459,456));
#2114=IFCINDEXEDPOLYGONALFACE((460,456,458));
#2115=IFCINDEXEDPOLYGONALFACE((458,436,460));
#2116=IFCINDEXEDPOLYGONALFACE((461,460,436));
#2117=IFCINDEXEDPOLYGONALFACE((466,463,464));
#2118=IFCINDEXEDPOLYGONALFACE((439,457,461));
#2119=IFCINDEXEDPOLYGONALFACE((461,436,462));
#2120=IFCINDEXEDPOLYGONALFACE((466,464,447));
#2121=IFCINDEXEDPOLYGONALFACE((461,464,439));
#2122=IFCINDEXEDPOLYGONALFACE((463,439,464));
#2123=IFCINDEXEDPOLYGONALFACE((467,446,468));
#2124=IFCINDEXEDPOLYGONALFACE((449,463,466));
#2125=IFCINDEXEDPOLYGONALFACE((466,447,467));
#2126=IFCINDEXEDPOLYGONALFACE((469,468,446));
#2127=IFCINDEXEDPOLYGONALFACE((466,468,449));
#2128=IFCINDEXEDPOLYGONALFACE((448,471,470));
#2129=IFCINDEXEDPOLYGONALFACE((449,469,454));
#2130=IFCINDEXEDPOLYGONALFACE((469,446,470));
#2131=IFCINDEXEDPOLYGONALFACE((472,471,448));
#2132=IFCINDEXEDPOLYGONALFACE((437,454,471));
#2133=IFCINDEXEDPOLYGONALFACE((475,474,434));
#2134=IFCINDEXEDPOLYGONALFACE((475,477,473));
#2135=IFCINDEXEDPOLYGONALFACE((472,448,474));
#2136=IFCINDEXEDPOLYGONALFACE((472,475,437));
#2137=IFCINDEXEDPOLYGONALFACE((475,434,477));
#2138=IFCINDEXEDPOLYGONALFACE((475,473,437));
#2139=IFCINDEXEDPOLYGONALFACE((481,478,479));
#2140=IFCINDEXEDPOLYGONALFACE((476,477,434));
#2141=IFCINDEXEDPOLYGONALFACE((473,477,440));
#2142=IFCINDEXEDPOLYGONALFACE((478,440,479));
#2143=IFCINDEXEDPOLYGONALFACE((476,445,479));
#2144=IFCINDEXEDPOLYGONALFACE((477,479,440));
#2145=IFCINDEXEDPOLYGONALFACE((480,455,450));
#2146=IFCINDEXEDPOLYGONALFACE((433,480,432));
#2147=IFCINDEXEDPOLYGONALFACE((482,435,483));
#2148=IFCINDEXEDPOLYGONALFACE((438,478,481));
#2149=IFCINDEXEDPOLYGONALFACE((481,445,482));
#2150=IFCINDEXEDPOLYGONALFACE((435,485,486));
#2151=IFCINDEXEDPOLYGONALFACE((481,483,438));
#2152=IFCINDEXEDPOLYGONALFACE((488,441,487));
#2153=IFCINDEXEDPOLYGONALFACE((484,438,483));
#2154=IFCINDEXEDPOLYGONALFACE((443,489,488));
#2155=IFCINDEXEDPOLYGONALFACE((486,487,484));
#2156=IFCINDEXEDPOLYGONALFACE((488,486,485));
#2157=IFCINDEXEDPOLYGONALFACE((486,488,487));
#2158=IFCINDEXEDPOLYGONALFACE((443,488,485));
#2159=IFCINDEXEDPOLYGONALFACE((490,443,453));
#2160=IFCINDEXEDPOLYGONALFACE((451,441,489));
#2161=IFCINDEXEDPOLYGONALFACE((443,490,489));
#2162=IFCINDEXEDPOLYGONALFACE((270,490,453));
#2163=IFCINDEXEDPOLYGONALFACE((511,581,589));
#2164=IFCINDEXEDPOLYGONALFACE((585,573,546));
#2165=IFCINDEXEDPOLYGONALFACE((664,530,659));
#2166=IFCINDEXEDPOLYGONALFACE((654,612,528));
#2167=IFCINDEXEDPOLYGONALFACE((590,569,571));
#2168=IFCINDEXEDPOLYGONALFACE((554,495,617));
#2169=IFCINDEXEDPOLYGONALFACE((641,643,519));
#2170=IFCINDEXEDPOLYGONALFACE((497,579,610));
#2171=IFCINDEXEDPOLYGONALFACE((565,599,575));
#2172=IFCINDEXEDPOLYGONALFACE((503,592,625));
#2173=IFCINDEXEDPOLYGONALFACE((586,496,587));
#2174=IFCINDEXEDPOLYGONALFACE((626,598,596));
#2175=IFCINDEXEDPOLYGONALFACE((605,628,506));
#2176=IFCINDEXEDPOLYGONALFACE((520,629,603));
#2177=IFCINDEXEDPOLYGONALFACE((508,578,600));
#2178=IFCINDEXEDPOLYGONALFACE((607,499,587));
#2179=IFCINDEXEDPOLYGONALFACE((510,589,581));
#2180=IFCINDEXEDPOLYGONALFACE((668,667,537));
#2181=IFCINDEXEDPOLYGONALFACE((602,556,577));
#2182=IFCINDEXEDPOLYGONALFACE((674,515,615));
#2183=IFCINDEXEDPOLYGONALFACE((606,553,576));
#2184=IFCINDEXEDPOLYGONALFACE((645,646,500));
#2185=IFCINDEXEDPOLYGONALFACE((564,584,492));
#2186=IFCINDEXEDPOLYGONALFACE((641,516,642));
#2187=IFCINDEXEDPOLYGONALFACE((644,648,518));
#2188=IFCINDEXEDPOLYGONALFACE((604,521,629));
#2189=IFCINDEXEDPOLYGONALFACE((564,524,584));
#2190=IFCINDEXEDPOLYGONALFACE((520,603,538));
#2191=IFCINDEXEDPOLYGONALFACE((523,582,572));
#2192=IFCINDEXEDPOLYGONALFACE((582,649,572));
#2193=IFCINDEXEDPOLYGONALFACE((525,582,524));
#2194=IFCINDEXEDPOLYGONALFACE((653,654,528));
#2195=IFCINDEXEDPOLYGONALFACE((643,648,519));
#2196=IFCINDEXEDPOLYGONALFACE((601,526,598));
#2197=IFCINDEXEDPOLYGONALFACE((652,650,505));
#2198=IFCINDEXEDPOLYGONALFACE((657,530,658));
#2199=IFCINDEXEDPOLYGONALFACE((578,509,600));
#2200=IFCINDEXEDPOLYGONALFACE((533,657,661));
#2201=IFCINDEXEDPOLYGONALFACE((622,607,665));
#2202=IFCINDEXEDPOLYGONALFACE((580,544,545));
#2203=IFCINDEXEDPOLYGONALFACE((668,537,671));
#2204=IFCINDEXEDPOLYGONALFACE((669,536,671));
#2205=IFCINDEXEDPOLYGONALFACE((667,668,681));
#2206=IFCINDEXEDPOLYGONALFACE((522,319,603));
#2207=IFCINDEXEDPOLYGONALFACE((538,603,319));
#2208=IFCINDEXEDPOLYGONALFACE((575,599,647));
#2209=IFCINDEXEDPOLYGONALFACE((678,636,589));
#2210=IFCINDEXEDPOLYGONALFACE((579,679,542));
#2211=IFCINDEXEDPOLYGONALFACE((583,544,580));
#2212=IFCINDEXEDPOLYGONALFACE((535,670,673));
#2213=IFCINDEXEDPOLYGONALFACE((580,543,583));
#2214=IFCINDEXEDPOLYGONALFACE((591,502,573));
#2215=IFCINDEXEDPOLYGONALFACE((586,624,546));
#2216=IFCINDEXEDPOLYGONALFACE((547,548,585));
#2217=IFCINDEXEDPOLYGONALFACE((581,551,510));
#2218=IFCINDEXEDPOLYGONALFACE((670,535,669));
#2219=IFCINDEXEDPOLYGONALFACE((677,633,600));
#2220=IFCINDEXEDPOLYGONALFACE((551,581,676));
#2221=IFCINDEXEDPOLYGONALFACE((515,675,619));
#2222=IFCINDEXEDPOLYGONALFACE((553,554,576));
#2223=IFCINDEXEDPOLYGONALFACE((576,552,606));
#2224=IFCINDEXEDPOLYGONALFACE((577,556,557));
#2225=IFCINDEXEDPOLYGONALFACE((660,659,562));
#2226=IFCINDEXEDPOLYGONALFACE((513,627,680));
#2227=IFCINDEXEDPOLYGONALFACE((577,555,602));
#2228=IFCINDEXEDPOLYGONALFACE((626,597,598));
#2229=IFCINDEXEDPOLYGONALFACE((595,588,574));
#2230=IFCINDEXEDPOLYGONALFACE((560,588,595));
#2231=IFCINDEXEDPOLYGONALFACE((578,563,509));
#2232=IFCINDEXEDPOLYGONALFACE((563,578,662));
#2233=IFCINDEXEDPOLYGONALFACE((584,582,523));
#2234=IFCINDEXEDPOLYGONALFACE((565,593,594));
#2235=IFCINDEXEDPOLYGONALFACE((502,591,625));
#2236=IFCINDEXEDPOLYGONALFACE((571,569,570));
#2237=IFCINDEXEDPOLYGONALFACE((655,631,504));
#2238=IFCINDEXEDPOLYGONALFACE((571,568,590));
#2239=IFCINDEXEDPOLYGONALFACE((628,570,506));
#2240=IFCINDEXEDPOLYGONALFACE((628,613,571));
#2241=IFCINDEXEDPOLYGONALFACE((642,649,517));
#2242=IFCINDEXEDPOLYGONALFACE((548,591,585));
#2243=IFCINDEXEDPOLYGONALFACE((588,560,498));
#2244=IFCINDEXEDPOLYGONALFACE((558,595,574));
#2245=IFCINDEXEDPOLYGONALFACE((617,495,588));
#2246=IFCINDEXEDPOLYGONALFACE((617,614,576));
#2247=IFCINDEXEDPOLYGONALFACE((674,557,514));
#2248=IFCINDEXEDPOLYGONALFACE((674,615,577));
#2249=IFCINDEXEDPOLYGONALFACE((578,508,616));
#2250=IFCINDEXEDPOLYGONALFACE((561,660,662));
#2251=IFCINDEXEDPOLYGONALFACE((679,540,678));
#2252=IFCINDEXEDPOLYGONALFACE((679,579,609));
#2253=IFCINDEXEDPOLYGONALFACE((545,497,610));
#2254=IFCINDEXEDPOLYGONALFACE((610,608,580));
#2255=IFCINDEXEDPOLYGONALFACE((581,511,611));
#2256=IFCINDEXEDPOLYGONALFACE((672,534,670));
#2257=IFCINDEXEDPOLYGONALFACE((581,611,676));
#2258=IFCINDEXEDPOLYGONALFACE((523,539,584));
#2259=IFCINDEXEDPOLYGONALFACE((649,525,517));
#2260=IFCINDEXEDPOLYGONALFACE((583,543,637));
#2261=IFCINDEXEDPOLYGONALFACE((673,638,583));
#2262=IFCINDEXEDPOLYGONALFACE((582,584,524));
#2263=IFCINDEXEDPOLYGONALFACE((492,584,539));
#2264=IFCINDEXEDPOLYGONALFACE((548,503,591));
#2265=IFCINDEXEDPOLYGONALFACE((587,496,607));
#2266=IFCINDEXEDPOLYGONALFACE((587,624,586));
#2267=IFCINDEXEDPOLYGONALFACE((587,499,623));
#2268=IFCINDEXEDPOLYGONALFACE((585,624,547));
#2269=IFCINDEXEDPOLYGONALFACE((617,588,498));
#2270=IFCINDEXEDPOLYGONALFACE((574,588,495));
#2271=IFCINDEXEDPOLYGONALFACE((589,510,635));
#2272=IFCINDEXEDPOLYGONALFACE((589,635,678));
#2273=IFCINDEXEDPOLYGONALFACE((504,652,655));
#2274=IFCINDEXEDPOLYGONALFACE((655,639,590));
#2275=IFCINDEXEDPOLYGONALFACE((585,591,573));
#2276=IFCINDEXEDPOLYGONALFACE((594,566,599));
#2277=IFCINDEXEDPOLYGONALFACE((592,594,625));
#2278=IFCINDEXEDPOLYGONALFACE((566,594,592));
#2279=IFCINDEXEDPOLYGONALFACE((566,567,599));
#2280=IFCINDEXEDPOLYGONALFACE((593,502,625));
#2281=IFCINDEXEDPOLYGONALFACE((598,526,596));
#2282=IFCINDEXEDPOLYGONALFACE((595,559,560));
#2283=IFCINDEXEDPOLYGONALFACE((558,597,626));
#2284=IFCINDEXEDPOLYGONALFACE((595,626,559));
#2285=IFCINDEXEDPOLYGONALFACE((598,527,601));
#2286=IFCINDEXEDPOLYGONALFACE((527,598,597));
#2287=IFCINDEXEDPOLYGONALFACE((594,599,565));
#2288=IFCINDEXEDPOLYGONALFACE((647,567,500));
#2289=IFCINDEXEDPOLYGONALFACE((600,509,632));
#2290=IFCINDEXEDPOLYGONALFACE((550,676,677));
#2291=IFCINDEXEDPOLYGONALFACE((652,653,650));
#2292=IFCINDEXEDPOLYGONALFACE((654,618,601));
#2293=IFCINDEXEDPOLYGONALFACE((602,555,634));
#2294=IFCINDEXEDPOLYGONALFACE((680,627,602));
#2295=IFCINDEXEDPOLYGONALFACE((605,507,628));
#2296=IFCINDEXEDPOLYGONALFACE((522,603,521));
#2297=IFCINDEXEDPOLYGONALFACE((605,506,604));
#2298=IFCINDEXEDPOLYGONALFACE((603,629,521));
#2299=IFCINDEXEDPOLYGONALFACE((629,630,605));
#2300=IFCINDEXEDPOLYGONALFACE((515,674,675));
#2301=IFCINDEXEDPOLYGONALFACE((675,620,606));
#2302=IFCINDEXEDPOLYGONALFACE((607,496,621));
#2303=IFCINDEXEDPOLYGONALFACE((624,585,546));
#2304=IFCINDEXEDPOLYGONALFACE((610,494,608));
#2305=IFCINDEXEDPOLYGONALFACE((608,543,580));
#2306=IFCINDEXEDPOLYGONALFACE((494,610,579));
#2307=IFCINDEXEDPOLYGONALFACE((545,610,580));
#2308=IFCINDEXEDPOLYGONALFACE((601,527,612));
#2309=IFCINDEXEDPOLYGONALFACE((676,611,549));
#2310=IFCINDEXEDPOLYGONALFACE((614,617,498));
#2311=IFCINDEXEDPOLYGONALFACE((613,568,571));
#2312=IFCINDEXEDPOLYGONALFACE((614,552,576));
#2313=IFCINDEXEDPOLYGONALFACE((615,555,577));
#2314=IFCINDEXEDPOLYGONALFACE((660,561,663));
#2315=IFCINDEXEDPOLYGONALFACE((662,616,561));
#2316=IFCINDEXEDPOLYGONALFACE((554,617,576));
#2317=IFCINDEXEDPOLYGONALFACE((606,552,619));
#2318=IFCINDEXEDPOLYGONALFACE((618,526,601));
#2319=IFCINDEXEDPOLYGONALFACE((665,533,661));
#2320=IFCINDEXEDPOLYGONALFACE((620,553,606));
#2321=IFCINDEXEDPOLYGONALFACE((665,621,533));
#2322=IFCINDEXEDPOLYGONALFACE((622,499,607));
#2323=IFCINDEXEDPOLYGONALFACE((624,623,547));
#2324=IFCINDEXEDPOLYGONALFACE((623,624,587));
#2325=IFCINDEXEDPOLYGONALFACE((625,591,503));
#2326=IFCINDEXEDPOLYGONALFACE((593,625,594));
#2327=IFCINDEXEDPOLYGONALFACE((559,626,596));
#2328=IFCINDEXEDPOLYGONALFACE((558,626,595));
#2329=IFCINDEXEDPOLYGONALFACE((613,628,507));
#2330=IFCINDEXEDPOLYGONALFACE((627,556,602));
#2331=IFCINDEXEDPOLYGONALFACE((628,571,570));
#2332=IFCINDEXEDPOLYGONALFACE((630,507,605));
#2333=IFCINDEXEDPOLYGONALFACE((604,629,605));
#2334=IFCINDEXEDPOLYGONALFACE((629,520,630));
#2335=IFCINDEXEDPOLYGONALFACE((590,568,631));
#2336=IFCINDEXEDPOLYGONALFACE((517,640,642));
#2337=IFCINDEXEDPOLYGONALFACE((677,632,550));
#2338=IFCINDEXEDPOLYGONALFACE((633,508,600));
#2339=IFCINDEXEDPOLYGONALFACE((680,634,512));
#2340=IFCINDEXEDPOLYGONALFACE((678,635,541));
#2341=IFCINDEXEDPOLYGONALFACE((636,511,589));
#2342=IFCINDEXEDPOLYGONALFACE((673,637,535));
#2343=IFCINDEXEDPOLYGONALFACE((638,544,583));
#2344=IFCINDEXEDPOLYGONALFACE((639,569,590));
#2345=IFCINDEXEDPOLYGONALFACE((640,643,642));
#2346=IFCINDEXEDPOLYGONALFACE((640,518,643));
#2347=IFCINDEXEDPOLYGONALFACE((516,572,649));
#2348=IFCINDEXEDPOLYGONALFACE((642,643,641));
#2349=IFCINDEXEDPOLYGONALFACE((500,646,647));
#2350=IFCINDEXEDPOLYGONALFACE((644,646,648));
#2351=IFCINDEXEDPOLYGONALFACE((501,646,644));
#2352=IFCINDEXEDPOLYGONALFACE((575,647,501));
#2353=IFCINDEXEDPOLYGONALFACE((645,519,648));
#2354=IFCINDEXEDPOLYGONALFACE((647,599,567));
#2355=IFCINDEXEDPOLYGONALFACE((501,647,646));
#2356=IFCINDEXEDPOLYGONALFACE((648,643,518));
#2357=IFCINDEXEDPOLYGONALFACE((645,648,646));
#2358=IFCINDEXEDPOLYGONALFACE((649,582,525));
#2359=IFCINDEXEDPOLYGONALFACE((516,649,642));
#2360=IFCINDEXEDPOLYGONALFACE((653,652,651));
#2361=IFCINDEXEDPOLYGONALFACE((655,652,505));
#2362=IFCINDEXEDPOLYGONALFACE((529,653,651));
#2363=IFCINDEXEDPOLYGONALFACE((651,652,504));
#2364=IFCINDEXEDPOLYGONALFACE((654,653,529));
#2365=IFCINDEXEDPOLYGONALFACE((653,528,650));
#2366=IFCINDEXEDPOLYGONALFACE((618,654,529));
#2367=IFCINDEXEDPOLYGONALFACE((612,654,601));
#2368=IFCINDEXEDPOLYGONALFACE((639,655,505));
#2369=IFCINDEXEDPOLYGONALFACE((631,655,590));
#2370=IFCINDEXEDPOLYGONALFACE((658,531,656));
#2371=IFCINDEXEDPOLYGONALFACE((656,661,658));
#2372=IFCINDEXEDPOLYGONALFACE((656,532,661));
#2373=IFCINDEXEDPOLYGONALFACE((660,562,662));
#2374=IFCINDEXEDPOLYGONALFACE((660,664,659));
#2375=IFCINDEXEDPOLYGONALFACE((658,664,531));
#2376=IFCINDEXEDPOLYGONALFACE((658,661,657));
#2377=IFCINDEXEDPOLYGONALFACE((532,622,665));
#2378=IFCINDEXEDPOLYGONALFACE((563,662,562));
#2379=IFCINDEXEDPOLYGONALFACE((662,578,616));
#2380=IFCINDEXEDPOLYGONALFACE((664,658,530));
#2381=IFCINDEXEDPOLYGONALFACE((664,663,531));
#2382=IFCINDEXEDPOLYGONALFACE((663,664,660));
#2383=IFCINDEXEDPOLYGONALFACE((665,661,532));
#2384=IFCINDEXEDPOLYGONALFACE((621,665,607));
#2385=IFCINDEXEDPOLYGONALFACE((681,513,680));
#2386=IFCINDEXEDPOLYGONALFACE((513,681,666));
#2387=IFCINDEXEDPOLYGONALFACE((670,534,673));
#2388=IFCINDEXEDPOLYGONALFACE((666,668,536));
#2389=IFCINDEXEDPOLYGONALFACE((668,671,536));
#2390=IFCINDEXEDPOLYGONALFACE((671,672,670));
#2391=IFCINDEXEDPOLYGONALFACE((669,671,670));
#2392=IFCINDEXEDPOLYGONALFACE((671,537,672));
#2393=IFCINDEXEDPOLYGONALFACE((638,673,534));
#2394=IFCINDEXEDPOLYGONALFACE((673,583,637));
#2395=IFCINDEXEDPOLYGONALFACE((557,674,577));
#2396=IFCINDEXEDPOLYGONALFACE((675,674,514));
#2397=IFCINDEXEDPOLYGONALFACE((620,675,514));
#2398=IFCINDEXEDPOLYGONALFACE((619,675,606));
#2399=IFCINDEXEDPOLYGONALFACE((549,633,677));
#2400=IFCINDEXEDPOLYGONALFACE((551,676,550));
#2401=IFCINDEXEDPOLYGONALFACE((677,600,632));
#2402=IFCINDEXEDPOLYGONALFACE((549,677,676));
#2403=IFCINDEXEDPOLYGONALFACE((541,542,679));
#2404=IFCINDEXEDPOLYGONALFACE((636,678,540));
#2405=IFCINDEXEDPOLYGONALFACE((540,679,609));
#2406=IFCINDEXEDPOLYGONALFACE((679,678,541));
#2407=IFCINDEXEDPOLYGONALFACE((634,680,602));
#2408=IFCINDEXEDPOLYGONALFACE((512,667,681));
#2409=IFCINDEXEDPOLYGONALFACE((666,681,668));
#2410=IFCINDEXEDPOLYGONALFACE((512,681,680));
#2411=IFCINDEXEDPOLYGONALFACEWITHVOIDS((682,264,265,427),((266,3,2,428)));
#2412=IFCINDEXEDPOLYGONALFACEWITHVOIDS((429,1,4,267),((268,7,6,430)));
#2413=IFCINDEXEDPOLYGONALFACE((710,690,705));
#2414=IFCINDEXEDPOLYGONALFACE((704,712,684));
#2415=IFCINDEXEDPOLYGONALFACE((685,714,707));
#2416=IFCINDEXEDPOLYGONALFACE((693,706,697));
#2417=IFCINDEXEDPOLYGONALFACE((690,691,705));
#2418=IFCINDEXEDPOLYGONALFACE((705,689,710));
#2419=IFCINDEXEDPOLYGONALFACE((706,693,709));
#2420=IFCINDEXEDPOLYGONALFACE((715,688,714));
#2421=IFCINDEXEDPOLYGONALFACE((687,712,694));
#2422=IFCINDEXEDPOLYGONALFACE((714,688,708));
#2423=IFCINDEXEDPOLYGONALFACE((726,728,724));
#2424=IFCINDEXEDPOLYGONALFACE((718,720,727));
#2425=IFCINDEXEDPOLYGONALFACE((713,700,684));
#2426=IFCINDEXEDPOLYGONALFACE((715,685,716));
#2427=IFCINDEXEDPOLYGONALFACE((721,5,10));
#2428=IFCINDEXEDPOLYGONALFACE((705,721,696));
#2429=IFCINDEXEDPOLYGONALFACE((712,713,684));
#2430=IFCINDEXEDPOLYGONALFACE((9,696,721));
#2431=IFCINDEXEDPOLYGONALFACE((695,433,722));
#2432=IFCINDEXEDPOLYGONALFACE((706,709,692));
#2433=IFCINDEXEDPOLYGONALFACE((431,697,722));
#2434=IFCINDEXEDPOLYGONALFACE((5,721,691));
#2435=IFCINDEXEDPOLYGONALFACE((433,432,722));
#2436=IFCINDEXEDPOLYGONALFACE((697,706,722));
#2437=IFCINDEXEDPOLYGONALFACE((699,723,724));
#2438=IFCINDEXEDPOLYGONALFACE((699,700,723));
#2439=IFCINDEXEDPOLYGONALFACE((718,717,701));
#2440=IFCINDEXEDPOLYGONALFACE((702,717,718));
#2441=IFCINDEXEDPOLYGONALFACE((717,715,716));
#2442=IFCINDEXEDPOLYGONALFACE((721,705,691));
#2443=IFCINDEXEDPOLYGONALFACE((709,704,692));
#2444=IFCINDEXEDPOLYGONALFACE((707,710,689));
#2445=IFCINDEXEDPOLYGONALFACE((696,689,705));
#2446=IFCINDEXEDPOLYGONALFACE((692,695,706));
#2447=IFCINDEXEDPOLYGONALFACE((685,715,714));
#2448=IFCINDEXEDPOLYGONALFACE((714,710,707));
#2449=IFCINDEXEDPOLYGONALFACE((693,694,709));
#2450=IFCINDEXEDPOLYGONALFACE((708,690,710));
#2451=IFCINDEXEDPOLYGONALFACE((709,694,712));
#2452=IFCINDEXEDPOLYGONALFACE((712,687,713));
#2453=IFCINDEXEDPOLYGONALFACE((698,723,711));
#2454=IFCINDEXEDPOLYGONALFACE((709,712,704));
#2455=IFCINDEXEDPOLYGONALFACE((687,711,713));
#2456=IFCINDEXEDPOLYGONALFACE((703,688,715));
#2457=IFCINDEXEDPOLYGONALFACE((713,711,723));
#2458=IFCINDEXEDPOLYGONALFACE((710,714,708));
#2459=IFCINDEXEDPOLYGONALFACE((701,717,716));
#2460=IFCINDEXEDPOLYGONALFACE((703,715,717));
#2461=IFCINDEXEDPOLYGONALFACE((702,703,717));
#2462=IFCINDEXEDPOLYGONALFACE((718,701,720));
#2463=IFCINDEXEDPOLYGONALFACE((719,727,686));
#2464=IFCINDEXEDPOLYGONALFACE((719,702,718));
#2465=IFCINDEXEDPOLYGONALFACE((727,720,683));
#2466=IFCINDEXEDPOLYGONALFACE((721,10,9));
#2467=IFCINDEXEDPOLYGONALFACE((695,722,706));
#2468=IFCINDEXEDPOLYGONALFACE((431,722,432));
#2469=IFCINDEXEDPOLYGONALFACE((723,698,724));
#2470=IFCINDEXEDPOLYGONALFACE((713,723,700));
#2471=IFCINDEXEDPOLYGONALFACE((728,686,727));
#2472=IFCINDEXEDPOLYGONALFACE((724,725,699));
#2473=IFCINDEXEDPOLYGONALFACE((724,698,726));
#2474=IFCINDEXEDPOLYGONALFACE((727,683,728));
#2475=IFCINDEXEDPOLYGONALFACE((718,727,719));
#2476=IFCINDEXEDPOLYGONALFACE((728,683,725));
#2477=IFCINDEXEDPOLYGONALFACE((724,728,725));
#2478=IFCINDEXEDPOLYGONALFACE((726,686,728));
#2479=IFCINDEXEDPOLYGONALFACEWITHVOIDS((318,369,349,371,343,373,327,388,330,390,326,384,353,398,335,377,338,376,324,358,357,386,339,381,342,380,325,392,350,395,331,366,334,363,347,361,73,121,105,154,98,223,101,227,82,149,148,174,85,130,129,205,81,204,114,238,113,245,143,198,90,215,131,193,93,218,122,191,79,127,126,220,116,254,119,249,94,216,137,197,97,201,134,196,80,142,141,178,108,200,111,233,86,213,150,195,89,212,102,120,72,777,757,779,751,781,735,796,738,798,734,792,761,806,743,785,746,784,732,766,765,794,747,789,750,788,733,800,758,803,739,774,742,771,755,769,491,539,523,572,516,641,519,645,500,567,566,592,503,548,547,623,499,622,532,656,531,663,561,616,508,633,549,611,511,636,540,609,497,545,544,638,534,672,537,667,512,634,555,615,515,619,552,614,498,560,559,596,526,618,529,651,504,631,568,613,507,630,520,538),((453,443,485,435,482,445,476,434,474,448,470,446,467,447,462,436,458,444,452,433,695,692,704,684,700,699,725,683,720,701,716,685,707,689,696,9,32,22,64,14,61,24,55,13,53,27,49,25,46,26,41,15,37,23,31,12,284,281,293,273,289,288,314,272,309,290,305,274,296,278,285,271)));
#2480=IFCINDEXEDPOLYGONALFACE((756,752,780));
#2481=IFCINDEXEDPOLYGONALFACE((784,746,809));
#2482=IFCINDEXEDPOLYGONALFACE((766,832,765));
#2483=IFCINDEXEDPOLYGONALFACE((738,821,822));
#2484=IFCINDEXEDPOLYGONALFACE((744,830,763));
#2485=IFCINDEXEDPOLYGONALFACE((795,804,774));
#2486=IFCINDEXEDPOLYGONALFACE((773,775,772));
#2487=IFCINDEXEDPOLYGONALFACE((814,788,750));
#2488=IFCINDEXEDPOLYGONALFACE((782,780,752));
#2489=IFCINDEXEDPOLYGONALFACE((775,773,742));
#2490=IFCINDEXEDPOLYGONALFACE((766,831,832));
#2491=IFCINDEXEDPOLYGONALFACE((823,736,797));
#2492=IFCINDEXEDPOLYGONALFACE((781,805,829));
#2493=IFCINDEXEDPOLYGONALFACE((821,797,737));
#2494=IFCINDEXEDPOLYGONALFACE((731,824,799));
#2495=IFCINDEXEDPOLYGONALFACE((801,825,730));
#2496=IFCINDEXEDPOLYGONALFACE((802,740,795));
#2497=IFCINDEXEDPOLYGONALFACE((826,834,801));
#2498=IFCINDEXEDPOLYGONALFACE((778,71,768));
#2499=IFCINDEXEDPOLYGONALFACE((770,769,755,771));
#2500=IFCINDEXEDPOLYGONALFACE((777,778,779,757));
#2501=IFCINDEXEDPOLYGONALFACE((812,744,786));
#2502=IFCINDEXEDPOLYGONALFACE((792,818,761));
#2503=IFCINDEXEDPOLYGONALFACE((811,786,745));
#2504=IFCINDEXEDPOLYGONALFACE((793,820,764));
#2505=IFCINDEXEDPOLYGONALFACE((732,784,810));
#2506=IFCINDEXEDPOLYGONALFACE((732,831,766));
#2507=IFCINDEXEDPOLYGONALFACE((777,72,71));
#2508=IFCINDEXEDPOLYGONALFACE((492,491,769));
#2509=IFCINDEXEDPOLYGONALFACE((790,816,815));
#2510=IFCINDEXEDPOLYGONALFACE((816,790,749));
#2511=IFCINDEXEDPOLYGONALFACE((788,814,813));
#2512=IFCINDEXEDPOLYGONALFACE((770,767,492));
#2513=IFCINDEXEDPOLYGONALFACE((752,753,782));
#2514=IFCINDEXEDPOLYGONALFACE((780,751,779));
#2515=IFCINDEXEDPOLYGONALFACE((71,778,777));
#2516=IFCINDEXEDPOLYGONALFACE((741,804,776));
#2517=IFCINDEXEDPOLYGONALFACE((826,801,759));
#2518=IFCINDEXEDPOLYGONALFACE((828,760,802));
#2519=IFCINDEXEDPOLYGONALFACE((743,806,830));
#2520=IFCINDEXEDPOLYGONALFACE((734,817,792));
#2521=IFCINDEXEDPOLYGONALFACE((788,813,733));
#2522=IFCINDEXEDPOLYGONALFACE((762,763,807));
#2523=IFCINDEXEDPOLYGONALFACE((794,820,819));
#2524=IFCINDEXEDPOLYGONALFACE((820,794,765));
#2525=IFCINDEXEDPOLYGONALFACE((811,746,785));
#2526=IFCINDEXEDPOLYGONALFACE((831,732,810));
#2527=IFCINDEXEDPOLYGONALFACE((767,493,492));
#2528=IFCINDEXEDPOLYGONALFACE((71,70,768));
#2529=IFCINDEXEDPOLYGONALFACE((729,808,831));
#2530=IFCINDEXEDPOLYGONALFACE((769,770,492));
#2531=IFCINDEXEDPOLYGONALFACE((754,767,770));
#2532=IFCINDEXEDPOLYGONALFACE((768,756,778));
#2533=IFCINDEXEDPOLYGONALFACE((770,771,773));
#2534=IFCINDEXEDPOLYGONALFACE((771,742,773));
#2535=IFCINDEXEDPOLYGONALFACE((773,754,770));
#2536=IFCINDEXEDPOLYGONALFACE((754,773,772));
#2537=IFCINDEXEDPOLYGONALFACE((775,741,772));
#2538=IFCINDEXEDPOLYGONALFACE((742,774,775));
#2539=IFCINDEXEDPOLYGONALFACE((795,739,802));
#2540=IFCINDEXEDPOLYGONALFACE((795,740,776));
#2541=IFCINDEXEDPOLYGONALFACE((775,804,741));
#2542=IFCINDEXEDPOLYGONALFACE((780,778,756));
#2543=IFCINDEXEDPOLYGONALFACE((780,779,778));
#2544=IFCINDEXEDPOLYGONALFACE((781,782,805));
#2545=IFCINDEXEDPOLYGONALFACE((805,782,753));
#2546=IFCINDEXEDPOLYGONALFACE((751,780,782));
#2547=IFCINDEXEDPOLYGONALFACE((781,751,782));
#2548=IFCINDEXEDPOLYGONALFACE((809,745,783));
#2549=IFCINDEXEDPOLYGONALFACE((832,808,764));
#2550=IFCINDEXEDPOLYGONALFACE((729,810,783));
#2551=IFCINDEXEDPOLYGONALFACE((743,812,785));
#2552=IFCINDEXEDPOLYGONALFACE((787,813,814));
#2553=IFCINDEXEDPOLYGONALFACE((787,730,813));
#2554=IFCINDEXEDPOLYGONALFACE((817,731,791));
#2555=IFCINDEXEDPOLYGONALFACE((789,815,816));
#2556=IFCINDEXEDPOLYGONALFACE((789,747,815));
#2557=IFCINDEXEDPOLYGONALFACE((762,818,791));
#2558=IFCINDEXEDPOLYGONALFACE((793,819,820));
#2559=IFCINDEXEDPOLYGONALFACE((793,748,819));
#2560=IFCINDEXEDPOLYGONALFACE((804,795,776));
#2561=IFCINDEXEDPOLYGONALFACE((774,739,795));
#2562=IFCINDEXEDPOLYGONALFACE((821,738,796));
#2563=IFCINDEXEDPOLYGONALFACE((735,823,796));
#2564=IFCINDEXEDPOLYGONALFACE((824,734,798));
#2565=IFCINDEXEDPOLYGONALFACE((800,733,825));
#2566=IFCINDEXEDPOLYGONALFACE((833,738,822));
#2567=IFCINDEXEDPOLYGONALFACE((800,825,834));
#2568=IFCINDEXEDPOLYGONALFACE((826,827,758));
#2569=IFCINDEXEDPOLYGONALFACE((760,740,802));
#2570=IFCINDEXEDPOLYGONALFACE((739,803,828));
#2571=IFCINDEXEDPOLYGONALFACE((828,827,760));
#2572=IFCINDEXEDPOLYGONALFACE((774,804,775));
#2573=IFCINDEXEDPOLYGONALFACE((753,736,805));
#2574=IFCINDEXEDPOLYGONALFACE((829,805,736));
#2575=IFCINDEXEDPOLYGONALFACE((807,761,818));
#2576=IFCINDEXEDPOLYGONALFACE((761,807,806));
#2577=IFCINDEXEDPOLYGONALFACE((830,807,763));
#2578=IFCINDEXEDPOLYGONALFACE((809,783,810));
#2579=IFCINDEXEDPOLYGONALFACE((811,809,746));
#2580=IFCINDEXEDPOLYGONALFACE((810,729,831));
#2581=IFCINDEXEDPOLYGONALFACE((809,810,784));
#2582=IFCINDEXEDPOLYGONALFACE((811,785,812));
#2583=IFCINDEXEDPOLYGONALFACE((809,811,745));
#2584=IFCINDEXEDPOLYGONALFACE((812,743,830));
#2585=IFCINDEXEDPOLYGONALFACE((811,812,786));
#2586=IFCINDEXEDPOLYGONALFACE((825,813,730));
#2587=IFCINDEXEDPOLYGONALFACE((816,814,750));
#2588=IFCINDEXEDPOLYGONALFACE((787,814,749));
#2589=IFCINDEXEDPOLYGONALFACE((819,815,747));
#2590=IFCINDEXEDPOLYGONALFACE((790,815,748));
#2591=IFCINDEXEDPOLYGONALFACE((814,816,749));
#2592=IFCINDEXEDPOLYGONALFACE((789,816,750));
#2593=IFCINDEXEDPOLYGONALFACE((817,791,818));
#2594=IFCINDEXEDPOLYGONALFACE((824,817,734));
#2595=IFCINDEXEDPOLYGONALFACE((818,762,807));
#2596=IFCINDEXEDPOLYGONALFACE((817,818,792));
#2597=IFCINDEXEDPOLYGONALFACE((815,819,748));
#2598=IFCINDEXEDPOLYGONALFACE((794,819,747));
#2599=IFCINDEXEDPOLYGONALFACE((832,820,765));
#2600=IFCINDEXEDPOLYGONALFACE((821,796,823));
#2601=IFCINDEXEDPOLYGONALFACE((822,821,737));
#2602=IFCINDEXEDPOLYGONALFACE((799,833,737));
#2603=IFCINDEXEDPOLYGONALFACE((822,737,833));
#2604=IFCINDEXEDPOLYGONALFACE((823,735,829));
#2605=IFCINDEXEDPOLYGONALFACE((821,823,797));
#2606=IFCINDEXEDPOLYGONALFACE((824,798,833));
#2607=IFCINDEXEDPOLYGONALFACE((817,824,731));
#2608=IFCINDEXEDPOLYGONALFACE((813,825,733));
#2609=IFCINDEXEDPOLYGONALFACE((827,826,759));
#2610=IFCINDEXEDPOLYGONALFACE((800,826,758));
#2611=IFCINDEXEDPOLYGONALFACE((760,827,759));
#2612=IFCINDEXEDPOLYGONALFACE((803,758,827));
#2613=IFCINDEXEDPOLYGONALFACE((739,828,802));
#2614=IFCINDEXEDPOLYGONALFACE((827,828,803));
#2615=IFCINDEXEDPOLYGONALFACE((823,829,736));
#2616=IFCINDEXEDPOLYGONALFACE((781,829,735));
#2617=IFCINDEXEDPOLYGONALFACE((830,744,812));
#2618=IFCINDEXEDPOLYGONALFACE((807,830,806));
#2619=IFCINDEXEDPOLYGONALFACE((832,831,808));
#2620=IFCINDEXEDPOLYGONALFACE((820,832,764));
#2621=IFCINDEXEDPOLYGONALFACE((824,833,799));
#2622=IFCINDEXEDPOLYGONALFACE((738,833,798));
#2623=IFCINDEXEDPOLYGONALFACE((801,834,825));
#2624=IFCINDEXEDPOLYGONALFACE((826,800,834));
#2625=IFCCARTESIANPOINTLIST3D(((199.99999999999602,162.5000000000023,1850.0000000000014),(199.99999999999602,175.0000000000023,1850.0000000000014),(199.99999999999596,175.0000000000023,1100.0000000000023),(199.99999999999596,162.5000000000023,1100.0000000000023),(211.99999999999625,176.00000000000236,1838.0000000000016),(211.99999999999628,162.50000000000236,1838.0000000000011),(211.99999999999619,162.50000000000236,1112.0000000000027),(211.99999999999616,176.0000000000023,1112.0000000000023),(206.99999999999613,181.0000000000023,1843.0000000000014),(210.53553390592879,179.53553390593498,1839.4644660940687),(210.53553390592879,179.53553390593498,1110.5355339059352),(206.99999999999622,181.0000000000023,1107.0000000000025),(206.99999999999616,181.0000000000023,1530.6924587263629),(206.99999999999616,181.0000000000023,1686.8462188014837),(206.99999999999619,181.0000000000023,1263.1537811985202),(211.99999999999599,176.0000000000023,1474.9999976812996),(211.99999999999599,176.0000000000023,1656.4999965219479),(211.99999999999599,176.0000000000023,1293.499998840651),(211.99999999999599,176.0000000000023,1565.7499971016241),(211.99999999999602,176.0000000000023,1747.2500005796774),(211.99999999999599,176.0000000000023,1202.7499994203267),(206.99999999999613,181.0000000000023,1764.9231094007425),(206.99999999999625,181.0000000000023,1185.0768905992613),(206.99999999999616,181.0000000000023,1608.7693282022246),(206.99999999999619,181.0000000000023,1396.9231199624414),(206.99999999999619,181.0000000000023,1330.0384611421791),(206.99999999999619,181.0000000000023,1463.8077787827037),(211.99999999999599,176.0000000000023,1384.2499982609754),(211.99999999999599,176.0000000000023,1157.3750020288669),(211.99999999999599,176.0000000000023,1792.6250026085418),(206.99999999999622,181.0000000000023,1146.0384452996318),(206.99999999999613,181.0000000000023,1803.9615547003721),(211.99999999999599,176.0000000000023,1429.624995652435),(210.24557424405114,179.80345209334143,1165.5576638463065),(210.50860417673158,179.56226005942997,1194.7670887503889),(211.99999999999599,176.0000000000023,1248.1249968117866),(206.99999999999619,181.0000000000023,1224.1153358988909),(211.99999999999599,176.0000000000023,1225.4374957973541),(210.50719586852526,179.56364660702877,1236.7812487790241),(210.85851009537274,179.17992135812983,1268.3545457911282),(206.99999999999619,181.0000000000023,1296.5961106086513),(211.99999999999599,176.0000000000023,1338.8750008695154),(210.63467528292654,179.43353106694397,1313.3172730664342),(211.99999999999599,176.0000000000023,1131.519226095591),(210.40319009254296,179.66309939723274,1342.7286391376194),(206.99999999999619,181.0000000000023,1363.4807905523103),(210.29393065398639,179.76165134571502,1380.2019433989412),(210.58219410132548,179.48824962128805,1412.4662959986006),(206.99999999999619,181.0000000000023,1430.3654493725724),(210.55796678217487,179.51295778183115,1447.0866137236128),(210.3930971599294,179.67245036226072,1476.4236179799739),(211.99999999999599,176.0000000000023,1520.3749997101643),(206.99999999999616,181.0000000000023,1497.2501293162316),(210.31715875577086,179.7411840089741,1513.9712840549557),(206.99999999999616,181.0000000000023,1569.7308829025951),(210.61937327323477,179.44965753502873,1546.8599286051337),(211.99999999999599,176.0000000000023,1611.1249944930839),(210.62116256538988,179.4477792381482,1589.2501155255914),(210.3748768523109,179.68920129997349,1138.03755514095),(210.4996936048662,179.57101451579899,1618.4601400297317),(206.99999999999613,181.0000000000023,1647.8077735018544),(210.29339588065469,179.76211955861027,1667.3270007191882),(211.99999999999599,176.0000000000023,1701.8749985508127),(206.99999999999613,181.0000000000023,1725.8846641011132),(210.48412623517891,179.58620473165249,1696.2704416476824),(211.99999999999599,176.0000000000023,1724.5624995652447),(210.56056144969239,179.51032792812185,1735.9062444250103),(210.87033408471331,179.16551955809626,1767.3184515525759),(210.48210710611781,179.58816528347182,1795.6626951686749),(191.99999999999622,179.00000000000236,1858.0000000000014),(192.58578643762317,180.41421356237541,1857.4142135623745),(193.99999999999616,181.0000000000023,1856.0000000000014),(193.99999999999636,181.0000000000023,1094.0000000000027),(192.58578643762326,180.41421356237549,1092.5857864376296),(191.99999999999622,179.00000000000233,1092.0000000000023),(191.99999999999622,179.00000000000236,1474.9999975925716),(191.99999999999622,179.00000000000236,1666.4999987962865),(191.99999999999622,179.00000000000233,1283.5000012037171),(193.99999999999622,181.0000000000023,1475.000000000002),(193.99999999999622,181.0000000000023,1665.5000000000018),(193.99999999999631,181.0000000000023,1284.5000000000025),(193.99999999999631,181.0000000000023,1189.2500000000025),(191.99999999999622,179.00000000000236,1187.7499981944295),(191.99999999999622,179.00000000000233,1235.6249996990732),(193.99999999999636,181.0000000000023,1236.8749978567539),(193.99999999999616,181.0000000000023,1760.7500000000014),(191.99999999999622,179.00000000000236,1762.2499969907137),(191.99999999999622,179.00000000000236,1808.6198393690861),(193.99999999999616,181.0000000000023,1808.3749978567532),(193.99999999999631,181.0000000000023,1379.7500000000023),(191.99999999999622,179.00000000000236,1379.2499993981444),(191.99999999999622,179.00000000000233,1427.1250009027879),(193.99999999999631,181.0000000000023,1427.3749978567535),(193.99999999999622,181.0000000000023,1570.250000000002),(191.99999999999622,179.00000000000236,1570.7500006018593),(191.99999999999622,179.00000000000236,1618.6249972916426),(193.99999999999622,181.0000000000023,1617.8749978567535),(193.99999999999636,181.0000000000023,1141.6250021432511),(191.99999999999622,179.00000000000233,1139.875001504646),(191.99999999999622,179.00000000000233,1163.8124998495377),(193.99999999999636,181.0000000000023,1165.4375010716267),(193.99999999999616,181.0000000000023,1831.3099179395704),(191.99999999999622,179.00000000000236,1833.3099196845435),(191.99999999999622,179.00000000000236,1845.6549574348423),(193.99999999999636,181.0000000000023,1118.6900820604337),(191.99999999999622,179.00000000000233,1115.9374983448938),(191.99999999999622,179.00000000000233,1127.90624992477),(193.99999999999622,181.0000000000023,1713.12500214325),(191.99999999999622,179.00000000000236,1714.3750003009302),(191.99999999999622,179.00000000000236,1738.3124986458217),(193.99999999999622,181.0000000000023,1736.9375010716258),(191.99999999999613,179.00000000000236,1331.3749978935004),(193.99999999999631,181.0000000000023,1332.1250021432511),(193.99999999999631,181.0000000000023,1308.3124989283781),(191.99999999999622,179.00000000000233,1307.4374995486087),(193.99999999999622,181.0000000000023,1522.6250021432504),(191.99999999999622,179.00000000000233,1522.8749990972153),(191.99999999999622,179.00000000000233,1546.8124974421071),(193.99999999999631,181.0000000000023,1546.4375010716262),(193.99999999999616,181.0000000000023,1843.6549611130345),(193.99999999999636,181.0000000000023,1106.3450388869696),(193.99999999999622,181.0000000000023,1451.1875010716262),(191.99999999999622,179.00000000000236,1451.0624992476799),(191.99999999999622,179.00000000000236,1463.0312460126952),(191.99999999999622,179.00000000000236,1498.9375007523236),(193.99999999999622,181.0000000000023,1498.8124989283776),(193.99999999999622,181.0000000000023,1486.9062473209412),(191.99999999999622,179.00000000000233,1259.5624980439648),(193.99999999999631,181.0000000000023,1260.6875010716265),(193.99999999999636,181.0000000000023,1248.7812494641903),(193.99999999999631,181.0000000000023,1403.5624989283776),(191.99999999999622,179.00000000000233,1403.1874977430357),(191.99999999999628,179.00000000000233,1415.1562493229117),(193.99999999999622,181.0000000000023,1641.687501071626),(191.99999999999622,179.00000000000236,1642.5625004513947),(191.99999999999622,179.00000000000236,1654.5312520312707),(193.99999999999622,181.0000000000023,1594.0624989283776),(191.99999999999622,179.00000000000236,1594.6874989467508),(191.99999999999622,179.00000000000236,1606.6562457117666),(191.99999999999622,179.00000000000236,1690.4374971411778),(193.99999999999622,181.0000000000023,1689.3124989283774),(193.99999999999622,181.0000000000023,1677.4062473209408),(193.99999999999631,181.0000000000023,1355.9375010716265),(191.99999999999622,179.00000000000236,1355.3125010532526),(191.99999999999622,179.00000000000233,1367.2812526331288),(191.99999999999622,179.00000000000236,1104.3450377503009),(191.99999999999622,179.00000000000233,1211.6875013541814),(193.99999999999636,181.0000000000023,1213.0624989283781),(193.99999999999631,181.0000000000023,1201.1562516074389),(193.99999999999616,181.0000000000023,1784.5624989283774),(191.99999999999622,179.00000000000236,1785.4349181799),(191.99999999999622,179.00000000000236,1797.0273787744932),(192.61016452443667,180.438178483667,1791.2311488268344),(193.99999999999636,181.0000000000023,1130.1575421018424),(191.99999999999622,179.00000000000233,1247.5937464640886),(191.99999999999622,179.00000000000236,1678.4687455613018),(191.99999999999622,179.00000000000233,1199.7187497743055),(192.61098670047855,180.43897256880371,1648.5468722159944),(192.60339039528554,180.43160106595255,1600.6718724200205),(192.59971214264283,180.42800347217894,1373.2656235579623),(192.58578637171624,180.41421349646848,1469.0156230649588),(192.5824473652828,180.41086658753528,1492.8593731060751),(192.59259276507512,180.42098728885878,1421.1406233103864),(192.63265051951137,180.45957370427956,1124.4238091481011),(192.58989078956097,180.41830603702167,1506.2502116724102),(192.54379062121231,180.37093188931757,1110.1412697091298),(192.61300249643156,180.44091565509993,1254.7343742116525),(191.99999999999622,179.00000000000236,1271.5312496238409),(192.61490579577995,180.44274531551935,1277.5156240567871),(192.6102359196334,180.43824747555479,1671.4531223910235),(192.57784104115981,180.40622327381101,1434.4190063985134),(192.55925816333567,180.38717805638001,1778.0931093022857),(192.55631948324498,180.38411941882168,1241.6093742428734),(193.99999999999636,181.0000000000023,1224.9687462493173),(191.99999999999622,179.00000000000233,1223.6562529340579),(192.6170288391645,180.44478052600186,1219.0156243796971),(192.55893097661766,180.38683815561336,1684.4531220911458),(193.99999999999622,181.0000000000023,1701.2187505358138),(191.99999999999622,179.00000000000236,1702.4062487210542),(192.61436109118441,180.44222217927523,1707.171872326194),(192.55253893193631,180.38016537286555,1205.7031244307555),(192.57052883680694,180.39878954586337,1386.4015202956032),(192.62091150501124,180.4484871152367,1719.9947450481616),(192.5670988760852,180.39527573228409,1587.6041668335204),(192.63251706677497,180.4594486723949,1837.4824403095697),(191.99999999999622,179.00000000000236,1820.9648819342453),(192.59265505270233,180.42104897851297,1814.7923600304875),(192.56067055569056,180.38864349303958,1635.6097424017921),(192.55766447038087,180.38552092009306,1290.3902573552973),(191.99999999999622,179.00000000000236,1486.9687491724476),(193.99999999999622,181.0000000000023,1463.0937526790628),(192.66816888852944,180.49205425187424,1480.9386597314915),(193.99999999999631,181.0000000000023,1415.4687462493171),(191.99999999999622,179.00000000000236,1726.3437518808066),(193.99999999999616,181.0000000000023,1796.4687462493166),(193.99999999999622,181.0000000000023,1653.5937526790624),(193.99999999999622,181.0000000000023,1605.9687462493168),(193.99999999999631,181.0000000000023,1367.8437483925659),(192.69866968906598,180.51872954203873,1660.0002719993165),(193.99999999999622,181.0000000000023,1725.0312537506866),(193.99999999999622,181.0000000000023,1629.7812494641896),(191.99999999999622,179.00000000000236,1630.5937488715185),(191.99999999999622,179.00000000000233,1295.4687527835933),(193.99999999999631,181.0000000000023,1296.4062473209417),(193.99999999999631,181.0000000000023,1272.5937526790628),(192.70256404364346,180.52205779757864,1266.1242976914652),(192.47606454502122,180.29522999080322,1230.2812096018044),(192.70284380869671,180.52229623115221,1695.7848123137433),(191.99999999999622,179.00000000000236,1582.7187521817355),(192.65420334609763,180.47946996129093,1803.0155767051156),(192.69430004238146,180.51497446205923,1826.1237221610754),(193.99999999999616,181.0000000000023,1819.8424578981615),(193.99999999999616,181.0000000000023,1772.6562516074382),(191.99999999999622,179.00000000000233,1391.2187461631597),(193.99999999999631,181.0000000000023,1391.6562516074387),(193.99999999999622,181.0000000000023,1582.1562516074382),(191.99999999999622,179.00000000000236,1439.0937524826645),(193.99999999999631,181.0000000000023,1439.2812494641901),(191.99999999999622,179.00000000000236,1510.9062523322),(193.99999999999622,181.0000000000023,1510.718750535814),(191.99999999999622,179.00000000000236,1773.8424575853066),(191.99999999999622,179.00000000000233,1151.8437530845222),(193.99999999999636,181.0000000000023,1153.5312537506875),(192.5465994710566,180.3739093501699,1145.8593747443661),(192.62340696566145,180.45085892416441,1159.4843746602592),(191.99999999999622,179.00000000000233,1175.7812466145533),(193.99999999999636,181.0000000000023,1177.3437483925661),(192.55010915926854,180.37761262696745,1181.765624556137),(192.50842028325275,180.33236254398173,1193.7348462583168),(192.71568965727087,180.53314935462129,1170.6663220850432),(192.75172762712538,180.56263114109967,1135.2041898027142),(191.99999999999622,179.00000000000236,1750.2812454108373),(193.99999999999616,181.0000000000023,1748.843748392565),(192.55131502962325,180.37888065350916,1756.2656221526076),(192.6183378239711,180.44603237562245,1742.8906223811452),(192.6996447354999,180.51956447250643,1731.4435320025441),(192.45525859703633,180.270344047094,1767.1833810894834),(193.99999999999631,181.0000000000023,1320.2187505358145),(191.99999999999622,179.00000000000236,1319.4062463136245),(192.60450716037971,180.43268968537697,1326.1718738765348),(191.99999999999622,179.00000000000233,1343.3437494733764),(192.60339043240739,180.43160110216701,1349.3281236822997),(192.56437455710477,180.3924724728802,1313.4218738680413),(192.51143431477084,180.33572908958951,1361.2954557226342),(193.99999999999631,181.0000000000023,1344.0312537506873),(192.69093612102017,180.51206870239653,1337.7504016251821),(192.4859289275729,180.30674740774819,1301.9084312919554),(191.99999999999622,179.00000000000236,1558.7812490219828),(193.99999999999622,181.0000000000023,1558.3437483925657),(192.59543103618262,180.42379283110222,1552.3906228421883),(191.99999999999622,179.00000000000236,1534.8437458622309),(192.59259274320729,180.42098726719996,1528.8593727640173),(192.67947231265657,180.50206745087436,1540.6239943969445),(193.99999999999622,181.0000000000023,1534.5312537506868),(192.69143107220964,180.51249706156358,1517.5536276449513),(192.56844156707382,180.39665330455881,1613.0155964447379),(192.45836099872133,180.27410721281763,1624.3086884173761),(192.57686803871394,180.40523856365505,1408.7414987008767),(192.74810359998156,180.55972927254621,1397.5666877709609),(192.58835297326772,180.41677544866326,1446.5106046754165),(192.70948691250467,180.52793192617344,1457.7644703009628),(192.59672184523231,180.42506505829348,1575.4007520710572),(192.69440041319353,180.51506096212253,1563.8951541090241),(191.99999999999582,175.0000000000023,1858.0000000000016),(191.99999999999588,175.0000000000023,1092.0000000000023),(799.99999999999591,175.00000000000134,1100.0000000000023),(799.99999999999602,162.50000000000134,1100.0000000000023),(787.99999999999591,162.50000000000139,1112.0000000000027),(787.99999999999602,176.00000000000134,1112.0000000000027),(789.46446609406303,179.53553390593405,1110.5355339059352),(792.99999999999568,181.00000000000136,1107.0000000000027),(519.30754387968784,181.00000000000182,1107.0000000000025),(363.15376525849456,181.00000000000207,1107.0000000000025),(636.84623474149726,181.00000000000162,1107.0000000000025),(499.99999999999596,176.00000000000182,1112.0000000000023),(355.99999833534451,176.00000000000207,1112.0000000000025),(644.00000166464747,176.00000000000162,1112.0000000000023),(714.92312405209384,181.00000000000148,1107.0000000000027),(716.00000083232169,176.00000000000148,1112.0000000000025),(748.96155865388141,176.00000000000142,1112.0000000000023),(285.07687594789797,181.00000000000216,1107.0000000000025),(283.9999991676703,176.00000000000219,1112.0000000000025),(319.99999875150741,176.00000000000213,1112.0000000000023),(246.03843129259963,181.00000000000225,1107.0000000000025),(753.96156870739219,181.00000000000142,1107.0000000000027),(251.03844134611049,176.00000000000222,1112.0000000000023),(427.99999750301873,176.00000000000196,1112.0000000000023),(441.2306545690912,181.00000000000193,1107.0000000000025),(402.19220991379291,181.00000000000199,1107.0000000000025),(578.07688931059249,181.00000000000171,1107.0000000000025),(572.00000249697314,176.00000000000168,1112.0000000000025),(608.0000020808103,176.00000000000165,1112.0000000000023),(324.11532060319627,181.0000000000021,1107.0000000000025),(732.48077923524056,179.56797512360012,1110.502792245823),(267.51922671674981,179.56797507640201,1110.5027922939003),(675.88467939679549,181.00000000000156,1107.0000000000027),(680.00000124848452,176.00000000000153,1112.0000000000023),(298.96627819675268,179.50779681382727,1110.5630550813783),(701.03372488271327,179.50779686481985,1110.563055031176),(391.99999791918162,176.00000000000202,1112.0000000000023),(338.00000478681193,179.41696091073129,1110.6502572696409),(367.19845931951869,179.43725958398602,1110.6311494808569),(662.0000014581093,179.41696095114958,1110.6502572318052),(632.80154547094685,179.43725957280509,1110.6311494914405),(607.46156202604493,181.00000000000171,1107.0000000000025),(592.76922416232537,179.52117922146309,1110.5498305438944),(561.63898902327469,179.67732866352679,1110.3878096021522),(536.00000291313597,176.00000000000173,1112.0000000000023),(548.69221659514017,181.00000000000176,1107.0000000000025),(760.96012136651655,179.33044569489365,1110.7293607325373),(239.03988171321063,179.33044553737201,1110.7293608732105),(410.000004057578,179.29409359106225,1110.7615086618741),(439.04344431871505,179.42983030258176,1110.6381676838105),(480.26909922438955,181.0000000000019,1107.0000000000025),(463.99999708685584,176.00000000000188,1112.0000000000023),(518.00000294195331,179.2376795413056,1110.8101746925622),(488.39725603569116,179.47405478263579,1110.5959620920241),(805.99999999999579,181.00000000000128,1094.0000000000025),(807.4142135623689,180.4142135623743,1092.5857864376294),(807.99999999999602,179.00000000000134,1092.0000000000027),(499.99999999999625,179.00000000000182,1092.0000000000027),(345.99999815445648,179.00000000000207,1092.0000000000027),(654.00000184553585,179.00000000000156,1092.0000000000025),(499.99999999999613,181.00000000000182,1094.0000000000025),(346.99999999999625,181.00000000000202,1094.0000000000027),(652.99999999999602,181.00000000000156,1094.0000000000025),(729.49999829632782,181.00000000000142,1094.0000000000027),(731.00000092276593,179.00000000000145,1092.0000000000027),(692.49999953861118,179.00000000000151,1092.0000000000027),(691.24999914816192,181.00000000000148,1094.0000000000025),(270.50000170366434,181.00000000000216,1094.0000000000027),(268.99999907722651,179.00000000000222,1092.0000000000027),(241.38015611612548,179.00000000000225,1092.0000000000027),(232.25000255549847,181.00000000000225,1094.0000000000027),(576.50000170366411,181.00000000000171,1094.0000000000025),(576.99999907722622,179.00000000000171,1092.0000000000027),(538.50000138415101,179.00000000000173,1092.0000000000027),(538.25000255549821,181.00000000000176,1094.0000000000025),(423.4999982963281,181.00000000000193,1094.0000000000027),(423.00000092276611,179.00000000000193,1092.0000000000027),(384.49999953861135,179.00000000000202,1092.0000000000027),(385.24999914816215,181.00000000000199,1094.0000000000027),(767.74999744449372,181.00000000000136,1094.0000000000025),(769.50000230692081,179.00000000000139,1092.0000000000027),(750.25000346038314,179.00000000000139,1092.0000000000027),(216.69007805806095,179.00000000000227,1092.0000000000027),(213.12499957407934,181.00000000000227,1094.0000000000027),(783.30991825085187,179.00000000000134,1092.0000000000025),(786.87500042591284,181.00000000000136,1094.0000000000025),(308.75000085183029,181.0000000000021,1094.0000000000025),(307.50000046138126,179.00000000000216,1092.0000000000027),(288.25000161484365,179.00000000000219,1092.0000000000027),(614.75000085183001,181.00000000000162,1094.0000000000025),(615.50000046138098,179.00000000000165,1092.0000000000027),(596.24999792376389,179.00000000000168,1092.0000000000027),(461.49999861584143,179.00000000000188,1092.0000000000027),(461.749997444494,181.0000000000019,1094.0000000000027),(480.87500042591313,181.00000000000182,1094.0000000000025),(204.34503718348887,179.00000000000233,1092.0000000000027),(795.65495912542394,179.00000000000134,1092.0000000000027),(206.34504122241674,181.00000000000227,1094.0000000000027),(209.73502011453829,180.3746468509874,1092.5472969900668),(222.6875010647889,181.00000000000225,1094.0000000000025),(229.03511893263303,179.00000000000227,1092.0000000000027),(227.46875097722125,180.45883974561559,1092.6318674784177),(251.37500212958139,181.00000000000219,1094.0000000000027),(239.99189208767291,180.53710707407507,1092.7204290395493),(255.19007944221579,179.00000000000222,1092.0000000000027),(793.65495877757542,181.00000000000136,1094.0000000000025),(790.26498035086399,180.37464680910986,1092.5472969504403),(777.31249893520328,181.00000000000136,1094.0000000000025),(772.53125022699794,180.44427521981737,1092.616501142242),(748.62499787041088,181.00000000000142,1094.0000000000025),(758.31179473233749,180.46672954932367,1092.6403292938592),(519.25000253761345,179.00000000000182,1092.0000000000027),(519.12499957407908,181.00000000000176,1094.0000000000025),(557.37500212958105,181.00000000000171,1094.0000000000025),(557.75000023068867,179.00000000000173,1092.0000000000027),(365.24999700099414,179.00000000000205,1092.0000000000027),(366.1249995740792,181.00000000000202,1094.0000000000025),(404.37499872224515,181.00000000000196,1094.0000000000027),(403.75000207622855,179.00000000000199,1092.0000000000027),(634.7500029989983,179.00000000000162,1092.0000000000027),(633.87500042591296,181.00000000000156,1094.0000000000025),(442.24999976930377,179.00000000000193,1092.0000000000027),(442.62499787041111,181.0000000000019,1094.0000000000025),(262.09504185161188,180.46432876565163,1092.6377440526521),(710.37499872224498,181.00000000000145,1094.0000000000025),(711.74999838514873,179.00000000000148,1092.0000000000027),(672.12499957407897,181.00000000000153,1094.0000000000025),(673.25000069207351,179.00000000000153,1092.0000000000025),(327.8750004259133,181.0000000000021,1094.0000000000025),(326.74999930791893,179.0000000000021,1092.0000000000027),(274.08198855210782,180.38503246786982,1092.5571954176173),(289.62500127774734,181.00000000000213,1094.0000000000025),(250.98272044622331,180.33175562961765,1092.5078783752724),(746.8269791902112,180.39522926929661,1092.5670536346065),(595.62500127774706,181.00000000000162,1094.0000000000025),(605.1875011558609,180.43968026386307,1092.6117202234996),(480.74999746237899,179.00000000000188,1092.0000000000027),(528.87500168734618,180.40361563807147,1092.5752673441805),(509.62500180236873,180.40888951737827,1092.5804823608637),(547.81250146934258,180.42466358657254,1092.5963142570035),(566.93750136540734,180.42975624211368,1092.6015018455018),(355.625002615646,180.373070255512,1092.5458067276231),(375.68750231441828,180.44451297614992,1092.6167493857824),(413.9375021546997,180.43476153997901,1092.6066374041925),(394.12500244886922,180.38303759733662,1092.5552830712036),(644.37500098216503,180.37307026977339,1092.5458067410893),(625.12500110084841,180.37802648740995,1092.550502500867),(432.62500224721344,180.39322149264416,1092.5651014417624),(452.18750197114286,180.42466356337829,1092.5963142334624),(700.81250062604272,180.46299808265346,1092.6363150619923),(689.35517542563468,180.40014145011159,1092.5718529768696),(719.93750051945085,180.46741121508265,1092.6410650030828),(662.5625008387068,180.45392338302889,1092.6266439659437),(337.43750242093643,180.45392335352534,1092.6266439347087),(317.12500269774046,180.36332552962062,1092.5366669892733),(305.68495927088134,180.42770793723045,1092.599410821844),(285.7234671350231,180.4337233181987,1092.6055691315621),(734.75817337779324,180.44395473507205,1092.6161666563276),(586.62500133711728,180.38810287388347,1092.5601491703953),(490.43750177554887,180.41421348707743,1092.5857863623321),(471.12500202903323,180.40361564163274,1092.5752673476889),(677.26699370660208,180.43693099740429,1092.6088748048089),(327.23528811286189,180.50803966467899,1092.6862966964516),(807.99999999999602,175.00000000000131,1092.0000000000023),(799.99999999999568,175.00000000000134,1850.0000000000018),(799.99999999999568,162.50000000000134,1850.0000000000014),(787.99999999999579,162.50000000000139,1838.0000000000016),(787.99999999999579,176.00000000000134,1838.0000000000011),(789.46446609406325,179.53553390593427,1839.4644660940689),(792.99999999999579,181.00000000000136,1843.0000000000014),(792.99999999999579,181.00000000000136,1419.3075444087424),(792.99999999999579,181.00000000000136,1263.1537722043722),(792.99999999999579,181.00000000000136,1686.8462277956316),(787.99999999999579,176.00000000000134,1474.9999976812996),(787.99999999999579,176.00000000000136,1293.5000011593536),(787.99999999999579,176.00000000000134,1656.4999988406507),(787.99999999999579,176.00000000000136,1384.2499994203265),(787.99999999999579,176.00000000000136,1202.7500028983804),(787.99999999999579,176.00000000000134,1747.2500017390284),(792.99999999999579,181.00000000000136,1185.0768966638752),(792.99999999999579,181.00000000000136,1764.9231033361286),(792.99999999999579,181.00000000000136,1341.2306477448694),(792.99999999999579,181.00000000000136,1553.0768966638745),(792.99999999999579,181.00000000000136,1619.9615727914411),(792.99999999999579,181.00000000000136,1486.1922205363085),(787.99999999999579,176.00000000000134,1565.7499959422728),(787.99999999999579,176.00000000000134,1792.6250008695151),(787.99999999999579,176.00000000000136,1157.374999130489),(792.99999999999591,181.00000000000136,1803.9615516680651),(792.99999999999579,181.00000000000136,1146.038448331939),(787.99999999999579,176.00000000000134,1520.3749968117861),(789.7544257559407,179.80345209334058,1784.4423361536976),(789.4913958232604,179.56226005942915,1755.2329112496143),(787.99999999999579,176.00000000000134,1701.8749979711372),(792.99999999999579,181.00000000000136,1725.8846550041926),(787.99999999999579,176.00000000000134,1724.5624998550832),(789.49280413146664,179.56364660702792,1713.21875122098),(789.14148990461922,179.17992135812898,1681.6454542088748),(792.99999999999579,181.00000000000136,1653.4038897318483),(787.99999999999579,176.00000000000134,1611.1249997101645),(789.36532471706539,179.43353106694315,1636.6827269335699),(787.99999999999579,176.00000000000134,1818.4807824311356),(789.59680990744903,179.66309939723192,1607.2713608623835),(792.99999999999579,181.00000000000136,1586.5192347276577),(789.70606934600551,179.76165134571414,1569.7980566010629),(789.41780589866642,179.48824962128722,1537.5337040014028),(792.99999999999579,181.00000000000136,1519.6345586000914),(789.44203321781708,179.51295778183027,1502.9133862763911),(789.60690284006239,179.67245036225984,1473.5763820200298),(787.99999999999579,176.00000000000136,1429.6249985508132),(792.99999999999579,181.00000000000136,1452.7498824725253),(789.68284124422098,179.74118400897322,1436.0287159450486),(792.99999999999579,181.00000000000136,1380.2690960768059),(789.38062672675721,179.44965753502794,1403.1400713948699),(787.99999999999579,176.00000000000134,1338.87500028984),(789.37883743460202,179.44777923814732,1360.7498844744127),(789.62512314768117,179.68920129997269,1811.9624448590539),(789.50030639512568,179.57101451579808,1331.5398599702717),(792.99999999999579,181.00000000000136,1302.1921994129332),(789.70660411933716,179.76211955860936,1282.6729992808157),(787.99999999999579,176.00000000000134,1248.1250020288669),(792.99999999999579,181.00000000000136,1224.1153449958115),(789.51587376481302,179.58620473165161,1253.7295583523212),(787.99999999999579,176.00000000000136,1225.4375047823262),(789.43943855029954,179.51032792812097,1214.0937555749938),(789.12966591527845,179.16551955809538,1182.6815484474278),(789.51789289387409,179.58816528347094,1154.3373048313285),(805.99999999999568,181.00000000000128,1856.0000000000011),(807.4142135623689,180.41421356237441,1857.4142135623745),(807.99999999999579,179.00000000000134,1858.0000000000016),(807.99999999999579,179.00000000000134,1475.000000000002),(807.99999999999579,179.00000000000134,1283.4999975925721),(807.99999999999579,179.00000000000134,1666.500002407432),(805.99999999999568,181.00000000000128,1475.000000000002),(805.99999999999579,181.00000000000128,1284.5000000000023),(805.99999999999568,181.00000000000128,1665.5000000000014),(805.99999999999568,181.00000000000128,1760.7500021432502),(807.99999999999579,179.00000000000134,1762.2499987962865),(807.99999999999579,179.00000000000134,1714.3750006018593),(805.99999999999568,181.00000000000128,1713.125001071626),(805.99999999999579,181.00000000000128,1189.2499978567532),(807.99999999999579,179.00000000000134,1187.7500012037174),(807.99999999999579,179.00000000000134,1141.3801620314903),(805.99999999999579,181.00000000000131,1141.6249967851286),(805.99999999999568,181.00000000000128,1570.2499978567523),(807.99999999999591,179.00000000000134,1570.7500012037169),(807.99999999999579,179.00000000000134,1522.8750030092895),(805.99999999999568,181.00000000000128,1522.6249967851281),(805.99999999999568,181.00000000000128,1379.7500021432511),(807.99999999999579,179.00000000000134,1379.2499987962869),(807.99999999999579,179.00000000000134,1331.3750006018597),(805.99999999999568,181.00000000000128,1332.1250010716265),(805.99999999999568,181.00000000000128,1808.3750032148748),(807.99999999999579,179.00000000000134,1810.1250018055744),(807.99999999999579,179.00000000000134,1786.1875003009304),(805.99999999999568,181.00000000000128,1784.5625026790628),(805.99999999999579,181.00000000000128,1118.6900795985864),(807.99999999999579,179.00000000000134,1116.6900786083163),(807.99999999999579,179.00000000000134,1104.3450368967292),(805.99999999999568,181.00000000000128,1831.3099204014172),(807.99999999999579,179.00000000000134,1834.0625033102178),(807.99999999999579,179.00000000000134,1822.0937525578959),(805.99999999999579,181.00000000000131,1236.8749989283776),(807.99999999999579,179.00000000000134,1235.6249993981446),(807.99999999999579,179.00000000000134,1211.6875027083613),(805.99999999999579,181.00000000000131,1213.0624983925657),(807.99999999999579,179.00000000000134,1618.6249993981444),(805.99999999999568,181.00000000000128,1617.8749989283772),(805.99999999999568,181.00000000000128,1641.6874994641894),(807.99999999999579,179.00000000000134,1642.5625009027881),(805.99999999999568,181.00000000000128,1427.3750032148755),(807.99999999999579,179.00000000000134,1427.1249969907144),(807.99999999999579,179.00000000000134,1403.1874954860705),(805.99999999999568,181.00000000000131,1403.5625026790635),(805.99999999999579,181.00000000000131,1106.3450419425435),(805.99999999999568,181.00000000000128,1843.6549580574601),(805.99999999999568,181.00000000000128,1498.8124962493157),(807.99999999999579,179.00000000000134,1498.9375015046458),(807.99999999999579,179.00000000000134,1486.968750752324),(807.99999999999579,179.00000000000134,1451.0624984953581),(805.99999999999568,181.00000000000128,1451.1875037506877),(805.99999999999568,181.00000000000128,1463.0937497320958),(807.99999999999579,179.00000000000134,1690.4375039120757),(805.99999999999568,181.00000000000128,1689.3125005358136),(805.99999999999568,181.00000000000128,1701.21875080372),(805.99999999999568,181.00000000000131,1546.4374973209403),(807.99999999999579,179.00000000000134,1546.8125045139336),(807.99999999999579,179.00000000000134,1534.8437537616114),(805.99999999999568,181.00000000000128,1308.3125005358145),(807.99999999999579,179.00000000000134,1307.4374990972158),(807.99999999999579,179.00000000000134,1295.468748344894),(805.99999999999579,181.00000000000128,1355.9375016074387),(807.99999999999579,179.00000000000134,1355.3125021065036),(807.99999999999579,179.00000000000134,1343.3437513541817),(807.99999999999579,179.00000000000134,1259.5624960879281),(805.99999999999579,181.00000000000131,1260.6874994641901),(805.99999999999579,181.00000000000131,1272.5937497320961),(805.99999999999568,181.00000000000128,1594.0624983925647),(807.99999999999579,179.00000000000134,1594.6874978935004),(807.99999999999579,179.00000000000134,1582.7187471411785),(807.99999999999579,179.00000000000134,1845.6549631032749),(807.99999999999579,179.00000000000134,1738.3124972916428),(805.99999999999568,181.00000000000128,1736.9375016074382),(805.99999999999568,181.00000000000128,1748.8437518753444),(805.99999999999579,181.00000000000131,1165.437497320941),(807.99999999999579,179.00000000000134,1164.5650816176039),(807.99999999999579,179.00000000000134,1152.9726218245471),(807.3898354755554,180.43817848366606,1158.7688511731692),(805.99999999999568,181.00000000000128,1819.8424618081463),(807.99999999999579,179.00000000000134,1702.4062546643975),(807.99999999999579,179.00000000000134,1271.5312468402501),(807.99999999999579,179.00000000000134,1750.2812480439645),(807.38901329951364,180.43897256880277,1301.4531277840092),(807.39660960470644,180.43160106595158,1349.3281275799832),(807.40028785734921,180.42800347217798,1576.7343764420414),(807.41421362827589,180.41421349646751,1480.984376935045),(807.4175526347093,180.41086658753426,1457.140626893929),(807.40740723491695,180.42098728885784,1528.8593766896174),(807.3673494804807,180.4595737042786,1825.5761908519028),(807.41010921043119,180.41830603702073,1443.7497883275935),(807.45620937877982,180.37093188931664,1839.8587302908736),(807.38699750356056,180.44091565509891,1695.2656257883514),(807.99999999999579,179.00000000000134,1678.468753159754),(807.38509420421212,180.44274531551835,1672.4843759432165),(807.38976408035876,180.43824747555385,1278.5468776089806),(807.42215895883226,180.40622327381004,1515.5809936014898),(807.44074183665646,180.38717805637907,1171.9068906977184),(807.44368051674712,180.38411941882072,1708.39062575713),(805.99999999999568,181.00000000000128,1725.031251339532),(807.99999999999579,179.00000000000134,1726.3437465393208),(807.38297116082754,180.4447805260009,1730.9843756203068),(807.44106902337433,180.38683815561239,1265.5468779088578),(805.99999999999579,181.00000000000128,1248.7812491962836),(807.99999999999579,179.00000000000134,1247.5937453356062),(807.38563890880778,180.44222217927427,1242.8281276738098),(807.44746106805587,180.38016537286455,1744.2968755692482),(807.4294711631851,180.3987895458624,1563.5984797044002),(807.37908849498081,180.44848711523574,1230.0052549518421),(807.43290112390696,180.39527573228307,1362.3958331664835),(807.36748293321716,180.45944867239396,1112.5175596904344),(807.99999999999579,179.00000000000134,1129.0351203199032),(807.40734494728974,180.42104897851203,1135.2076399695161),(807.43932944430162,180.38864349303856,1314.390257598212),(807.44233552961123,180.38552092009209,1659.6097426447061),(807.99999999999579,179.00000000000134,1463.0312492476801),(805.99999999999568,181.00000000000128,1486.906250267908),(807.33183111146252,180.49205425187327,1469.0613402685126),(805.99999999999568,181.00000000000131,1534.5312470530343),(807.99999999999579,179.00000000000134,1223.6562534606833),(805.99999999999579,181.00000000000131,1153.5312470530348),(805.99999999999568,181.00000000000128,1296.4062502679083),(805.99999999999579,181.00000000000131,1344.0312513395329),(805.99999999999568,181.00000000000128,1582.1562481246585),(807.30133031092612,180.51872954203776,1289.9997280006871),(805.99999999999579,181.00000000000128,1224.9687486604714),(805.99999999999579,181.00000000000131,1320.2187508037207),(807.99999999999579,179.00000000000134,1319.4062498495377),(807.99999999999579,179.00000000000134,1654.5312516551101),(805.99999999999568,181.00000000000128,1653.5937497320951),(805.99999999999568,181.00000000000128,1677.4062502679076),(807.29743595634864,180.52205779757765,1683.8757023085386),(807.52393545497091,180.29522999080223,1719.7187903981996),(807.29715619129536,180.5222962311513,1254.2151876862604),(807.99999999999579,179.00000000000134,1367.2812528588254),(807.34579665389447,180.47946996128996,1146.9844232948883),(807.3056999576105,180.51497446205829,1123.8762778389287),(805.99999999999579,181.00000000000131,1130.1575381918576),(805.99999999999579,181.00000000000136,1177.3437475888472),(807.99999999999579,179.00000000000134,1558.7812552662554),(805.99999999999568,181.00000000000128,1558.3437475888466),(805.99999999999568,181.00000000000128,1367.8437518753451),(807.99999999999579,179.00000000000134,1510.9062522569675),(805.99999999999568,181.00000000000128,1510.7187465172219),(807.99999999999579,179.00000000000134,1439.0937477430361),(805.99999999999568,181.00000000000128,1439.2812534827815),(807.99999999999579,179.00000000000134,1176.1575414106605),(807.99999999999579,179.00000000000134,1798.1562510532524),(805.99999999999568,181.00000000000128,1796.4687529469688),(807.4534005289355,180.37390935016887,1804.1406252556376),(807.37659303433065,180.45085892416344,1790.5156253397447),(807.99999999999579,179.00000000000134,1774.2187495486087),(805.99999999999568,181.00000000000128,1772.6562524111564),(807.44989084072358,180.37761262696651,1768.2343754438664),(807.49157971673935,180.33236254398074,1756.2651537416868),(807.28431034272114,180.53314935462026,1779.3336779149604),(807.24827237286661,180.56263114109871,1814.7958101972897),(807.99999999999579,179.00000000000134,1199.7187519560393),(805.99999999999579,181.00000000000131,1201.1562481246594),(807.44868497036884,180.37888065350813,1193.734377847396),(807.38166217602088,180.44603237562148,1207.1093776188586),(807.30035526449205,180.51956447250549,1218.5564679974598),(807.54474140295588,180.27034404709303,1182.8166189105207),(805.99999999999568,181.00000000000128,1629.7812491962832),(807.99999999999579,179.00000000000134,1630.5937501504661),(807.39549283961242,180.43268968537598,1623.828126123469),(807.99999999999579,179.00000000000134,1606.6562486458224),(807.39660956758462,180.43160110216604,1600.6718763177039),(807.43562544288727,180.39247247287921,1636.5781261319623),(807.48856568522126,180.33572908958854,1588.7045442773695),(805.99999999999568,181.00000000000128,1605.968748660471),(807.30906387897187,180.51206870239557,1612.2495983748217),(807.51407107241914,180.30674740774725,1648.0915687080483),(807.99999999999579,179.00000000000134,1391.2187447337485),(805.99999999999568,181.00000000000128,1391.6562524111573),(807.40456896380942,180.42379283110125,1397.6093771578155),(807.99999999999579,179.00000000000134,1415.1562462383924),(807.40740725678484,180.420987267199,1421.1406272359866),(807.32052768733547,180.50206745087343,1409.3760056030592),(805.99999999999568,181.00000000000128,1415.4687529469697),(807.3085689277824,180.51249706156258,1432.4463723550525),(807.43155843291822,180.39665330455784,1336.9844035552658),(807.54163900127071,180.2741072128166,1325.6913115826278),(807.42313196127816,180.40523856365408,1541.2585012991271),(807.25189640001042,180.55972927254527,1552.4333122290427),(807.41164702672438,180.41677544866232,1503.4893953245869),(807.2905130874874,180.52793192617244,1492.2355296990406),(807.40327815475973,180.42506505829249,1374.5992479289466),(807.30559958679851,180.51506096212157,1386.1048458909797),(807.99999999999602,175.00000000000131,1858.0000000000016),(480.69245819032852,181.0000000000019,1843.0000000000014),(636.84622241380634,181.00000000000162,1843.0000000000018),(363.15377758618615,181.00000000000207,1843.0000000000011),(500.00000166464753,176.00000000000182,1838.0000000000018),(644.00000083232192,176.00000000000162,1838.0000000000018),(356.0000024969732,176.00000000000202,1838.0000000000018),(285.07689547444721,181.00000000000216,1843.0000000000011),(283.99999958383319,176.00000000000216,1838.0000000000018),(251.03844309590713,176.00000000000222,1838.0000000000018),(714.92310452554545,181.00000000000148,1843.0000000000018),(716.00000041615908,176.00000000000148,1838.0000000000018),(679.99999895958911,176.00000000000153,1838.0000000000018),(753.96154558141495,181.00000000000142,1843.0000000000018),(246.03845441857771,181.00000000000227,1843.0000000000014),(748.96155690408511,176.00000000000142,1838.0000000000018),(572.00000124848464,176.00000000000168,1838.0000000000018),(558.76934030206746,181.00000000000176,1843.0000000000018),(597.80778135793696,181.00000000000171,1843.0000000000014),(421.92311788825731,181.00000000000196,1843.0000000000011),(428.00000208081042,176.00000000000196,1838.0000000000018),(392.00000062424039,176.00000000000199,1838.0000000000018),(675.88466346967584,181.00000000000156,1843.0000000000018),(267.51922076475131,179.5679751236008,1839.4972077541809),(732.48077328324257,179.56797507640118,1839.4972077061038),(324.11533653031665,181.00000000000213,1843.0000000000011),(320.00000104040311,176.00000000000207,1838.0000000000018),(701.03372180323981,179.50779681382662,1839.4369449186256),(298.96627511727718,179.50779686482039,1839.4369449688281),(608.00000270505473,176.00000000000165,1838.0000000000018),(661.99999521318023,179.41696091073075,1839.349742730363),(632.80154068047386,179.43725958398554,1839.3688505191471),(337.99999854188252,179.41696095115003,1839.3497427681987),(367.19845452904411,179.43725957280549,1839.3688505085638),(392.5384477372217,181.00000000000202,1843.0000000000011),(407.2307758376669,179.52117922146329,1839.4501694561097),(438.36101097671678,179.67732866352694,1839.6121903978519),(464.00000353738034,176.00000000000188,1838.0000000000018),(451.30778803929297,181.00000000000193,1843.0000000000011),(239.03987863347527,179.33044569489454,1839.2706392674668),(760.96011828678172,179.33044553737113,1839.2706391267936),(589.99999594241422,179.29409359106191,1839.23849133813),(560.95655568127745,179.42983030258156,1839.3618323161938),(519.73089924619796,181.00000000000182,1843.0000000000014),(535.99999979191477,176.00000000000173,1838.0000000000018),(481.99999705803867,179.2376795413056,1839.1898253074417),(511.60274396430043,179.47405478263573,1839.40403790798),(499.99999999999585,179.00000000000182,1858.0000000000014),(654.00000184553562,179.00000000000156,1858.0000000000014),(345.99999815445614,179.00000000000207,1858.0000000000009),(499.99999999999596,181.00000000000182,1856.0000000000014),(652.99999999999579,181.00000000000156,1856.0000000000011),(346.99999999999602,181.00000000000202,1856.0000000000014),(270.49999829632719,181.00000000000216,1856.0000000000014),(268.99999907722605,179.00000000000222,1858.0000000000014),(307.50000046138086,179.00000000000216,1858.0000000000014),(308.74999914816163,181.0000000000021,1856.0000000000014),(729.50000170366468,181.00000000000142,1856.0000000000011),(731.00000092276571,179.00000000000148,1858.0000000000014),(758.61984388386668,179.00000000000139,1858.0000000000014),(767.74999914816135,181.00000000000136,1856.0000000000009),(423.50000170366496,181.00000000000193,1856.0000000000014),(423.00000092276576,179.00000000000193,1858.0000000000016),(461.49999861584104,179.00000000000188,1858.0000000000014),(461.74999914816146,181.0000000000019,1856.0000000000014),(576.49999829632691,181.00000000000171,1856.0000000000011),(576.99999907722599,179.00000000000168,1858.0000000000014),(615.50000046138075,179.00000000000165,1858.0000000000014),(614.74999914816146,181.00000000000162,1856.0000000000014),(232.25000085183061,181.00000000000225,1856.0000000000014),(230.49999769307118,179.00000000000227,1858.0000000000016),(249.74999653960882,179.00000000000222,1858.0000000000014),(783.30992194193129,179.00000000000134,1858.0000000000014),(786.87499787040963,181.00000000000136,1856.0000000000014),(216.69008174914009,179.00000000000227,1858.0000000000014),(213.1250021295823,181.00000000000227,1856.0000000000014),(691.25000085183024,181.00000000000148,1856.0000000000014),(692.49999953861084,179.00000000000151,1858.0000000000009),(711.7499983851485,179.00000000000148,1858.0000000000014),(385.25000085183052,181.00000000000196,1856.0000000000011),(384.49999953861089,179.00000000000202,1858.0000000000014),(403.75000207622816,179.00000000000199,1858.0000000000009),(538.50000138415066,179.00000000000173,1858.0000000000014),(538.25000085183035,181.00000000000176,1856.0000000000014),(519.12500212958196,181.00000000000176,1856.0000000000011),(795.65496281650337,179.00000000000134,1858.0000000000014),(204.34504087456801,179.00000000000233,1858.0000000000014),(793.654959543872,181.00000000000131,1856.0000000000011),(790.26497988545384,180.37464685098647,1857.4527030099371),(777.31249850928543,181.00000000000136,1856.0000000000014),(770.9648810673591,179.00000000000136,1858.0000000000016),(772.53124902277079,180.45883974561474,1857.3681325215864),(748.62500042591296,181.00000000000142,1856.0000000000011),(760.00810791231925,180.53710707407419,1857.2795709604545),(744.80992055777631,179.00000000000139,1858.0000000000014),(206.34504045611982,181.0000000000023,1856.0000000000014),(209.73501964912813,180.37464680911077,1857.4527030495635),(222.68750149070644,181.00000000000225,1856.0000000000011),(227.4687497729941,180.44427521981825,1857.3834988577619),(251.37499957407888,181.00000000000219,1856.0000000000014),(241.68820526765407,180.46672954932444,1857.3596707061447),(480.74999746237864,179.00000000000188,1858.0000000000016),(480.8749978704098,181.00000000000182,1856.0000000000014),(442.62500042591324,181.0000000000019,1856.0000000000014),(442.24999976930343,179.00000000000193,1858.0000000000014),(634.75000299899807,179.00000000000162,1858.0000000000014),(633.87500127774751,181.00000000000156,1856.0000000000011),(595.6249970185753,181.00000000000165,1856.0000000000014),(596.24999792376354,179.00000000000168,1858.0000000000014),(365.24999700099374,179.00000000000205,1858.0000000000014),(366.12499872224436,181.00000000000202,1856.0000000000011),(557.75000023068833,179.00000000000173,1858.0000000000014),(557.37499957407874,181.00000000000171,1856.0000000000014),(737.90495814838027,180.46432876565081,1857.3622559473515),(289.62499701857553,181.00000000000216,1856.0000000000014),(288.25000161484326,179.00000000000216,1858.0000000000014),(327.8750012777478,181.0000000000021,1856.0000000000014),(326.74999930791853,179.0000000000021,1858.0000000000009),(672.12499872224419,181.00000000000153,1856.0000000000011),(673.25000069207329,179.00000000000153,1858.0000000000009),(725.91801144788451,180.38503246786905,1857.4428045823865),(710.3750029814164,181.00000000000145,1856.0000000000011),(749.01727955376896,180.33175562961682,1857.4921216247315),(253.1730208097799,180.39522926929735,1857.4329463653976),(404.37500298141657,181.00000000000196,1856.0000000000014),(394.81249884413103,180.43968026386341,1857.3882797765043),(519.25000253761311,179.00000000000182,1858.0000000000014),(471.12499831264586,180.40361563807153,1857.4247326558234),(490.37499819762337,180.4088895173783,1857.4195176391402),(452.18749853064963,180.42466358657265,1857.4036857430003),(433.0624986345847,180.42975624211385,1857.3984981545018),(644.37499738434622,180.37307025551149,1857.4541932723807),(624.31249768557382,180.44451297614953,1857.3832506142212),(586.06249784529246,180.43476153997872,1857.3933625958114),(605.87499755112287,180.38303759733628,1857.4447169288003),(355.62499901782701,180.37307026977385,1857.4541932589145),(374.87499889914358,180.37802648741032,1857.4494974991371),(567.37499775277865,180.3932214926439,1857.4348985582415),(547.81249802884929,180.42466356337812,1857.4036857665415),(299.18749937394921,180.46299808265411,1857.3636849380118),(310.64482457435685,180.40014145011219,1857.428147023134),(280.06249948054119,180.46741121508333,1857.3589349969213),(337.43749916128513,180.45392338302938,1857.3733560340604),(662.56249757905562,180.45392335352483,1857.3733560652952),(682.87499730225181,180.36332552962003,1857.4633330107306),(694.31504072911071,180.42770793722985,1857.4005891781599),(714.27653286496923,180.43372331819799,1857.3944308684418),(265.24182662219783,180.44395473507279,1857.3838333436763),(413.37499866287476,180.38810287388372,1857.4398508296085),(509.56249822444323,180.41421348707735,1857.4142136376718),(528.87499797095882,180.40361564163265,1857.4247326523148),(322.73300629338939,180.43693099740483,1857.3911251951949),(672.76471188713026,180.50803966467842,1857.3137033035525)));
#2626=IFCPOLYGONALFACESET(#2625,.T.,(#1520,#1521,#1522,#1523,#1524,#1525,#1526,#1527,#1528,#1529,#1530,#1531,#1532,#1533,#1534,#1535,#1536,#1537,#1538,#1539,#1540,#1541,#1542,#1543,#1544,#1545,#1546,#1547,#1548,#1549,#1550,#1551,#1552,#1553,#1554,#1555,#1556,#1557,#1558,#1559,#1560,#1561,#1562,#1563,#1564,#1565,#1566,#1567,#1568,#1569,#1570,#1571,#1572,#1573,#1574,#1575,#1576,#1577,#1578,#1579,#1580,#1581,#1582,#1583,#1584,#1585,#1586,#1587,#1588,#1589,#1590,#1591,#1592,#1593,#1594,#1595,#1596,#1597,#1598,#1599,#1600,#1601,#1602,#1603,#1604,#1605,#1606,#1607,#1608,#1609,#1610,#1611,#1612,#1613,#1614,#1615,#1616,#1617,#1618,#1619,#1620,#1621,#1622,#1623,#1624,#1625,#1626,#1627,#1628,#1629,#1630,#1631,#1632,#1633,#1634,#1635,#1636,#1637,#1638,#1639,#1640,#1641,#1642,#1643,#1644,#1645,#1646,#1647,#1648,#1649,#1650,#1651,#1652,#1653,#1654,#1655,#1656,#1657,#1658,#1659,#1660,#1661,#1662,#1663,#1664,#1665,#1666,#1667,#1668,#1669,#1670,#1671,#1672,#1673,#1674,#1675,#1676,#1677,#1678,#1679,#1680,#1681,#1682,#1683,#1684,#1685,#1686,#1687,#1688,#1689,#1690,#1691,#1692,#1693,#1694,#1695,#1696,#1697,#1698,#1699,#1700,#1701,#1702,#1703,#1704,#1705,#1706,#1707,#1708,#1709,#1710,#1711,#1712,#1713,#1714,#1715,#1716,#1717,#1718,#1719,#1720,#1721,#1722,#1723,#1724,#1725,#1726,#1727,#1728,#1729,#1730,#1731,#1732,#1733,#1734,#1735,#1736,#1737,#1738,#1739,#1740,#1741,#1742,#1743,#1744,#1745,#1746,#1747,#1748,#1749,#1750,#1751,#1752,#1753,#1754,#1755,#1756,#1757,#1758,#1759,#1760,#1761,#1762,#1763,#1764,#1765,#1766,#1767,#1768,#1769,#1770,#1771,#1772,#1773,#1774,#1775,#1776,#1777,#1778,#1779,#1780,#1781,#1782,#1783,#1784,#1785,#1786,#1787,#1788,#1789,#1790,#1791,#1792,#1793,#1794,#1795,#1796,#1797,#1798,#1799,#1800,#1801,#1802,#1803,#1804,#1805,#1806,#1807,#1808,#1809,#1810,#1811,#1812,#1813,#1814,#1815,#1816,#1817,#1818,#1819,#1820,#1821,#1822,#1823,#1824,#1825,#1826,#1827,#1828,#1829,#1830,#1831,#1832,#1833,#1834,#1835,#1836,#1837,#1838,#1839,#1840,#1841,#1842,#1843,#1844,#1845,#1846,#1847,#1848,#1849,#1850,#1851,#1852,#1853,#1854,#1855,#1856,#1857,#1858,#1859,#1860,#1861,#1862,#1863,#1864,#1865,#1866,#1867,#1868,#1869,#1870,#1871,#1872,#1873,#1874,#1875,#1876,#1877,#1878,#1879,#1880,#1881,#1882,#1883,#1884,#1885,#1886,#1887,#1888,#1889,#1890,#1891,#1892,#1893,#1894,#1895,#1896,#1897,#1898,#1899,#1900,#1901,#1902,#1903,#1904,#1905,#1906,#1907,#1908,#1909,#1910,#1911,#1912,#1913,#1914,#1915,#1916,#1917,#1918,#1919,#1920,#1921,#1922,#1923,#1924,#1925,#1926,#1927,#1928,#1929,#1930,#1931,#1932,#1933,#1934,#1935,#1936,#1937,#1938,#1939,#1940,#1941,#1942,#1943,#1944,#1945,#1946,#1947,#1948,#1949,#1950,#1951,#1952,#1953,#1954,#1955,#1956,#1957,#1958,#1959,#1960,#1961,#1962,#1963,#1964,#1965,#1966,#1967,#1968,#1969,#1970,#1971,#1972,#1973,#1974,#1975,#1976,#1977,#1978,#1979,#1980,#1981,#1982,#1983,#1984,#1985,#1986,#1987,#1988,#1989,#1990,#1991,#1992,#1993,#1994,#1995,#1996,#1997,#1998,#1999,#2000,#2001,#2002,#2003,#2004,#2005,#2006,#2007,#2008,#2009,#2010,#2011,#2012,#2013,#2014,#2015,#2016,#2017,#2018,#2019,#2020,#2021,#2022,#2023,#2024,#2025,#2026,#2027,#2028,#2029,#2030,#2031,#2032,#2033,#2034,#2035,#2036,#2037,#2038,#2039,#2040,#2041,#2042,#2043,#2044,#2045,#2046,#2047,#2048,#2049,#2050,#2051,#2052,#2053,#2054,#2055,#2056,#2057,#2058,#2059,#2060,#2061,#2062,#2063,#2064,#2065,#2066,#2067,#2068,#2069,#2070,#2071,#2072,#2073,#2074,#2075,#2076,#2077,#2078,#2079,#2080,#2081,#2082,#2083,#2084,#2085,#2086,#2087,#2088,#2089,#2090,#2091,#2092,#2093,#2094,#2095,#2096,#2097,#2098,#2099,#2100,#2101,#2102,#2103,#2104,#2105,#2106,#2107,#2108,#2109,#2110,#2111,#2112,#2113,#2114,#2115,#2116,#2117,#2118,#2119,#2120,#2121,#2122,#2123,#2124,#2125,#2126,#2127,#2128,#2129,#2130,#2131,#2132,#2133,#2134,#2135,#2136,#2137,#2138,#2139,#2140,#2141,#2142,#2143,#2144,#2145,#2146,#2147,#2148,#2149,#2150,#2151,#2152,#2153,#2154,#2155,#2156,#2157,#2158,#2159,#2160,#2161,#2162,#2163,#2164,#2165,#2166,#2167,#2168,#2169,#2170,#2171,#2172,#2173,#2174,#2175,#2176,#2177,#2178,#2179,#2180,#2181,#2182,#2183,#2184,#2185,#2186,#2187,#2188,#2189,#2190,#2191,#2192,#2193,#2194,#2195,#2196,#2197,#2198,#2199,#2200,#2201,#2202,#2203,#2204,#2205,#2206,#2207,#2208,#2209,#2210,#2211,#2212,#2213,#2214,#2215,#2216,#2217,#2218,#2219,#2220,#2221,#2222,#2223,#2224,#2225,#2226,#2227,#2228,#2229,#2230,#2231,#2232,#2233,#2234,#2235,#2236,#2237,#2238,#2239,#2240,#2241,#2242,#2243,#2244,#2245,#2246,#2247,#2248,#2249,#2250,#2251,#2252,#2253,#2254,#2255,#2256,#2257,#2258,#2259,#2260,#2261,#2262,#2263,#2264,#2265,#2266,#2267,#2268,#2269,#2270,#2271,#2272,#2273,#2274,#2275,#2276,#2277,#2278,#2279,#2280,#2281,#2282,#2283,#2284,#2285,#2286,#2287,#2288,#2289,#2290,#2291,#2292,#2293,#2294,#2295,#2296,#2297,#2298,#2299,#2300,#2301,#2302,#2303,#2304,#2305,#2306,#2307,#2308,#2309,#2310,#2311,#2312,#2313,#2314,#2315,#2316,#2317,#2318,#2319,#2320,#2321,#2322,#2323,#2324,#2325,#2326,#2327,#2328,#2329,#2330,#2331,#2332,#2333,#2334,#2335,#2336,#2337,#2338,#2339,#2340,#2341,#2342,#2343,#2344,#2345,#2346,#2347,#2348,#2349,#2350,#2351,#2352,#2353,#2354,#2355,#2356,#2357,#2358,#2359,#2360,#2361,#2362,#2363,#2364,#2365,#2366,#2367,#2368,#2369,#2370,#2371,#2372,#2373,#2374,#2375,#2376,#2377,#2378,#2379,#2380,#2381,#2382,#2383,#2384,#2385,#2386,#2387,#2388,#2389,#2390,#2391,#2392,#2393,#2394,#2395,#2396,#2397,#2398,#2399,#2400,#2401,#2402,#2403,#2404,#2405,#2406,#2407,#2408,#2409,#2410,#2411,#2412,#2413,#2414,#2415,#2416,#2417,#2418,#2419,#2420,#2421,#2422,#2423,#2424,#2425,#2426,#2427,#2428,#2429,#2430,#2431,#2432,#2433,#2434,#2435,#2436,#2437,#2438,#2439,#2440,#2441,#2442,#2443,#2444,#2445,#2446,#2447,#2448,#2449,#2450,#2451,#2452,#2453,#2454,#2455,#2456,#2457,#2458,#2459,#2460,#2461,#2462,#2463,#2464,#2465,#2466,#2467,#2468,#2469,#2470,#2471,#2472,#2473,#2474,#2475,#2476,#2477,#2478,#2479,#2480,#2481,#2482,#2483,#2484,#2485,#2486,#2487,#2488,#2489,#2490,#2491,#2492,#2493,#2494,#2495,#2496,#2497,#2498,#2499,#2500,#2501,#2502,#2503,#2504,#2505,#2506,#2507,#2508,#2509,#2510,#2511,#2512,#2513,#2514,#2515,#2516,#2517,#2518,#2519,#2520,#2521,#2522,#2523,#2524,#2525,#2526,#2527,#2528,#2529,#2530,#2531,#2532,#2533,#2534,#2535,#2536,#2537,#2538,#2539,#2540,#2541,#2542,#2543,#2544,#2545,#2546,#2547,#2548,#2549,#2550,#2551,#2552,#2553,#2554,#2555,#2556,#2557,#2558,#2559,#2560,#2561,#2562,#2563,#2564,#2565,#2566,#2567,#2568,#2569,#2570,#2571,#2572,#2573,#2574,#2575,#2576,#2577,#2578,#2579,#2580,#2581,#2582,#2583,#2584,#2585,#2586,#2587,#2588,#2589,#2590,#2591,#2592,#2593,#2594,#2595,#2596,#2597,#2598,#2599,#2600,#2601,#2602,#2603,#2604,#2605,#2606,#2607,#2608,#2609,#2610,#2611,#2612,#2613,#2614,#2615,#2616,#2617,#2618,#2619,#2620,#2621,#2622,#2623,#2624),$);
#2627=IFCINDEXEDCOLOURMAP(#2626,1.,#1519,(1,1,1,1,1,1,1,1,1,1,1,1,1,1,1,1,1,1,1,1,1,1,1,1,1,1,1,1,1,1,1,1,1,1,1,1,1,1,1,1,1,1,1,1,1,1,1,1,1,1,1,1,1,1,1,1,1,1,1,1,1,1,1,1,1,1,1,1,1,1,1,1,1,1,1,1,1,1,1,1,1,1,1,1,1,1,1,1,1,1,1,1,1,1,1,1,1,1,1,1,1,1,1,1,1,1,1,1,1,1,1,1,1,1,1,1,1,1,1,1,1,1,1,1,1,1,1,1,1,1,1,1,1,1,1,1,1,1,1,1,1,1,1,1,1,1,1,1,1,1,1,1,1,1,1,1,1,1,1,1,1,1,1,1,1,1,1,1,1,1,1,1,1,1,1,1,1,1,1,1,1,1,1,1,1,1,1,1,1,1,1,1,1,1,1,1,1,1,1,1,1,1,1,1,1,1,1,1,1,1,1,1,1,1,1,1,1,1,1,1,1,1,1,1,1,1,1,1,1,1,1,1,1,1,1,1,1,1,1,1,1,1,1,1,1,1,1,1,1,1,1,1,1,1,1,1,1,1,1,1,1,1,1,1,1,1,1,1,1,1,1,1,1,1,1,1,1,1,1,1,1,1,1,1,1,1,1,1,1,1,1,1,1,1,1,1,1,1,1,1,1,1,1,1,1,1,1,1,1,1,1,1,1,1,1,1,1,1,1,1,1,1,1,1,1,1,1,1,1,1,1,1,1,1,1,1,1,1,1,1,1,1,1,1,1,1,1,1,1,1,1,1,1,1,1,1,1,1,1,1,1,1,1,1,1,1,1,1,1,1,1,1,1,1,1,1,1,1,1,1,1,1,1,1,1,1,1,1,1,1,1,1,1,1,1,1,1,1,1,1,1,1,1,1,1,1,1,1,1,1,1,1,1,1,1,1,1,1,1,1,1,1,1,1,1,1,1,1,1,1,1,1,1,1,1,1,1,1,1,1,1,1,1,1,1,1,1,1,1,1,1,1,1,1,1,1,1,1,1,1,1,1,1,1,1,1,1,1,1,1,1,1,1,1,1,1,1,1,1,1,1,1,1,1,1,1,1,1,1,1,1,1,1,1,1,1,1,1,1,1,1,1,1,1,1,1,1,1,1,1,1,1,1,1,1,1,1,1,1,1,1,1,1,1,1,1,1,1,1,1,1,1,1,1,1,1,1,1,1,1,1,1,1,1,1,1,1,1,1,1,1,1,1,1,1,1,1,1,1,1,1,1,1,1,1,1,1,1,1,1,1,1,1,1,1,1,1,1,1,1,1,1,1,1,1,1,1,1,1,1,1,1,1,1,1,1,1,1,1,1,1,1,1,1,1,1,1,1,1,1,1,1,1,1,1,1,1,1,1,1,1,1,1,1,1,1,1,1,1,1,1,1,1,1,1,1,1,1,1,1,1,1,1,1,1,1,1,1,1,1,1,1,1,1,1,1,1,1,1,1,1,1,1,1,1,1,1,1,1,1,1,1,1,1,1,1,1,1,1,1,1,1,1,1,1,1,1,1,1,1,1,1,1,1,1,1,1,1,1,1,1,1,1,1,1,1,1,1,1,1,1,1,1,1,1,1,1,1,1,1,1,1,1,1,1,1,1,1,1,1,1,1,1,1,1,1,1,1,1,1,1,1,1,1,1,1,1,1,1,1,1,1,1,1,1,1,1,1,1,1,1,1,1,1,1,1,1,1,1,1,1,1,1,1,1,1,1,1,1,1,1,1,1,1,1,1,1,1,1,1,1,1,1,1,1,1,1,1,1,1,1,1,1,1,1,1,1,1,1,1,1,1,1,1,1,1,1,1,1,1,1,1,1,1,1,1,1,1,1,1,1,1,1,1,1,1,1,1,1,1,1,1,1,1,1,1,1,1,1,1,1,1,1,1,1,1,1,1,1,1,1,1,1,1,1,1,1,1,1,1,1,1,1,1,1,1,1,1,1,1,1,1,1,1,1,1,1,1,1,1,1,1,1,1,1,1,1,1,1,1,1,1,1,1,1,1,1,1,1,1,1,1,1,1,1,1,1,1,1,1,1,1,1,1,1,1,1,1,1,1,1,1,1,1,1,1,1,1,1,1,1,1,1,1,1,1,1,1,1,1,1,1,1,1,1,1,1,1,1,1,1,1,1,1,1,1,1,1,1,1,1,1,1,1,1,1,1,1,1,1,1,1,1,1,1,1,1,1,1,1,1,1,1,1,1,1,1,1,1,1,1,1,1,1,1,1,1,1,1,1,1,1,1,1,1,1,1,1,1,1,1,1,1,1,1,1,1,1,1,1,1,1,1,1,1,1,1,1,1,1,1,1,1,1,1,1,1,1,1,1,1,1,1,1,1,1,1,1,1,1,1,1,1,1,1,1,1,1,1,1,1,1,1,1,1,1,1,1,1,1,1,1,1,1,1,1,1,1,1,1,1,1,1,1,1,1,1,1,1,1,1,1,1,1,1));
#2628=IFCSTYLEDITEM(#2626,(#1469),$);
#2629=IFCCOLOURRGBLIST(((0.40784313725490196,0.40784313725490196,0.40784313725490196)));
#2630=IFCINDEXEDPOLYGONALFACE((1,2,3,4));
#2631=IFCINDEXEDPOLYGONALFACE((264,70,104,103,186,88,152,151,221,87,232,110,194,109,179,140,156,77,136,135,202,96,139,138,209,95,248,118,251,117,219,125,190,76,124,123,217,92,133,132,214,91,145,144,241,112,239,115,203,78,168,128,155,84,175,147,157,83,226,100,222,99,107,106,146,75,265));
#2632=IFCINDEXEDPOLYGONALFACE((269,268,430,431,465,450,442,459,457,439,463,449,454,437,473,440,478,438,484,487,441,451));
#2633=IFCINDEXEDPOLYGONALFACE((5,6,7,8,44,29,21,38,36,18,42,28,33,16,52,19,57,17,63,66,20,30));
#2634=IFCINDEXEDPOLYGONALFACE((267,266,428,429));
#2635=IFCINDEXEDPOLYGONALFACE((427,320,522,521,604,506,570,569,639,505,650,528,612,527,597,558,574,495,554,553,620,514,557,556,627,513,666,536,669,535,637,543,608,494,542,541,635,510,551,550,632,509,563,562,659,530,657,533,621,496,586,546,573,502,593,565,575,501,644,518,640,517,525,524,564,493,682));
#2636=IFCINDEXEDPOLYGONALFACE((31,23,34));
#2637=IFCINDEXEDPOLYGONALFACE((10,5,69));
#2638=IFCINDEXEDPOLYGONALFACE((29,34,35));
#2639=IFCINDEXEDPOLYGONALFACE((21,29,35,38));
#2640=IFCINDEXEDPOLYGONALFACE((34,23,35));
#2641=IFCINDEXEDPOLYGONALFACE((51,16,50));
#2642=IFCINDEXEDPOLYGONALFACE((65,62,14));
#2643=IFCINDEXEDPOLYGONALFACE((51,53,54));
#2644=IFCINDEXEDPOLYGONALFACE((45,46,47));
#2645=IFCINDEXEDPOLYGONALFACE((55,58,56));
#2646=IFCINDEXEDPOLYGONALFACE((60,61,62));
#2647=IFCINDEXEDPOLYGONALFACE((69,5,30));
#2648=IFCINDEXEDPOLYGONALFACE((63,62,65));
#2649=IFCINDEXEDPOLYGONALFACE((31,34,59));
#2650=IFCINDEXEDPOLYGONALFACE((60,58,24));
#2651=IFCINDEXEDPOLYGONALFACE((41,43,40));
#2652=IFCINDEXEDPOLYGONALFACE((43,41,26));
#2653=IFCINDEXEDPOLYGONALFACE((50,48,49));
#2654=IFCINDEXEDPOLYGONALFACE((50,33,48));
#2655=IFCINDEXEDPOLYGONALFACE((12,31,59));
#2656=IFCINDEXEDPOLYGONALFACE((44,11,59));
#2657=IFCINDEXEDPOLYGONALFACE((67,68,20));
#2658=IFCINDEXEDPOLYGONALFACE((30,68,69));
#2659=IFCINDEXEDPOLYGONALFACE((32,9,10));
#2660=IFCINDEXEDPOLYGONALFACE((319,318,538));
#2661=IFCINDEXEDPOLYGONALFACE((539,491,492));
#2662=IFCINDEXEDPOLYGONALFACE((579,497,609));
#2663=IFCINDEXEDPOLYGONALFACE((48,28,47));
#2664=IFCINDEXEDPOLYGONALFACE((44,59,29));
#2665=IFCINDEXEDPOLYGONALFACE((40,36,39));
#2666=IFCINDEXEDPOLYGONALFACE((38,39,36));
#2667=IFCINDEXEDPOLYGONALFACE((35,23,37));
#2668=IFCINDEXEDPOLYGONALFACE((39,38,35));
#2669=IFCINDEXEDPOLYGONALFACE((39,35,37));
#2670=IFCINDEXEDPOLYGONALFACE((37,15,39));
#2671=IFCINDEXEDPOLYGONALFACE((40,39,15));
#2672=IFCINDEXEDPOLYGONALFACE((45,42,43));
#2673=IFCINDEXEDPOLYGONALFACE((18,36,40));
#2674=IFCINDEXEDPOLYGONALFACE((40,15,41));
#2675=IFCINDEXEDPOLYGONALFACE((45,43,26));
#2676=IFCINDEXEDPOLYGONALFACE((40,43,18));
#2677=IFCINDEXEDPOLYGONALFACE((42,18,43));
#2678=IFCINDEXEDPOLYGONALFACE((11,44,8));
#2679=IFCINDEXEDPOLYGONALFACE((579,542,494));
#2680=IFCINDEXEDPOLYGONALFACE((319,522,320));
#2681=IFCINDEXEDPOLYGONALFACE((492,493,564));
#2682=IFCINDEXEDPOLYGONALFACE((46,25,47));
#2683=IFCINDEXEDPOLYGONALFACE((28,42,45));
#2684=IFCINDEXEDPOLYGONALFACE((45,26,46));
#2685=IFCINDEXEDPOLYGONALFACE((48,47,25));
#2686=IFCINDEXEDPOLYGONALFACE((45,47,28));
#2687=IFCINDEXEDPOLYGONALFACE((27,50,49));
#2688=IFCINDEXEDPOLYGONALFACE((28,48,33));
#2689=IFCINDEXEDPOLYGONALFACE((48,25,49));
#2690=IFCINDEXEDPOLYGONALFACE((51,50,27));
#2691=IFCINDEXEDPOLYGONALFACE((16,33,50));
#2692=IFCINDEXEDPOLYGONALFACE((54,53,13));
#2693=IFCINDEXEDPOLYGONALFACE((54,56,52));
#2694=IFCINDEXEDPOLYGONALFACE((51,27,53));
#2695=IFCINDEXEDPOLYGONALFACE((51,54,16));
#2696=IFCINDEXEDPOLYGONALFACE((54,13,56));
#2697=IFCINDEXEDPOLYGONALFACE((54,52,16));
#2698=IFCINDEXEDPOLYGONALFACE((60,57,58));
#2699=IFCINDEXEDPOLYGONALFACE((55,56,13));
#2700=IFCINDEXEDPOLYGONALFACE((52,56,19));
#2701=IFCINDEXEDPOLYGONALFACE((57,19,58));
#2702=IFCINDEXEDPOLYGONALFACE((55,24,58));
#2703=IFCINDEXEDPOLYGONALFACE((56,58,19));
#2704=IFCINDEXEDPOLYGONALFACE((59,34,29));
#2705=IFCINDEXEDPOLYGONALFACE((12,59,11));
#2706=IFCINDEXEDPOLYGONALFACE((61,14,62));
#2707=IFCINDEXEDPOLYGONALFACE((17,57,60));
#2708=IFCINDEXEDPOLYGONALFACE((60,24,61));
#2709=IFCINDEXEDPOLYGONALFACE((14,64,65));
#2710=IFCINDEXEDPOLYGONALFACE((60,62,17));
#2711=IFCINDEXEDPOLYGONALFACE((67,20,66));
#2712=IFCINDEXEDPOLYGONALFACE((63,17,62));
#2713=IFCINDEXEDPOLYGONALFACE((22,68,67));
#2714=IFCINDEXEDPOLYGONALFACE((65,66,63));
#2715=IFCINDEXEDPOLYGONALFACE((67,65,64));
#2716=IFCINDEXEDPOLYGONALFACE((65,67,66));
#2717=IFCINDEXEDPOLYGONALFACE((22,67,64));
#2718=IFCINDEXEDPOLYGONALFACE((69,22,32));
#2719=IFCINDEXEDPOLYGONALFACE((30,20,68));
#2720=IFCINDEXEDPOLYGONALFACE((22,69,68));
#2721=IFCINDEXEDPOLYGONALFACE((10,69,32));
#2722=IFCINDEXEDPOLYGONALFACE((161,124,76));
#2723=IFCINDEXEDPOLYGONALFACE((71,104,70));
#2724=IFCINDEXEDPOLYGONALFACE((74,75,146));
#2725=IFCINDEXEDPOLYGONALFACE((432,465,431));
#2726=IFCINDEXEDPOLYGONALFACE((93,163,171));
#2727=IFCINDEXEDPOLYGONALFACE((167,155,128));
#2728=IFCINDEXEDPOLYGONALFACE((246,112,241));
#2729=IFCINDEXEDPOLYGONALFACE((236,194,110));
#2730=IFCINDEXEDPOLYGONALFACE((172,151,153));
#2731=IFCINDEXEDPOLYGONALFACE((136,77,199));
#2732=IFCINDEXEDPOLYGONALFACE((223,225,101));
#2733=IFCINDEXEDPOLYGONALFACE((71,72,120));
#2734=IFCINDEXEDPOLYGONALFACE((121,73,74));
#2735=IFCINDEXEDPOLYGONALFACE((161,79,191));
#2736=IFCINDEXEDPOLYGONALFACE((453,271,270));
#2737=IFCINDEXEDPOLYGONALFACE((79,161,192));
#2738=IFCINDEXEDPOLYGONALFACE((147,181,157));
#2739=IFCINDEXEDPOLYGONALFACE((85,174,207));
#2740=IFCINDEXEDPOLYGONALFACE((168,78,169));
#2741=IFCINDEXEDPOLYGONALFACE((208,180,178));
#2742=IFCINDEXEDPOLYGONALFACE((187,210,88));
#2743=IFCINDEXEDPOLYGONALFACE((102,211,185));
#2744=IFCINDEXEDPOLYGONALFACE((90,160,182));
#2745=IFCINDEXEDPOLYGONALFACE((189,81,169));
#2746=IFCINDEXEDPOLYGONALFACE((92,171,163));
#2747=IFCINDEXEDPOLYGONALFACE((250,249,119));
#2748=IFCINDEXEDPOLYGONALFACE((184,138,159));
#2749=IFCINDEXEDPOLYGONALFACE((256,97,197));
#2750=IFCINDEXEDPOLYGONALFACE((188,135,158));
#2751=IFCINDEXEDPOLYGONALFACE((227,228,82));
#2752=IFCINDEXEDPOLYGONALFACE((146,166,74));
#2753=IFCINDEXEDPOLYGONALFACE((223,98,224));
#2754=IFCINDEXEDPOLYGONALFACE((226,230,100));
#2755=IFCINDEXEDPOLYGONALFACE((186,103,211));
#2756=IFCINDEXEDPOLYGONALFACE((146,106,166));
#2757=IFCINDEXEDPOLYGONALFACE((102,185,120));
#2758=IFCINDEXEDPOLYGONALFACE((105,164,154));
#2759=IFCINDEXEDPOLYGONALFACE((164,231,154));
#2760=IFCINDEXEDPOLYGONALFACE((107,164,106));
#2761=IFCINDEXEDPOLYGONALFACE((235,236,110));
#2762=IFCINDEXEDPOLYGONALFACE((225,230,101));
#2763=IFCINDEXEDPOLYGONALFACE((183,108,180));
#2764=IFCINDEXEDPOLYGONALFACE((234,232,87));
#2765=IFCINDEXEDPOLYGONALFACE((239,112,240));
#2766=IFCINDEXEDPOLYGONALFACE((160,91,182));
#2767=IFCINDEXEDPOLYGONALFACE((115,239,243));
#2768=IFCINDEXEDPOLYGONALFACE((204,189,247));
#2769=IFCINDEXEDPOLYGONALFACE((162,126,127));
#2770=IFCINDEXEDPOLYGONALFACE((250,119,253));
#2771=IFCINDEXEDPOLYGONALFACE((251,118,253));
#2772=IFCINDEXEDPOLYGONALFACE((249,250,263));
#2773=IFCINDEXEDPOLYGONALFACE((104,71,185));
#2774=IFCINDEXEDPOLYGONALFACE((120,185,71));
#2775=IFCINDEXEDPOLYGONALFACE((157,181,229));
#2776=IFCINDEXEDPOLYGONALFACE((260,218,171));
#2777=IFCINDEXEDPOLYGONALFACE((161,261,124));
#2778=IFCINDEXEDPOLYGONALFACE((165,126,162));
#2779=IFCINDEXEDPOLYGONALFACE((117,252,255));
#2780=IFCINDEXEDPOLYGONALFACE((162,125,165));
#2781=IFCINDEXEDPOLYGONALFACE((173,84,155));
#2782=IFCINDEXEDPOLYGONALFACE((168,206,128));
#2783=IFCINDEXEDPOLYGONALFACE((129,130,167));
#2784=IFCINDEXEDPOLYGONALFACE((163,133,92));
#2785=IFCINDEXEDPOLYGONALFACE((252,117,251));
#2786=IFCINDEXEDPOLYGONALFACE((259,215,182));
#2787=IFCINDEXEDPOLYGONALFACE((133,163,258));
#2788=IFCINDEXEDPOLYGONALFACE((97,257,201));
#2789=IFCINDEXEDPOLYGONALFACE((135,136,158));
#2790=IFCINDEXEDPOLYGONALFACE((158,134,188));
#2791=IFCINDEXEDPOLYGONALFACE((159,138,139));
#2792=IFCINDEXEDPOLYGONALFACE((242,241,144));
#2793=IFCINDEXEDPOLYGONALFACE((95,209,262));
#2794=IFCINDEXEDPOLYGONALFACE((159,137,184));
#2795=IFCINDEXEDPOLYGONALFACE((208,179,180));
#2796=IFCINDEXEDPOLYGONALFACE((177,170,156));
#2797=IFCINDEXEDPOLYGONALFACE((142,170,177));
#2798=IFCINDEXEDPOLYGONALFACE((160,145,91));
#2799=IFCINDEXEDPOLYGONALFACE((145,160,244));
#2800=IFCINDEXEDPOLYGONALFACE((166,164,105));
#2801=IFCINDEXEDPOLYGONALFACE((147,175,176));
#2802=IFCINDEXEDPOLYGONALFACE((84,173,207));
#2803=IFCINDEXEDPOLYGONALFACE((153,151,152));
#2804=IFCINDEXEDPOLYGONALFACE((237,213,86));
#2805=IFCINDEXEDPOLYGONALFACE((153,150,172));
#2806=IFCINDEXEDPOLYGONALFACE((210,152,88));
#2807=IFCINDEXEDPOLYGONALFACE((210,195,153));
#2808=IFCINDEXEDPOLYGONALFACE((224,231,99));
#2809=IFCINDEXEDPOLYGONALFACE((130,173,167));
#2810=IFCINDEXEDPOLYGONALFACE((170,142,80));
#2811=IFCINDEXEDPOLYGONALFACE((140,177,156));
#2812=IFCINDEXEDPOLYGONALFACE((199,77,170));
#2813=IFCINDEXEDPOLYGONALFACE((199,196,158));
#2814=IFCINDEXEDPOLYGONALFACE((256,139,96));
#2815=IFCINDEXEDPOLYGONALFACE((256,197,159));
#2816=IFCINDEXEDPOLYGONALFACE((160,90,198));
#2817=IFCINDEXEDPOLYGONALFACE((143,242,244));
#2818=IFCINDEXEDPOLYGONALFACE((261,122,260));
#2819=IFCINDEXEDPOLYGONALFACE((261,161,191));
#2820=IFCINDEXEDPOLYGONALFACE((127,79,192));
#2821=IFCINDEXEDPOLYGONALFACE((192,190,162));
#2822=IFCINDEXEDPOLYGONALFACE((163,93,193));
#2823=IFCINDEXEDPOLYGONALFACE((254,116,252));
#2824=IFCINDEXEDPOLYGONALFACE((163,193,258));
#2825=IFCINDEXEDPOLYGONALFACE((105,121,166));
#2826=IFCINDEXEDPOLYGONALFACE((231,107,99));
#2827=IFCINDEXEDPOLYGONALFACE((165,125,219));
#2828=IFCINDEXEDPOLYGONALFACE((255,220,165));
#2829=IFCINDEXEDPOLYGONALFACE((164,166,106));
#2830=IFCINDEXEDPOLYGONALFACE((74,166,121));
#2831=IFCINDEXEDPOLYGONALFACE((130,85,173));
#2832=IFCINDEXEDPOLYGONALFACE((169,78,189));
#2833=IFCINDEXEDPOLYGONALFACE((169,206,168));
#2834=IFCINDEXEDPOLYGONALFACE((169,81,205));
#2835=IFCINDEXEDPOLYGONALFACE((167,206,129));
#2836=IFCINDEXEDPOLYGONALFACE((199,170,80));
#2837=IFCINDEXEDPOLYGONALFACE((156,170,77));
#2838=IFCINDEXEDPOLYGONALFACE((171,92,217));
#2839=IFCINDEXEDPOLYGONALFACE((171,217,260));
#2840=IFCINDEXEDPOLYGONALFACE((86,234,237));
#2841=IFCINDEXEDPOLYGONALFACE((237,221,172));
#2842=IFCINDEXEDPOLYGONALFACE((167,173,155));
#2843=IFCINDEXEDPOLYGONALFACE((176,148,181));
#2844=IFCINDEXEDPOLYGONALFACE((174,176,207));
#2845=IFCINDEXEDPOLYGONALFACE((148,176,174));
#2846=IFCINDEXEDPOLYGONALFACE((148,149,181));
#2847=IFCINDEXEDPOLYGONALFACE((175,84,207));
#2848=IFCINDEXEDPOLYGONALFACE((180,108,178));
#2849=IFCINDEXEDPOLYGONALFACE((177,141,142));
#2850=IFCINDEXEDPOLYGONALFACE((140,179,208));
#2851=IFCINDEXEDPOLYGONALFACE((177,208,141));
#2852=IFCINDEXEDPOLYGONALFACE((180,109,183));
#2853=IFCINDEXEDPOLYGONALFACE((109,180,179));
#2854=IFCINDEXEDPOLYGONALFACE((176,181,147));
#2855=IFCINDEXEDPOLYGONALFACE((229,149,82));
#2856=IFCINDEXEDPOLYGONALFACE((182,91,214));
#2857=IFCINDEXEDPOLYGONALFACE((132,258,259));
#2858=IFCINDEXEDPOLYGONALFACE((234,235,232));
#2859=IFCINDEXEDPOLYGONALFACE((236,200,183));
#2860=IFCINDEXEDPOLYGONALFACE((184,137,216));
#2861=IFCINDEXEDPOLYGONALFACE((262,209,184));
#2862=IFCINDEXEDPOLYGONALFACE((187,89,210));
#2863=IFCINDEXEDPOLYGONALFACE((104,185,103));
#2864=IFCINDEXEDPOLYGONALFACE((187,88,186));
#2865=IFCINDEXEDPOLYGONALFACE((185,211,103));
#2866=IFCINDEXEDPOLYGONALFACE((211,212,187));
#2867=IFCINDEXEDPOLYGONALFACE((97,256,257));
#2868=IFCINDEXEDPOLYGONALFACE((257,202,188));
#2869=IFCINDEXEDPOLYGONALFACE((189,78,203));
#2870=IFCINDEXEDPOLYGONALFACE((206,167,128));
#2871=IFCINDEXEDPOLYGONALFACE((192,76,190));
#2872=IFCINDEXEDPOLYGONALFACE((190,125,162));
#2873=IFCINDEXEDPOLYGONALFACE((76,192,161));
#2874=IFCINDEXEDPOLYGONALFACE((127,192,162));
#2875=IFCINDEXEDPOLYGONALFACE((183,109,194));
#2876=IFCINDEXEDPOLYGONALFACE((258,193,131));
#2877=IFCINDEXEDPOLYGONALFACE((196,199,80));
#2878=IFCINDEXEDPOLYGONALFACE((195,150,153));
#2879=IFCINDEXEDPOLYGONALFACE((196,134,158));
#2880=IFCINDEXEDPOLYGONALFACE((197,137,159));
#2881=IFCINDEXEDPOLYGONALFACE((242,143,245));
#2882=IFCINDEXEDPOLYGONALFACE((244,198,143));
#2883=IFCINDEXEDPOLYGONALFACE((136,199,158));
#2884=IFCINDEXEDPOLYGONALFACE((188,134,201));
#2885=IFCINDEXEDPOLYGONALFACE((200,108,183));
#2886=IFCINDEXEDPOLYGONALFACE((247,115,243));
#2887=IFCINDEXEDPOLYGONALFACE((202,135,188));
#2888=IFCINDEXEDPOLYGONALFACE((247,203,115));
#2889=IFCINDEXEDPOLYGONALFACE((204,81,189));
#2890=IFCINDEXEDPOLYGONALFACE((206,205,129));
#2891=IFCINDEXEDPOLYGONALFACE((205,206,169));
#2892=IFCINDEXEDPOLYGONALFACE((207,173,85));
#2893=IFCINDEXEDPOLYGONALFACE((175,207,176));
#2894=IFCINDEXEDPOLYGONALFACE((141,208,178));
#2895=IFCINDEXEDPOLYGONALFACE((140,208,177));
#2896=IFCINDEXEDPOLYGONALFACE((195,210,89));
#2897=IFCINDEXEDPOLYGONALFACE((209,138,184));
#2898=IFCINDEXEDPOLYGONALFACE((210,153,152));
#2899=IFCINDEXEDPOLYGONALFACE((212,89,187));
#2900=IFCINDEXEDPOLYGONALFACE((186,211,187));
#2901=IFCINDEXEDPOLYGONALFACE((211,102,212));
#2902=IFCINDEXEDPOLYGONALFACE((172,150,213));
#2903=IFCINDEXEDPOLYGONALFACE((99,222,224));
#2904=IFCINDEXEDPOLYGONALFACE((259,214,132));
#2905=IFCINDEXEDPOLYGONALFACE((215,90,182));
#2906=IFCINDEXEDPOLYGONALFACE((262,216,94));
#2907=IFCINDEXEDPOLYGONALFACE((260,217,123));
#2908=IFCINDEXEDPOLYGONALFACE((218,93,171));
#2909=IFCINDEXEDPOLYGONALFACE((255,219,117));
#2910=IFCINDEXEDPOLYGONALFACE((220,126,165));
#2911=IFCINDEXEDPOLYGONALFACE((221,151,172));
#2912=IFCINDEXEDPOLYGONALFACE((222,225,224));
#2913=IFCINDEXEDPOLYGONALFACE((222,100,225));
#2914=IFCINDEXEDPOLYGONALFACE((98,154,231));
#2915=IFCINDEXEDPOLYGONALFACE((224,225,223));
#2916=IFCINDEXEDPOLYGONALFACE((82,228,229));
#2917=IFCINDEXEDPOLYGONALFACE((226,228,230));
#2918=IFCINDEXEDPOLYGONALFACE((83,228,226));
#2919=IFCINDEXEDPOLYGONALFACE((157,229,83));
#2920=IFCINDEXEDPOLYGONALFACE((227,101,230));
#2921=IFCINDEXEDPOLYGONALFACE((229,181,149));
#2922=IFCINDEXEDPOLYGONALFACE((83,229,228));
#2923=IFCINDEXEDPOLYGONALFACE((230,225,100));
#2924=IFCINDEXEDPOLYGONALFACE((227,230,228));
#2925=IFCINDEXEDPOLYGONALFACE((231,164,107));
#2926=IFCINDEXEDPOLYGONALFACE((98,231,224));
#2927=IFCINDEXEDPOLYGONALFACE((235,234,233));
#2928=IFCINDEXEDPOLYGONALFACE((237,234,87));
#2929=IFCINDEXEDPOLYGONALFACE((111,235,233));
#2930=IFCINDEXEDPOLYGONALFACE((233,234,86));
#2931=IFCINDEXEDPOLYGONALFACE((236,235,111));
#2932=IFCINDEXEDPOLYGONALFACE((235,110,232));
#2933=IFCINDEXEDPOLYGONALFACE((200,236,111));
#2934=IFCINDEXEDPOLYGONALFACE((194,236,183));
#2935=IFCINDEXEDPOLYGONALFACE((221,237,87));
#2936=IFCINDEXEDPOLYGONALFACE((213,237,172));
#2937=IFCINDEXEDPOLYGONALFACE((240,113,238));
#2938=IFCINDEXEDPOLYGONALFACE((238,243,240));
#2939=IFCINDEXEDPOLYGONALFACE((238,114,243));
#2940=IFCINDEXEDPOLYGONALFACE((242,144,244));
#2941=IFCINDEXEDPOLYGONALFACE((242,246,241));
#2942=IFCINDEXEDPOLYGONALFACE((240,246,113));
#2943=IFCINDEXEDPOLYGONALFACE((240,243,239));
#2944=IFCINDEXEDPOLYGONALFACE((114,204,247));
#2945=IFCINDEXEDPOLYGONALFACE((145,244,144));
#2946=IFCINDEXEDPOLYGONALFACE((244,160,198));
#2947=IFCINDEXEDPOLYGONALFACE((246,240,112));
#2948=IFCINDEXEDPOLYGONALFACE((246,245,113));
#2949=IFCINDEXEDPOLYGONALFACE((245,246,242));
#2950=IFCINDEXEDPOLYGONALFACE((247,243,114));
#2951=IFCINDEXEDPOLYGONALFACE((203,247,189));
#2952=IFCINDEXEDPOLYGONALFACE((263,95,262));
#2953=IFCINDEXEDPOLYGONALFACE((95,263,248));
#2954=IFCINDEXEDPOLYGONALFACE((252,116,255));
#2955=IFCINDEXEDPOLYGONALFACE((248,250,118));
#2956=IFCINDEXEDPOLYGONALFACE((250,253,118));
#2957=IFCINDEXEDPOLYGONALFACE((253,254,252));
#2958=IFCINDEXEDPOLYGONALFACE((251,253,252));
#2959=IFCINDEXEDPOLYGONALFACE((253,119,254));
#2960=IFCINDEXEDPOLYGONALFACE((220,255,116));
#2961=IFCINDEXEDPOLYGONALFACE((255,165,219));
#2962=IFCINDEXEDPOLYGONALFACE((139,256,159));
#2963=IFCINDEXEDPOLYGONALFACE((257,256,96));
#2964=IFCINDEXEDPOLYGONALFACE((202,257,96));
#2965=IFCINDEXEDPOLYGONALFACE((201,257,188));
#2966=IFCINDEXEDPOLYGONALFACE((131,215,259));
#2967=IFCINDEXEDPOLYGONALFACE((133,258,132));
#2968=IFCINDEXEDPOLYGONALFACE((259,182,214));
#2969=IFCINDEXEDPOLYGONALFACE((131,259,258));
#2970=IFCINDEXEDPOLYGONALFACE((123,124,261));
#2971=IFCINDEXEDPOLYGONALFACE((218,260,122));
#2972=IFCINDEXEDPOLYGONALFACE((122,261,191));
#2973=IFCINDEXEDPOLYGONALFACE((261,260,123));
#2974=IFCINDEXEDPOLYGONALFACE((216,262,184));
#2975=IFCINDEXEDPOLYGONALFACE((94,249,263));
#2976=IFCINDEXEDPOLYGONALFACE((248,263,250));
#2977=IFCINDEXEDPOLYGONALFACE((94,263,262));
#2978=IFCINDEXEDPOLYGONALFACE((4,3,266,267));
#2979=IFCINDEXEDPOLYGONALFACE((265,75,359,346,364,333,368,332,352,351,393,322,379,341,382,340,385,356,400,321,375,337,378,336,355,354,383,323,391,329,389,328,345,344,348,360,320,427));
#2980=IFCINDEXEDPOLYGONALFACE((430,6,5,691,690,708,688,703,702,719,686,726,698,711,687,694,693,697,431));
#2981=IFCINDEXEDPOLYGONALFACE((8,7,268,269,280,279,297,277,292,291,308,275,315,287,300,276,283,282,286));
#2982=IFCINDEXEDPOLYGONALFACE((429,428,2,1));
#2983=IFCINDEXEDPOLYGONALFACE((682,493,767,754,772,741,776,740,760,759,801,730,787,749,790,748,793,764,808,729,783,745,786,744,763,762,791,731,799,737,797,736,753,752,756,768,70,264));
#2984=IFCINDEXEDPOLYGONALFACE((299,279,294));
#2985=IFCINDEXEDPOLYGONALFACE((293,301,273));
#2986=IFCINDEXEDPOLYGONALFACE((274,303,296));
#2987=IFCINDEXEDPOLYGONALFACE((282,295,286));
#2988=IFCINDEXEDPOLYGONALFACE((279,280,294));
#2989=IFCINDEXEDPOLYGONALFACE((294,278,299));
#2990=IFCINDEXEDPOLYGONALFACE((295,282,298));
#2991=IFCINDEXEDPOLYGONALFACE((304,277,303));
#2992=IFCINDEXEDPOLYGONALFACE((276,301,283));
#2993=IFCINDEXEDPOLYGONALFACE((303,277,297));
#2994=IFCINDEXEDPOLYGONALFACE((315,317,313));
#2995=IFCINDEXEDPOLYGONALFACE((307,309,316));
#2996=IFCINDEXEDPOLYGONALFACE((302,289,273));
#2997=IFCINDEXEDPOLYGONALFACE((304,274,305));
#2998=IFCINDEXEDPOLYGONALFACE((310,269,270));
#2999=IFCINDEXEDPOLYGONALFACE((294,310,285));
#3000=IFCINDEXEDPOLYGONALFACE((301,302,273));
#3001=IFCINDEXEDPOLYGONALFACE((271,285,310));
#3002=IFCINDEXEDPOLYGONALFACE((284,12,311));
#3003=IFCINDEXEDPOLYGONALFACE((295,298,281));
#3004=IFCINDEXEDPOLYGONALFACE((8,286,311));
#3005=IFCINDEXEDPOLYGONALFACE((269,310,280));
#3006=IFCINDEXEDPOLYGONALFACE((12,11,311));
#3007=IFCINDEXEDPOLYGONALFACE((286,295,311));
#3008=IFCINDEXEDPOLYGONALFACE((288,312,313));
#3009=IFCINDEXEDPOLYGONALFACE((288,289,312));
#3010=IFCINDEXEDPOLYGONALFACE((307,306,290));
#3011=IFCINDEXEDPOLYGONALFACE((291,306,307));
#3012=IFCINDEXEDPOLYGONALFACE((306,304,305));
#3013=IFCINDEXEDPOLYGONALFACE((310,294,280));
#3014=IFCINDEXEDPOLYGONALFACE((298,293,281));
#3015=IFCINDEXEDPOLYGONALFACE((296,299,278));
#3016=IFCINDEXEDPOLYGONALFACE((285,278,294));
#3017=IFCINDEXEDPOLYGONALFACE((281,284,295));
#3018=IFCINDEXEDPOLYGONALFACE((274,304,303));
#3019=IFCINDEXEDPOLYGONALFACE((303,299,296));
#3020=IFCINDEXEDPOLYGONALFACE((282,283,298));
#3021=IFCINDEXEDPOLYGONALFACE((297,279,299));
#3022=IFCINDEXEDPOLYGONALFACE((298,283,301));
#3023=IFCINDEXEDPOLYGONALFACE((301,276,302));
#3024=IFCINDEXEDPOLYGONALFACE((287,312,300));
#3025=IFCINDEXEDPOLYGONALFACE((298,301,293));
#3026=IFCINDEXEDPOLYGONALFACE((276,300,302));
#3027=IFCINDEXEDPOLYGONALFACE((292,277,304));
#3028=IFCINDEXEDPOLYGONALFACE((302,300,312));
#3029=IFCINDEXEDPOLYGONALFACE((299,303,297));
#3030=IFCINDEXEDPOLYGONALFACE((290,306,305));
#3031=IFCINDEXEDPOLYGONALFACE((292,304,306));
#3032=IFCINDEXEDPOLYGONALFACE((291,292,306));
#3033=IFCINDEXEDPOLYGONALFACE((307,290,309));
#3034=IFCINDEXEDPOLYGONALFACE((308,316,275));
#3035=IFCINDEXEDPOLYGONALFACE((308,291,307));
#3036=IFCINDEXEDPOLYGONALFACE((316,309,272));
#3037=IFCINDEXEDPOLYGONALFACE((310,270,271));
#3038=IFCINDEXEDPOLYGONALFACE((284,311,295));
#3039=IFCINDEXEDPOLYGONALFACE((8,311,11));
#3040=IFCINDEXEDPOLYGONALFACE((312,287,313));
#3041=IFCINDEXEDPOLYGONALFACE((302,312,289));
#3042=IFCINDEXEDPOLYGONALFACE((317,275,316));
#3043=IFCINDEXEDPOLYGONALFACE((313,314,288));
#3044=IFCINDEXEDPOLYGONALFACE((313,287,315));
#3045=IFCINDEXEDPOLYGONALFACE((316,272,317));
#3046=IFCINDEXEDPOLYGONALFACE((307,316,308));
#3047=IFCINDEXEDPOLYGONALFACE((317,272,314));
#3048=IFCINDEXEDPOLYGONALFACE((313,317,314));
#3049=IFCINDEXEDPOLYGONALFACE((315,275,317));
#3050=IFCINDEXEDPOLYGONALFACE((348,344,372));
#3051=IFCINDEXEDPOLYGONALFACE((376,338,401));
#3052=IFCINDEXEDPOLYGONALFACE((358,424,357));
#3053=IFCINDEXEDPOLYGONALFACE((330,413,414));
#3054=IFCINDEXEDPOLYGONALFACE((336,422,355));
#3055=IFCINDEXEDPOLYGONALFACE((387,396,366));
#3056=IFCINDEXEDPOLYGONALFACE((365,367,364));
#3057=IFCINDEXEDPOLYGONALFACE((406,380,342));
#3058=IFCINDEXEDPOLYGONALFACE((374,372,344));
#3059=IFCINDEXEDPOLYGONALFACE((367,365,334));
#3060=IFCINDEXEDPOLYGONALFACE((358,423,424));
#3061=IFCINDEXEDPOLYGONALFACE((415,328,389));
#3062=IFCINDEXEDPOLYGONALFACE((373,397,421));
#3063=IFCINDEXEDPOLYGONALFACE((413,389,329));
#3064=IFCINDEXEDPOLYGONALFACE((323,416,391));
#3065=IFCINDEXEDPOLYGONALFACE((393,417,322));
#3066=IFCINDEXEDPOLYGONALFACE((394,332,387));
#3067=IFCINDEXEDPOLYGONALFACE((418,426,393));
#3068=IFCINDEXEDPOLYGONALFACE((370,319,360));
#3069=IFCINDEXEDPOLYGONALFACE((362,361,347,363));
#3070=IFCINDEXEDPOLYGONALFACE((369,370,371,349));
#3071=IFCINDEXEDPOLYGONALFACE((404,336,378));
#3072=IFCINDEXEDPOLYGONALFACE((384,410,353));
#3073=IFCINDEXEDPOLYGONALFACE((403,378,337));
#3074=IFCINDEXEDPOLYGONALFACE((385,412,356));
#3075=IFCINDEXEDPOLYGONALFACE((324,376,402));
#3076=IFCINDEXEDPOLYGONALFACE((324,423,358));
#3077=IFCINDEXEDPOLYGONALFACE((369,318,319));
#3078=IFCINDEXEDPOLYGONALFACE((74,73,361));
#3079=IFCINDEXEDPOLYGONALFACE((382,408,407));
#3080=IFCINDEXEDPOLYGONALFACE((408,382,341));
#3081=IFCINDEXEDPOLYGONALFACE((380,406,405));
#3082=IFCINDEXEDPOLYGONALFACE((362,359,74));
#3083=IFCINDEXEDPOLYGONALFACE((344,345,374));
#3084=IFCINDEXEDPOLYGONALFACE((372,343,371));
#3085=IFCINDEXEDPOLYGONALFACE((319,370,369));
#3086=IFCINDEXEDPOLYGONALFACE((333,396,368));
#3087=IFCINDEXEDPOLYGONALFACE((418,393,351));
#3088=IFCINDEXEDPOLYGONALFACE((420,352,394));
#3089=IFCINDEXEDPOLYGONALFACE((335,398,422));
#3090=IFCINDEXEDPOLYGONALFACE((326,409,384));
#3091=IFCINDEXEDPOLYGONALFACE((380,405,325));
#3092=IFCINDEXEDPOLYGONALFACE((354,355,399));
#3093=IFCINDEXEDPOLYGONALFACE((386,412,411));
#3094=IFCINDEXEDPOLYGONALFACE((412,386,357));
#3095=IFCINDEXEDPOLYGONALFACE((403,338,377));
#3096=IFCINDEXEDPOLYGONALFACE((423,324,402));
#3097=IFCINDEXEDPOLYGONALFACE((359,75,74));
#3098=IFCINDEXEDPOLYGONALFACE((319,320,360));
#3099=IFCINDEXEDPOLYGONALFACE((321,400,423));
#3100=IFCINDEXEDPOLYGONALFACE((361,362,74));
#3101=IFCINDEXEDPOLYGONALFACE((346,359,362));
#3102=IFCINDEXEDPOLYGONALFACE((360,348,370));
#3103=IFCINDEXEDPOLYGONALFACE((362,363,365));
#3104=IFCINDEXEDPOLYGONALFACE((363,334,365));
#3105=IFCINDEXEDPOLYGONALFACE((365,346,362));
#3106=IFCINDEXEDPOLYGONALFACE((346,365,364));
#3107=IFCINDEXEDPOLYGONALFACE((367,333,364));
#3108=IFCINDEXEDPOLYGONALFACE((334,366,367));
#3109=IFCINDEXEDPOLYGONALFACE((387,331,394));
#3110=IFCINDEXEDPOLYGONALFACE((387,332,368));
#3111=IFCINDEXEDPOLYGONALFACE((367,396,333));
#3112=IFCINDEXEDPOLYGONALFACE((372,370,348));
#3113=IFCINDEXEDPOLYGONALFACE((372,371,370));
#3114=IFCINDEXEDPOLYGONALFACE((373,374,397));
#3115=IFCINDEXEDPOLYGONALFACE((397,374,345));
#3116=IFCINDEXEDPOLYGONALFACE((343,372,374));
#3117=IFCINDEXEDPOLYGONALFACE((373,343,374));
#3118=IFCINDEXEDPOLYGONALFACE((401,337,375));
#3119=IFCINDEXEDPOLYGONALFACE((424,400,356));
#3120=IFCINDEXEDPOLYGONALFACE((321,402,375));
#3121=IFCINDEXEDPOLYGONALFACE((335,404,377));
#3122=IFCINDEXEDPOLYGONALFACE((379,405,406));
#3123=IFCINDEXEDPOLYGONALFACE((379,322,405));
#3124=IFCINDEXEDPOLYGONALFACE((409,323,383));
#3125=IFCINDEXEDPOLYGONALFACE((381,407,408));
#3126=IFCINDEXEDPOLYGONALFACE((381,339,407));
#3127=IFCINDEXEDPOLYGONALFACE((354,410,383));
#3128=IFCINDEXEDPOLYGONALFACE((385,411,412));
#3129=IFCINDEXEDPOLYGONALFACE((385,340,411));
#3130=IFCINDEXEDPOLYGONALFACE((396,387,368));
#3131=IFCINDEXEDPOLYGONALFACE((366,331,387));
#3132=IFCINDEXEDPOLYGONALFACE((413,330,388));
#3133=IFCINDEXEDPOLYGONALFACE((327,415,388));
#3134=IFCINDEXEDPOLYGONALFACE((416,326,390));
#3135=IFCINDEXEDPOLYGONALFACE((392,325,417));
#3136=IFCINDEXEDPOLYGONALFACE((425,330,414));
#3137=IFCINDEXEDPOLYGONALFACE((392,417,426));
#3138=IFCINDEXEDPOLYGONALFACE((418,419,350));
#3139=IFCINDEXEDPOLYGONALFACE((352,332,394));
#3140=IFCINDEXEDPOLYGONALFACE((331,395,420));
#3141=IFCINDEXEDPOLYGONALFACE((420,419,352));
#3142=IFCINDEXEDPOLYGONALFACE((366,396,367));
#3143=IFCINDEXEDPOLYGONALFACE((345,328,397));
#3144=IFCINDEXEDPOLYGONALFACE((421,397,328));
#3145=IFCINDEXEDPOLYGONALFACE((399,353,410));
#3146=IFCINDEXEDPOLYGONALFACE((353,399,398));
#3147=IFCINDEXEDPOLYGONALFACE((422,399,355));
#3148=IFCINDEXEDPOLYGONALFACE((401,375,402));
#3149=IFCINDEXEDPOLYGONALFACE((403,401,338));
#3150=IFCINDEXEDPOLYGONALFACE((402,321,423));
#3151=IFCINDEXEDPOLYGONALFACE((401,402,376));
#3152=IFCINDEXEDPOLYGONALFACE((403,377,404));
#3153=IFCINDEXEDPOLYGONALFACE((401,403,337));
#3154=IFCINDEXEDPOLYGONALFACE((404,335,422));
#3155=IFCINDEXEDPOLYGONALFACE((403,404,378));
#3156=IFCINDEXEDPOLYGONALFACE((417,405,322));
#3157=IFCINDEXEDPOLYGONALFACE((408,406,342));
#3158=IFCINDEXEDPOLYGONALFACE((379,406,341));
#3159=IFCINDEXEDPOLYGONALFACE((411,407,339));
#3160=IFCINDEXEDPOLYGONALFACE((382,407,340));
#3161=IFCINDEXEDPOLYGONALFACE((406,408,341));
#3162=IFCINDEXEDPOLYGONALFACE((381,408,342));
#3163=IFCINDEXEDPOLYGONALFACE((409,383,410));
#3164=IFCINDEXEDPOLYGONALFACE((416,409,326));
#3165=IFCINDEXEDPOLYGONALFACE((410,354,399));
#3166=IFCINDEXEDPOLYGONALFACE((409,410,384));
#3167=IFCINDEXEDPOLYGONALFACE((407,411,340));
#3168=IFCINDEXEDPOLYGONALFACE((386,411,339));
#3169=IFCINDEXEDPOLYGONALFACE((424,412,357));
#3170=IFCINDEXEDPOLYGONALFACE((413,388,415));
#3171=IFCINDEXEDPOLYGONALFACE((414,413,329));
#3172=IFCINDEXEDPOLYGONALFACE((391,425,329));
#3173=IFCINDEXEDPOLYGONALFACE((414,329,425));
#3174=IFCINDEXEDPOLYGONALFACE((415,327,421));
#3175=IFCINDEXEDPOLYGONALFACE((413,415,389));
#3176=IFCINDEXEDPOLYGONALFACE((416,390,425));
#3177=IFCINDEXEDPOLYGONALFACE((409,416,323));
#3178=IFCINDEXEDPOLYGONALFACE((405,417,325));
#3179=IFCINDEXEDPOLYGONALFACE((419,418,351));
#3180=IFCINDEXEDPOLYGONALFACE((392,418,350));
#3181=IFCINDEXEDPOLYGONALFACE((352,419,351));
#3182=IFCINDEXEDPOLYGONALFACE((395,350,419));
#3183=IFCINDEXEDPOLYGONALFACE((331,420,394));
#3184=IFCINDEXEDPOLYGONALFACE((419,420,395));
#3185=IFCINDEXEDPOLYGONALFACE((415,421,328));
#3186=IFCINDEXEDPOLYGONALFACE((373,421,327));
#3187=IFCINDEXEDPOLYGONALFACE((422,336,404));
#3188=IFCINDEXEDPOLYGONALFACE((399,422,398));
#3189=IFCINDEXEDPOLYGONALFACE((424,423,400));
#3190=IFCINDEXEDPOLYGONALFACE((412,424,356));
#3191=IFCINDEXEDPOLYGONALFACE((416,425,391));
#3192=IFCINDEXEDPOLYGONALFACE((330,425,390));
#3193=IFCINDEXEDPOLYGONALFACE((393,426,417));
#3194=IFCINDEXEDPOLYGONALFACE((418,392,426));
#3195=IFCINDEXEDPOLYGONALFACE((452,444,455));
#3196=IFCINDEXEDPOLYGONALFACE((270,269,490));
#3197=IFCINDEXEDPOLYGONALFACE((450,455,456));
#3198=IFCINDEXEDPOLYGONALFACE((442,450,456,459));
#3199=IFCINDEXEDPOLYGONALFACE((455,444,456));
#3200=IFCINDEXEDPOLYGONALFACE((472,437,471));
#3201=IFCINDEXEDPOLYGONALFACE((486,483,435));
#3202=IFCINDEXEDPOLYGONALFACE((472,474,475));
#3203=IFCINDEXEDPOLYGONALFACE((466,467,468));
#3204=IFCINDEXEDPOLYGONALFACE((476,479,477));
#3205=IFCINDEXEDPOLYGONALFACE((481,482,483));
#3206=IFCINDEXEDPOLYGONALFACE((490,269,451));
#3207=IFCINDEXEDPOLYGONALFACE((484,483,486));
#3208=IFCINDEXEDPOLYGONALFACE((452,455,480));
#3209=IFCINDEXEDPOLYGONALFACE((481,479,445));
#3210=IFCINDEXEDPOLYGONALFACE((462,464,461));
#3211=IFCINDEXEDPOLYGONALFACE((464,462,447));
#3212=IFCINDEXEDPOLYGONALFACE((471,469,470));
#3213=IFCINDEXEDPOLYGONALFACE((471,454,469));
#3214=IFCINDEXEDPOLYGONALFACE((433,452,480));
#3215=IFCINDEXEDPOLYGONALFACE((465,432,480));
#3216=IFCINDEXEDPOLYGONALFACE((488,489,441));
#3217=IFCINDEXEDPOLYGONALFACE((451,489,490));
#3218=IFCINDEXEDPOLYGONALFACE((469,449,468));
#3219=IFCINDEXEDPOLYGONALFACE((465,480,450));
#3220=IFCINDEXEDPOLYGONALFACE((461,457,460));
#3221=IFCINDEXEDPOLYGONALFACE((459,460,457));
#3222=IFCINDEXEDPOLYGONALFACE((456,444,458));
#3223=IFCINDEXEDPOLYGONALFACE((460,459,456));
#3224=IFCINDEXEDPOLYGONALFACE((460,456,458));
#3225=IFCINDEXEDPOLYGONALFACE((458,436,460));
#3226=IFCINDEXEDPOLYGONALFACE((461,460,436));
#3227=IFCINDEXEDPOLYGONALFACE((466,463,464));
#3228=IFCINDEXEDPOLYGONALFACE((439,457,461));
#3229=IFCINDEXEDPOLYGONALFACE((461,436,462));
#3230=IFCINDEXEDPOLYGONALFACE((466,464,447));
#3231=IFCINDEXEDPOLYGONALFACE((461,464,439));
#3232=IFCINDEXEDPOLYGONALFACE((463,439,464));
#3233=IFCINDEXEDPOLYGONALFACE((467,446,468));
#3234=IFCINDEXEDPOLYGONALFACE((449,463,466));
#3235=IFCINDEXEDPOLYGONALFACE((466,447,467));
#3236=IFCINDEXEDPOLYGONALFACE((469,468,446));
#3237=IFCINDEXEDPOLYGONALFACE((466,468,449));
#3238=IFCINDEXEDPOLYGONALFACE((448,471,470));
#3239=IFCINDEXEDPOLYGONALFACE((449,469,454));
#3240=IFCINDEXEDPOLYGONALFACE((469,446,470));
#3241=IFCINDEXEDPOLYGONALFACE((472,471,448));
#3242=IFCINDEXEDPOLYGONALFACE((437,454,471));
#3243=IFCINDEXEDPOLYGONALFACE((475,474,434));
#3244=IFCINDEXEDPOLYGONALFACE((475,477,473));
#3245=IFCINDEXEDPOLYGONALFACE((472,448,474));
#3246=IFCINDEXEDPOLYGONALFACE((472,475,437));
#3247=IFCINDEXEDPOLYGONALFACE((475,434,477));
#3248=IFCINDEXEDPOLYGONALFACE((475,473,437));
#3249=IFCINDEXEDPOLYGONALFACE((481,478,479));
#3250=IFCINDEXEDPOLYGONALFACE((476,477,434));
#3251=IFCINDEXEDPOLYGONALFACE((473,477,440));
#3252=IFCINDEXEDPOLYGONALFACE((478,440,479));
#3253=IFCINDEXEDPOLYGONALFACE((476,445,479));
#3254=IFCINDEXEDPOLYGONALFACE((477,479,440));
#3255=IFCINDEXEDPOLYGONALFACE((480,455,450));
#3256=IFCINDEXEDPOLYGONALFACE((433,480,432));
#3257=IFCINDEXEDPOLYGONALFACE((482,435,483));
#3258=IFCINDEXEDPOLYGONALFACE((438,478,481));
#3259=IFCINDEXEDPOLYGONALFACE((481,445,482));
#3260=IFCINDEXEDPOLYGONALFACE((435,485,486));
#3261=IFCINDEXEDPOLYGONALFACE((481,483,438));
#3262=IFCINDEXEDPOLYGONALFACE((488,441,487));
#3263=IFCINDEXEDPOLYGONALFACE((484,438,483));
#3264=IFCINDEXEDPOLYGONALFACE((443,489,488));
#3265=IFCINDEXEDPOLYGONALFACE((486,487,484));
#3266=IFCINDEXEDPOLYGONALFACE((488,486,485));
#3267=IFCINDEXEDPOLYGONALFACE((486,488,487));
#3268=IFCINDEXEDPOLYGONALFACE((443,488,485));
#3269=IFCINDEXEDPOLYGONALFACE((490,443,453));
#3270=IFCINDEXEDPOLYGONALFACE((451,441,489));
#3271=IFCINDEXEDPOLYGONALFACE((443,490,489));
#3272=IFCINDEXEDPOLYGONALFACE((270,490,453));
#3273=IFCINDEXEDPOLYGONALFACE((511,581,589));
#3274=IFCINDEXEDPOLYGONALFACE((585,573,546));
#3275=IFCINDEXEDPOLYGONALFACE((664,530,659));
#3276=IFCINDEXEDPOLYGONALFACE((654,612,528));
#3277=IFCINDEXEDPOLYGONALFACE((590,569,571));
#3278=IFCINDEXEDPOLYGONALFACE((554,495,617));
#3279=IFCINDEXEDPOLYGONALFACE((641,643,519));
#3280=IFCINDEXEDPOLYGONALFACE((497,579,610));
#3281=IFCINDEXEDPOLYGONALFACE((565,599,575));
#3282=IFCINDEXEDPOLYGONALFACE((503,592,625));
#3283=IFCINDEXEDPOLYGONALFACE((586,496,587));
#3284=IFCINDEXEDPOLYGONALFACE((626,598,596));
#3285=IFCINDEXEDPOLYGONALFACE((605,628,506));
#3286=IFCINDEXEDPOLYGONALFACE((520,629,603));
#3287=IFCINDEXEDPOLYGONALFACE((508,578,600));
#3288=IFCINDEXEDPOLYGONALFACE((607,499,587));
#3289=IFCINDEXEDPOLYGONALFACE((510,589,581));
#3290=IFCINDEXEDPOLYGONALFACE((668,667,537));
#3291=IFCINDEXEDPOLYGONALFACE((602,556,577));
#3292=IFCINDEXEDPOLYGONALFACE((674,515,615));
#3293=IFCINDEXEDPOLYGONALFACE((606,553,576));
#3294=IFCINDEXEDPOLYGONALFACE((645,646,500));
#3295=IFCINDEXEDPOLYGONALFACE((564,584,492));
#3296=IFCINDEXEDPOLYGONALFACE((641,516,642));
#3297=IFCINDEXEDPOLYGONALFACE((644,648,518));
#3298=IFCINDEXEDPOLYGONALFACE((604,521,629));
#3299=IFCINDEXEDPOLYGONALFACE((564,524,584));
#3300=IFCINDEXEDPOLYGONALFACE((520,603,538));
#3301=IFCINDEXEDPOLYGONALFACE((523,582,572));
#3302=IFCINDEXEDPOLYGONALFACE((582,649,572));
#3303=IFCINDEXEDPOLYGONALFACE((525,582,524));
#3304=IFCINDEXEDPOLYGONALFACE((653,654,528));
#3305=IFCINDEXEDPOLYGONALFACE((643,648,519));
#3306=IFCINDEXEDPOLYGONALFACE((601,526,598));
#3307=IFCINDEXEDPOLYGONALFACE((652,650,505));
#3308=IFCINDEXEDPOLYGONALFACE((657,530,658));
#3309=IFCINDEXEDPOLYGONALFACE((578,509,600));
#3310=IFCINDEXEDPOLYGONALFACE((533,657,661));
#3311=IFCINDEXEDPOLYGONALFACE((622,607,665));
#3312=IFCINDEXEDPOLYGONALFACE((580,544,545));
#3313=IFCINDEXEDPOLYGONALFACE((668,537,671));
#3314=IFCINDEXEDPOLYGONALFACE((669,536,671));
#3315=IFCINDEXEDPOLYGONALFACE((667,668,681));
#3316=IFCINDEXEDPOLYGONALFACE((522,319,603));
#3317=IFCINDEXEDPOLYGONALFACE((538,603,319));
#3318=IFCINDEXEDPOLYGONALFACE((575,599,647));
#3319=IFCINDEXEDPOLYGONALFACE((678,636,589));
#3320=IFCINDEXEDPOLYGONALFACE((579,679,542));
#3321=IFCINDEXEDPOLYGONALFACE((583,544,580));
#3322=IFCINDEXEDPOLYGONALFACE((535,670,673));
#3323=IFCINDEXEDPOLYGONALFACE((580,543,583));
#3324=IFCINDEXEDPOLYGONALFACE((591,502,573));
#3325=IFCINDEXEDPOLYGONALFACE((586,624,546));
#3326=IFCINDEXEDPOLYGONALFACE((547,548,585));
#3327=IFCINDEXEDPOLYGONALFACE((581,551,510));
#3328=IFCINDEXEDPOLYGONALFACE((670,535,669));
#3329=IFCINDEXEDPOLYGONALFACE((677,633,600));
#3330=IFCINDEXEDPOLYGONALFACE((551,581,676));
#3331=IFCINDEXEDPOLYGONALFACE((515,675,619));
#3332=IFCINDEXEDPOLYGONALFACE((553,554,576));
#3333=IFCINDEXEDPOLYGONALFACE((576,552,606));
#3334=IFCINDEXEDPOLYGONALFACE((577,556,557));
#3335=IFCINDEXEDPOLYGONALFACE((660,659,562));
#3336=IFCINDEXEDPOLYGONALFACE((513,627,680));
#3337=IFCINDEXEDPOLYGONALFACE((577,555,602));
#3338=IFCINDEXEDPOLYGONALFACE((626,597,598));
#3339=IFCINDEXEDPOLYGONALFACE((595,588,574));
#3340=IFCINDEXEDPOLYGONALFACE((560,588,595));
#3341=IFCINDEXEDPOLYGONALFACE((578,563,509));
#3342=IFCINDEXEDPOLYGONALFACE((563,578,662));
#3343=IFCINDEXEDPOLYGONALFACE((584,582,523));
#3344=IFCINDEXEDPOLYGONALFACE((565,593,594));
#3345=IFCINDEXEDPOLYGONALFACE((502,591,625));
#3346=IFCINDEXEDPOLYGONALFACE((571,569,570));
#3347=IFCINDEXEDPOLYGONALFACE((655,631,504));
#3348=IFCINDEXEDPOLYGONALFACE((571,568,590));
#3349=IFCINDEXEDPOLYGONALFACE((628,570,506));
#3350=IFCINDEXEDPOLYGONALFACE((628,613,571));
#3351=IFCINDEXEDPOLYGONALFACE((642,649,517));
#3352=IFCINDEXEDPOLYGONALFACE((548,591,585));
#3353=IFCINDEXEDPOLYGONALFACE((588,560,498));
#3354=IFCINDEXEDPOLYGONALFACE((558,595,574));
#3355=IFCINDEXEDPOLYGONALFACE((617,495,588));
#3356=IFCINDEXEDPOLYGONALFACE((617,614,576));
#3357=IFCINDEXEDPOLYGONALFACE((674,557,514));
#3358=IFCINDEXEDPOLYGONALFACE((674,615,577));
#3359=IFCINDEXEDPOLYGONALFACE((578,508,616));
#3360=IFCINDEXEDPOLYGONALFACE((561,660,662));
#3361=IFCINDEXEDPOLYGONALFACE((679,540,678));
#3362=IFCINDEXEDPOLYGONALFACE((679,579,609));
#3363=IFCINDEXEDPOLYGONALFACE((545,497,610));
#3364=IFCINDEXEDPOLYGONALFACE((610,608,580));
#3365=IFCINDEXEDPOLYGONALFACE((581,511,611));
#3366=IFCINDEXEDPOLYGONALFACE((672,534,670));
#3367=IFCINDEXEDPOLYGONALFACE((581,611,676));
#3368=IFCINDEXEDPOLYGONALFACE((523,539,584));
#3369=IFCINDEXEDPOLYGONALFACE((649,525,517));
#3370=IFCINDEXEDPOLYGONALFACE((583,543,637));
#3371=IFCINDEXEDPOLYGONALFACE((673,638,583));
#3372=IFCINDEXEDPOLYGONALFACE((582,584,524));
#3373=IFCINDEXEDPOLYGONALFACE((492,584,539));
#3374=IFCINDEXEDPOLYGONALFACE((548,503,591));
#3375=IFCINDEXEDPOLYGONALFACE((587,496,607));
#3376=IFCINDEXEDPOLYGONALFACE((587,624,586));
#3377=IFCINDEXEDPOLYGONALFACE((587,499,623));
#3378=IFCINDEXEDPOLYGONALFACE((585,624,547));
#3379=IFCINDEXEDPOLYGONALFACE((617,588,498));
#3380=IFCINDEXEDPOLYGONALFACE((574,588,495));
#3381=IFCINDEXEDPOLYGONALFACE((589,510,635));
#3382=IFCINDEXEDPOLYGONALFACE((589,635,678));
#3383=IFCINDEXEDPOLYGONALFACE((504,652,655));
#3384=IFCINDEXEDPOLYGONALFACE((655,639,590));
#3385=IFCINDEXEDPOLYGONALFACE((585,591,573));
#3386=IFCINDEXEDPOLYGONALFACE((594,566,599));
#3387=IFCINDEXEDPOLYGONALFACE((592,594,625));
#3388=IFCINDEXEDPOLYGONALFACE((566,594,592));
#3389=IFCINDEXEDPOLYGONALFACE((566,567,599));
#3390=IFCINDEXEDPOLYGONALFACE((593,502,625));
#3391=IFCINDEXEDPOLYGONALFACE((598,526,596));
#3392=IFCINDEXEDPOLYGONALFACE((595,559,560));
#3393=IFCINDEXEDPOLYGONALFACE((558,597,626));
#3394=IFCINDEXEDPOLYGONALFACE((595,626,559));
#3395=IFCINDEXEDPOLYGONALFACE((598,527,601));
#3396=IFCINDEXEDPOLYGONALFACE((527,598,597));
#3397=IFCINDEXEDPOLYGONALFACE((594,599,565));
#3398=IFCINDEXEDPOLYGONALFACE((647,567,500));
#3399=IFCINDEXEDPOLYGONALFACE((600,509,632));
#3400=IFCINDEXEDPOLYGONALFACE((550,676,677));
#3401=IFCINDEXEDPOLYGONALFACE((652,653,650));
#3402=IFCINDEXEDPOLYGONALFACE((654,618,601));
#3403=IFCINDEXEDPOLYGONALFACE((602,555,634));
#3404=IFCINDEXEDPOLYGONALFACE((680,627,602));
#3405=IFCINDEXEDPOLYGONALFACE((605,507,628));
#3406=IFCINDEXEDPOLYGONALFACE((522,603,521));
#3407=IFCINDEXEDPOLYGONALFACE((605,506,604));
#3408=IFCINDEXEDPOLYGONALFACE((603,629,521));
#3409=IFCINDEXEDPOLYGONALFACE((629,630,605));
#3410=IFCINDEXEDPOLYGONALFACE((515,674,675));
#3411=IFCINDEXEDPOLYGONALFACE((675,620,606));
#3412=IFCINDEXEDPOLYGONALFACE((607,496,621));
#3413=IFCINDEXEDPOLYGONALFACE((624,585,546));
#3414=IFCINDEXEDPOLYGONALFACE((610,494,608));
#3415=IFCINDEXEDPOLYGONALFACE((608,543,580));
#3416=IFCINDEXEDPOLYGONALFACE((494,610,579));
#3417=IFCINDEXEDPOLYGONALFACE((545,610,580));
#3418=IFCINDEXEDPOLYGONALFACE((601,527,612));
#3419=IFCINDEXEDPOLYGONALFACE((676,611,549));
#3420=IFCINDEXEDPOLYGONALFACE((614,617,498));
#3421=IFCINDEXEDPOLYGONALFACE((613,568,571));
#3422=IFCINDEXEDPOLYGONALFACE((614,552,576));
#3423=IFCINDEXEDPOLYGONALFACE((615,555,577));
#3424=IFCINDEXEDPOLYGONALFACE((660,561,663));
#3425=IFCINDEXEDPOLYGONALFACE((662,616,561));
#3426=IFCINDEXEDPOLYGONALFACE((554,617,576));
#3427=IFCINDEXEDPOLYGONALFACE((606,552,619));
#3428=IFCINDEXEDPOLYGONALFACE((618,526,601));
#3429=IFCINDEXEDPOLYGONALFACE((665,533,661));
#3430=IFCINDEXEDPOLYGONALFACE((620,553,606));
#3431=IFCINDEXEDPOLYGONALFACE((665,621,533));
#3432=IFCINDEXEDPOLYGONALFACE((622,499,607));
#3433=IFCINDEXEDPOLYGONALFACE((624,623,547));
#3434=IFCINDEXEDPOLYGONALFACE((623,624,587));
#3435=IFCINDEXEDPOLYGONALFACE((625,591,503));
#3436=IFCINDEXEDPOLYGONALFACE((593,625,594));
#3437=IFCINDEXEDPOLYGONALFACE((559,626,596));
#3438=IFCINDEXEDPOLYGONALFACE((558,626,595));
#3439=IFCINDEXEDPOLYGONALFACE((613,628,507));
#3440=IFCINDEXEDPOLYGONALFACE((627,556,602));
#3441=IFCINDEXEDPOLYGONALFACE((628,571,570));
#3442=IFCINDEXEDPOLYGONALFACE((630,507,605));
#3443=IFCINDEXEDPOLYGONALFACE((604,629,605));
#3444=IFCINDEXEDPOLYGONALFACE((629,520,630));
#3445=IFCINDEXEDPOLYGONALFACE((590,568,631));
#3446=IFCINDEXEDPOLYGONALFACE((517,640,642));
#3447=IFCINDEXEDPOLYGONALFACE((677,632,550));
#3448=IFCINDEXEDPOLYGONALFACE((633,508,600));
#3449=IFCINDEXEDPOLYGONALFACE((680,634,512));
#3450=IFCINDEXEDPOLYGONALFACE((678,635,541));
#3451=IFCINDEXEDPOLYGONALFACE((636,511,589));
#3452=IFCINDEXEDPOLYGONALFACE((673,637,535));
#3453=IFCINDEXEDPOLYGONALFACE((638,544,583));
#3454=IFCINDEXEDPOLYGONALFACE((639,569,590));
#3455=IFCINDEXEDPOLYGONALFACE((640,643,642));
#3456=IFCINDEXEDPOLYGONALFACE((640,518,643));
#3457=IFCINDEXEDPOLYGONALFACE((516,572,649));
#3458=IFCINDEXEDPOLYGONALFACE((642,643,641));
#3459=IFCINDEXEDPOLYGONALFACE((500,646,647));
#3460=IFCINDEXEDPOLYGONALFACE((644,646,648));
#3461=IFCINDEXEDPOLYGONALFACE((501,646,644));
#3462=IFCINDEXEDPOLYGONALFACE((575,647,501));
#3463=IFCINDEXEDPOLYGONALFACE((645,519,648));
#3464=IFCINDEXEDPOLYGONALFACE((647,599,567));
#3465=IFCINDEXEDPOLYGONALFACE((501,647,646));
#3466=IFCINDEXEDPOLYGONALFACE((648,643,518));
#3467=IFCINDEXEDPOLYGONALFACE((645,648,646));
#3468=IFCINDEXEDPOLYGONALFACE((649,582,525));
#3469=IFCINDEXEDPOLYGONALFACE((516,649,642));
#3470=IFCINDEXEDPOLYGONALFACE((653,652,651));
#3471=IFCINDEXEDPOLYGONALFACE((655,652,505));
#3472=IFCINDEXEDPOLYGONALFACE((529,653,651));
#3473=IFCINDEXEDPOLYGONALFACE((651,652,504));
#3474=IFCINDEXEDPOLYGONALFACE((654,653,529));
#3475=IFCINDEXEDPOLYGONALFACE((653,528,650));
#3476=IFCINDEXEDPOLYGONALFACE((618,654,529));
#3477=IFCINDEXEDPOLYGONALFACE((612,654,601));
#3478=IFCINDEXEDPOLYGONALFACE((639,655,505));
#3479=IFCINDEXEDPOLYGONALFACE((631,655,590));
#3480=IFCINDEXEDPOLYGONALFACE((658,531,656));
#3481=IFCINDEXEDPOLYGONALFACE((656,661,658));
#3482=IFCINDEXEDPOLYGONALFACE((656,532,661));
#3483=IFCINDEXEDPOLYGONALFACE((660,562,662));
#3484=IFCINDEXEDPOLYGONALFACE((660,664,659));
#3485=IFCINDEXEDPOLYGONALFACE((658,664,531));
#3486=IFCINDEXEDPOLYGONALFACE((658,661,657));
#3487=IFCINDEXEDPOLYGONALFACE((532,622,665));
#3488=IFCINDEXEDPOLYGONALFACE((563,662,562));
#3489=IFCINDEXEDPOLYGONALFACE((662,578,616));
#3490=IFCINDEXEDPOLYGONALFACE((664,658,530));
#3491=IFCINDEXEDPOLYGONALFACE((664,663,531));
#3492=IFCINDEXEDPOLYGONALFACE((663,664,660));
#3493=IFCINDEXEDPOLYGONALFACE((665,661,532));
#3494=IFCINDEXEDPOLYGONALFACE((621,665,607));
#3495=IFCINDEXEDPOLYGONALFACE((681,513,680));
#3496=IFCINDEXEDPOLYGONALFACE((513,681,666));
#3497=IFCINDEXEDPOLYGONALFACE((670,534,673));
#3498=IFCINDEXEDPOLYGONALFACE((666,668,536));
#3499=IFCINDEXEDPOLYGONALFACE((668,671,536));
#3500=IFCINDEXEDPOLYGONALFACE((671,672,670));
#3501=IFCINDEXEDPOLYGONALFACE((669,671,670));
#3502=IFCINDEXEDPOLYGONALFACE((671,537,672));
#3503=IFCINDEXEDPOLYGONALFACE((638,673,534));
#3504=IFCINDEXEDPOLYGONALFACE((673,583,637));
#3505=IFCINDEXEDPOLYGONALFACE((557,674,577));
#3506=IFCINDEXEDPOLYGONALFACE((675,674,514));
#3507=IFCINDEXEDPOLYGONALFACE((620,675,514));
#3508=IFCINDEXEDPOLYGONALFACE((619,675,606));
#3509=IFCINDEXEDPOLYGONALFACE((549,633,677));
#3510=IFCINDEXEDPOLYGONALFACE((551,676,550));
#3511=IFCINDEXEDPOLYGONALFACE((677,600,632));
#3512=IFCINDEXEDPOLYGONALFACE((549,677,676));
#3513=IFCINDEXEDPOLYGONALFACE((541,542,679));
#3514=IFCINDEXEDPOLYGONALFACE((636,678,540));
#3515=IFCINDEXEDPOLYGONALFACE((540,679,609));
#3516=IFCINDEXEDPOLYGONALFACE((679,678,541));
#3517=IFCINDEXEDPOLYGONALFACE((634,680,602));
#3518=IFCINDEXEDPOLYGONALFACE((512,667,681));
#3519=IFCINDEXEDPOLYGONALFACE((666,681,668));
#3520=IFCINDEXEDPOLYGONALFACE((512,681,680));
#3521=IFCINDEXEDPOLYGONALFACEWITHVOIDS((682,264,265,427),((266,3,2,428)));
#3522=IFCINDEXEDPOLYGONALFACEWITHVOIDS((429,1,4,267),((268,7,6,430)));
#3523=IFCINDEXEDPOLYGONALFACE((710,690,705));
#3524=IFCINDEXEDPOLYGONALFACE((704,712,684));
#3525=IFCINDEXEDPOLYGONALFACE((685,714,707));
#3526=IFCINDEXEDPOLYGONALFACE((693,706,697));
#3527=IFCINDEXEDPOLYGONALFACE((690,691,705));
#3528=IFCINDEXEDPOLYGONALFACE((705,689,710));
#3529=IFCINDEXEDPOLYGONALFACE((706,693,709));
#3530=IFCINDEXEDPOLYGONALFACE((715,688,714));
#3531=IFCINDEXEDPOLYGONALFACE((687,712,694));
#3532=IFCINDEXEDPOLYGONALFACE((714,688,708));
#3533=IFCINDEXEDPOLYGONALFACE((726,728,724));
#3534=IFCINDEXEDPOLYGONALFACE((718,720,727));
#3535=IFCINDEXEDPOLYGONALFACE((713,700,684));
#3536=IFCINDEXEDPOLYGONALFACE((715,685,716));
#3537=IFCINDEXEDPOLYGONALFACE((721,5,10));
#3538=IFCINDEXEDPOLYGONALFACE((705,721,696));
#3539=IFCINDEXEDPOLYGONALFACE((712,713,684));
#3540=IFCINDEXEDPOLYGONALFACE((9,696,721));
#3541=IFCINDEXEDPOLYGONALFACE((695,433,722));
#3542=IFCINDEXEDPOLYGONALFACE((706,709,692));
#3543=IFCINDEXEDPOLYGONALFACE((431,697,722));
#3544=IFCINDEXEDPOLYGONALFACE((5,721,691));
#3545=IFCINDEXEDPOLYGONALFACE((433,432,722));
#3546=IFCINDEXEDPOLYGONALFACE((697,706,722));
#3547=IFCINDEXEDPOLYGONALFACE((699,723,724));
#3548=IFCINDEXEDPOLYGONALFACE((699,700,723));
#3549=IFCINDEXEDPOLYGONALFACE((718,717,701));
#3550=IFCINDEXEDPOLYGONALFACE((702,717,718));
#3551=IFCINDEXEDPOLYGONALFACE((717,715,716));
#3552=IFCINDEXEDPOLYGONALFACE((721,705,691));
#3553=IFCINDEXEDPOLYGONALFACE((709,704,692));
#3554=IFCINDEXEDPOLYGONALFACE((707,710,689));
#3555=IFCINDEXEDPOLYGONALFACE((696,689,705));
#3556=IFCINDEXEDPOLYGONALFACE((692,695,706));
#3557=IFCINDEXEDPOLYGONALFACE((685,715,714));
#3558=IFCINDEXEDPOLYGONALFACE((714,710,707));
#3559=IFCINDEXEDPOLYGONALFACE((693,694,709));
#3560=IFCINDEXEDPOLYGONALFACE((708,690,710));
#3561=IFCINDEXEDPOLYGONALFACE((709,694,712));
#3562=IFCINDEXEDPOLYGONALFACE((712,687,713));
#3563=IFCINDEXEDPOLYGONALFACE((698,723,711));
#3564=IFCINDEXEDPOLYGONALFACE((709,712,704));
#3565=IFCINDEXEDPOLYGONALFACE((687,711,713));
#3566=IFCINDEXEDPOLYGONALFACE((703,688,715));
#3567=IFCINDEXEDPOLYGONALFACE((713,711,723));
#3568=IFCINDEXEDPOLYGONALFACE((710,714,708));
#3569=IFCINDEXEDPOLYGONALFACE((701,717,716));
#3570=IFCINDEXEDPOLYGONALFACE((703,715,717));
#3571=IFCINDEXEDPOLYGONALFACE((702,703,717));
#3572=IFCINDEXEDPOLYGONALFACE((718,701,720));
#3573=IFCINDEXEDPOLYGONALFACE((719,727,686));
#3574=IFCINDEXEDPOLYGONALFACE((719,702,718));
#3575=IFCINDEXEDPOLYGONALFACE((727,720,683));
#3576=IFCINDEXEDPOLYGONALFACE((721,10,9));
#3577=IFCINDEXEDPOLYGONALFACE((695,722,706));
#3578=IFCINDEXEDPOLYGONALFACE((431,722,432));
#3579=IFCINDEXEDPOLYGONALFACE((723,698,724));
#3580=IFCINDEXEDPOLYGONALFACE((713,723,700));
#3581=IFCINDEXEDPOLYGONALFACE((728,686,727));
#3582=IFCINDEXEDPOLYGONALFACE((724,725,699));
#3583=IFCINDEXEDPOLYGONALFACE((724,698,726));
#3584=IFCINDEXEDPOLYGONALFACE((727,683,728));
#3585=IFCINDEXEDPOLYGONALFACE((718,727,719));
#3586=IFCINDEXEDPOLYGONALFACE((728,683,725));
#3587=IFCINDEXEDPOLYGONALFACE((724,728,725));
#3588=IFCINDEXEDPOLYGONALFACE((726,686,728));
#3589=IFCINDEXEDPOLYGONALFACEWITHVOIDS((318,369,349,371,343,373,327,388,330,390,326,384,353,398,335,377,338,376,324,358,357,386,339,381,342,380,325,392,350,395,331,366,334,363,347,361,73,121,105,154,98,223,101,227,82,149,148,174,85,130,129,205,81,204,114,238,113,245,143,198,90,215,131,193,93,218,122,191,79,127,126,220,116,254,119,249,94,216,137,197,97,201,134,196,80,142,141,178,108,200,111,233,86,213,150,195,89,212,102,120,72,777,757,779,751,781,735,796,738,798,734,792,761,806,743,785,746,784,732,766,765,794,747,789,750,788,733,800,758,803,739,774,742,771,755,769,491,539,523,572,516,641,519,645,500,567,566,592,503,548,547,623,499,622,532,656,531,663,561,616,508,633,549,611,511,636,540,609,497,545,544,638,534,672,537,667,512,634,555,615,515,619,552,614,498,560,559,596,526,618,529,651,504,631,568,613,507,630,520,538),((453,443,485,435,482,445,476,434,474,448,470,446,467,447,462,436,458,444,452,433,695,692,704,684,700,699,725,683,720,701,716,685,707,689,696,9,32,22,64,14,61,24,55,13,53,27,49,25,46,26,41,15,37,23,31,12,284,281,293,273,289,288,314,272,309,290,305,274,296,278,285,271)));
#3590=IFCINDEXEDPOLYGONALFACE((756,752,780));
#3591=IFCINDEXEDPOLYGONALFACE((784,746,809));
#3592=IFCINDEXEDPOLYGONALFACE((766,832,765));
#3593=IFCINDEXEDPOLYGONALFACE((738,821,822));
#3594=IFCINDEXEDPOLYGONALFACE((744,830,763));
#3595=IFCINDEXEDPOLYGONALFACE((795,804,774));
#3596=IFCINDEXEDPOLYGONALFACE((773,775,772));
#3597=IFCINDEXEDPOLYGONALFACE((814,788,750));
#3598=IFCINDEXEDPOLYGONALFACE((782,780,752));
#3599=IFCINDEXEDPOLYGONALFACE((775,773,742));
#3600=IFCINDEXEDPOLYGONALFACE((766,831,832));
#3601=IFCINDEXEDPOLYGONALFACE((823,736,797));
#3602=IFCINDEXEDPOLYGONALFACE((781,805,829));
#3603=IFCINDEXEDPOLYGONALFACE((821,797,737));
#3604=IFCINDEXEDPOLYGONALFACE((731,824,799));
#3605=IFCINDEXEDPOLYGONALFACE((801,825,730));
#3606=IFCINDEXEDPOLYGONALFACE((802,740,795));
#3607=IFCINDEXEDPOLYGONALFACE((826,834,801));
#3608=IFCINDEXEDPOLYGONALFACE((778,71,768));
#3609=IFCINDEXEDPOLYGONALFACE((770,769,755,771));
#3610=IFCINDEXEDPOLYGONALFACE((777,778,779,757));
#3611=IFCINDEXEDPOLYGONALFACE((812,744,786));
#3612=IFCINDEXEDPOLYGONALFACE((792,818,761));
#3613=IFCINDEXEDPOLYGONALFACE((811,786,745));
#3614=IFCINDEXEDPOLYGONALFACE((793,820,764));
#3615=IFCINDEXEDPOLYGONALFACE((732,784,810));
#3616=IFCINDEXEDPOLYGONALFACE((732,831,766));
#3617=IFCINDEXEDPOLYGONALFACE((777,72,71));
#3618=IFCINDEXEDPOLYGONALFACE((492,491,769));
#3619=IFCINDEXEDPOLYGONALFACE((790,816,815));
#3620=IFCINDEXEDPOLYGONALFACE((816,790,749));
#3621=IFCINDEXEDPOLYGONALFACE((788,814,813));
#3622=IFCINDEXEDPOLYGONALFACE((770,767,492));
#3623=IFCINDEXEDPOLYGONALFACE((752,753,782));
#3624=IFCINDEXEDPOLYGONALFACE((780,751,779));
#3625=IFCINDEXEDPOLYGONALFACE((71,778,777));
#3626=IFCINDEXEDPOLYGONALFACE((741,804,776));
#3627=IFCINDEXEDPOLYGONALFACE((826,801,759));
#3628=IFCINDEXEDPOLYGONALFACE((828,760,802));
#3629=IFCINDEXEDPOLYGONALFACE((743,806,830));
#3630=IFCINDEXEDPOLYGONALFACE((734,817,792));
#3631=IFCINDEXEDPOLYGONALFACE((788,813,733));
#3632=IFCINDEXEDPOLYGONALFACE((762,763,807));
#3633=IFCINDEXEDPOLYGONALFACE((794,820,819));
#3634=IFCINDEXEDPOLYGONALFACE((820,794,765));
#3635=IFCINDEXEDPOLYGONALFACE((811,746,785));
#3636=IFCINDEXEDPOLYGONALFACE((831,732,810));
#3637=IFCINDEXEDPOLYGONALFACE((767,493,492));
#3638=IFCINDEXEDPOLYGONALFACE((71,70,768));
#3639=IFCINDEXEDPOLYGONALFACE((729,808,831));
#3640=IFCINDEXEDPOLYGONALFACE((769,770,492));
#3641=IFCINDEXEDPOLYGONALFACE((754,767,770));
#3642=IFCINDEXEDPOLYGONALFACE((768,756,778));
#3643=IFCINDEXEDPOLYGONALFACE((770,771,773));
#3644=IFCINDEXEDPOLYGONALFACE((771,742,773));
#3645=IFCINDEXEDPOLYGONALFACE((773,754,770));
#3646=IFCINDEXEDPOLYGONALFACE((754,773,772));
#3647=IFCINDEXEDPOLYGONALFACE((775,741,772));
#3648=IFCINDEXEDPOLYGONALFACE((742,774,775));
#3649=IFCINDEXEDPOLYGONALFACE((795,739,802));
#3650=IFCINDEXEDPOLYGONALFACE((795,740,776));
#3651=IFCINDEXEDPOLYGONALFACE((775,804,741));
#3652=IFCINDEXEDPOLYGONALFACE((780,778,756));
#3653=IFCINDEXEDPOLYGONALFACE((780,779,778));
#3654=IFCINDEXEDPOLYGONALFACE((781,782,805));
#3655=IFCINDEXEDPOLYGONALFACE((805,782,753));
#3656=IFCINDEXEDPOLYGONALFACE((751,780,782));
#3657=IFCINDEXEDPOLYGONALFACE((781,751,782));
#3658=IFCINDEXEDPOLYGONALFACE((809,745,783));
#3659=IFCINDEXEDPOLYGONALFACE((832,808,764));
#3660=IFCINDEXEDPOLYGONALFACE((729,810,783));
#3661=IFCINDEXEDPOLYGONALFACE((743,812,785));
#3662=IFCINDEXEDPOLYGONALFACE((787,813,814));
#3663=IFCINDEXEDPOLYGONALFACE((787,730,813));
#3664=IFCINDEXEDPOLYGONALFACE((817,731,791));
#3665=IFCINDEXEDPOLYGONALFACE((789,815,816));
#3666=IFCINDEXEDPOLYGONALFACE((789,747,815));
#3667=IFCINDEXEDPOLYGONALFACE((762,818,791));
#3668=IFCINDEXEDPOLYGONALFACE((793,819,820));
#3669=IFCINDEXEDPOLYGONALFACE((793,748,819));
#3670=IFCINDEXEDPOLYGONALFACE((804,795,776));
#3671=IFCINDEXEDPOLYGONALFACE((774,739,795));
#3672=IFCINDEXEDPOLYGONALFACE((821,738,796));
#3673=IFCINDEXEDPOLYGONALFACE((735,823,796));
#3674=IFCINDEXEDPOLYGONALFACE((824,734,798));
#3675=IFCINDEXEDPOLYGONALFACE((800,733,825));
#3676=IFCINDEXEDPOLYGONALFACE((833,738,822));
#3677=IFCINDEXEDPOLYGONALFACE((800,825,834));
#3678=IFCINDEXEDPOLYGONALFACE((826,827,758));
#3679=IFCINDEXEDPOLYGONALFACE((760,740,802));
#3680=IFCINDEXEDPOLYGONALFACE((739,803,828));
#3681=IFCINDEXEDPOLYGONALFACE((828,827,760));
#3682=IFCINDEXEDPOLYGONALFACE((774,804,775));
#3683=IFCINDEXEDPOLYGONALFACE((753,736,805));
#3684=IFCINDEXEDPOLYGONALFACE((829,805,736));
#3685=IFCINDEXEDPOLYGONALFACE((807,761,818));
#3686=IFCINDEXEDPOLYGONALFACE((761,807,806));
#3687=IFCINDEXEDPOLYGONALFACE((830,807,763));
#3688=IFCINDEXEDPOLYGONALFACE((809,783,810));
#3689=IFCINDEXEDPOLYGONALFACE((811,809,746));
#3690=IFCINDEXEDPOLYGONALFACE((810,729,831));
#3691=IFCINDEXEDPOLYGONALFACE((809,810,784));
#3692=IFCINDEXEDPOLYGONALFACE((811,785,812));
#3693=IFCINDEXEDPOLYGONALFACE((809,811,745));
#3694=IFCINDEXEDPOLYGONALFACE((812,743,830));
#3695=IFCINDEXEDPOLYGONALFACE((811,812,786));
#3696=IFCINDEXEDPOLYGONALFACE((825,813,730));
#3697=IFCINDEXEDPOLYGONALFACE((816,814,750));
#3698=IFCINDEXEDPOLYGONALFACE((787,814,749));
#3699=IFCINDEXEDPOLYGONALFACE((819,815,747));
#3700=IFCINDEXEDPOLYGONALFACE((790,815,748));
#3701=IFCINDEXEDPOLYGONALFACE((814,816,749));
#3702=IFCINDEXEDPOLYGONALFACE((789,816,750));
#3703=IFCINDEXEDPOLYGONALFACE((817,791,818));
#3704=IFCINDEXEDPOLYGONALFACE((824,817,734));
#3705=IFCINDEXEDPOLYGONALFACE((818,762,807));
#3706=IFCINDEXEDPOLYGONALFACE((817,818,792));
#3707=IFCINDEXEDPOLYGONALFACE((815,819,748));
#3708=IFCINDEXEDPOLYGONALFACE((794,819,747));
#3709=IFCINDEXEDPOLYGONALFACE((832,820,765));
#3710=IFCINDEXEDPOLYGONALFACE((821,796,823));
#3711=IFCINDEXEDPOLYGONALFACE((822,821,737));
#3712=IFCINDEXEDPOLYGONALFACE((799,833,737));
#3713=IFCINDEXEDPOLYGONALFACE((822,737,833));
#3714=IFCINDEXEDPOLYGONALFACE((823,735,829));
#3715=IFCINDEXEDPOLYGONALFACE((821,823,797));
#3716=IFCINDEXEDPOLYGONALFACE((824,798,833));
#3717=IFCINDEXEDPOLYGONALFACE((817,824,731));
#3718=IFCINDEXEDPOLYGONALFACE((813,825,733));
#3719=IFCINDEXEDPOLYGONALFACE((827,826,759));
#3720=IFCINDEXEDPOLYGONALFACE((800,826,758));
#3721=IFCINDEXEDPOLYGONALFACE((760,827,759));
#3722=IFCINDEXEDPOLYGONALFACE((803,758,827));
#3723=IFCINDEXEDPOLYGONALFACE((739,828,802));
#3724=IFCINDEXEDPOLYGONALFACE((827,828,803));
#3725=IFCINDEXEDPOLYGONALFACE((823,829,736));
#3726=IFCINDEXEDPOLYGONALFACE((781,829,735));
#3727=IFCINDEXEDPOLYGONALFACE((830,744,812));
#3728=IFCINDEXEDPOLYGONALFACE((807,830,806));
#3729=IFCINDEXEDPOLYGONALFACE((832,831,808));
#3730=IFCINDEXEDPOLYGONALFACE((820,832,764));
#3731=IFCINDEXEDPOLYGONALFACE((824,833,799));
#3732=IFCINDEXEDPOLYGONALFACE((738,833,798));
#3733=IFCINDEXEDPOLYGONALFACE((801,834,825));
#3734=IFCINDEXEDPOLYGONALFACE((826,800,834));
#3735=IFCCARTESIANPOINTLIST3D(((199.99999999999582,142.50000000000387,1100.0000000000027),(199.99999999999571,130.00000000000387,1100.0000000000025),(199.99999999999579,130.00000000000387,1850.0000000000014),(199.99999999999588,142.50000000000387,1850.0000000000011),(211.99999999999557,129.00000000000375,1112.0000000000023),(211.99999999999571,142.50000000000375,1112.0000000000025),(211.99999999999577,142.50000000000375,1838.0000000000011),(211.99999999999562,129.00000000000381,1838.0000000000016),(206.99999999999562,124.00000000000381,1107.0000000000025),(210.53553390592836,125.46446609407108,1110.5355339059352),(210.53553390592845,125.4644660940712,1839.4644660940685),(206.99999999999562,124.00000000000381,1843.0000000000011),(206.99999999999565,124.00000000000381,1419.3075431547024),(206.99999999999562,124.00000000000381,1263.1537715773525),(206.99999999999565,124.00000000000381,1686.8462284226512),(211.99999999999559,129.00000000000381,1475.0000000000018),(211.99999999999559,129.00000000000381,1293.500000000002),(211.99999999999559,129.00000000000381,1656.5000000000016),(211.99999999999559,129.00000000000381,1384.2500023187042),(211.99999999999559,129.00000000000381,1202.7499976812999),(211.99999999999559,129.00000000000381,1747.2500023187038),(206.99999999999562,124.00000000000381,1185.0768857886774),(206.99999999999562,124.00000000000381,1764.9231142113263),(206.99999999999565,124.00000000000381,1341.2306573660273),(206.99999999999565,124.00000000000381,1553.0768857886767),(206.99999999999557,124.00000000000381,1619.9615676673559),(206.99999999999562,124.00000000000381,1486.1922039099977),(211.99999999999559,129.00000000000381,1565.7499976812992),(211.99999999999559,129.00000000000381,1792.6250011593525),(211.99999999999559,129.00000000000381,1157.374998840651),(206.99999999999562,124.00000000000381,1803.9615571056636),(206.99999999999562,124.00000000000381,1146.0384428943398),(211.99999999999559,129.00000000000381,1520.3749988406505),(210.24557424405063,125.19654790666458,1784.4423361536976),(210.50860417673107,125.43773994057607,1755.2329112496145),(211.99999999999559,129.00000000000381,1701.8749988406503),(206.99999999999562,124.00000000000381,1725.8846713169887),(211.99999999999559,129.00000000000381,1724.5625005796771),(210.50719586852478,125.43635339297725,1713.2187512209796),(210.85851009537228,125.82007864187619,1681.6454542088745),(206.99999999999562,124.00000000000381,1653.4038980450036),(211.99999999999559,129.00000000000381,1611.1250011593527),(210.63467528292603,125.56646893306204,1636.6827269335699),(211.99999999999559,129.00000000000381,1818.4807825558164),(210.4031900925425,125.3369006027733,1607.2713608623837),(206.99999999999557,124.00000000000381,1586.5192372897084),(210.29393065398594,125.23834865429103,1569.7980566010629),(210.582194101325,125.51175037871798,1537.5337040014028),(206.99999999999557,124.00000000000381,1519.6345342876452),(210.55796678217436,125.48704221817492,1502.9133862763911),(210.39309715992891,125.32754963774535,1473.5763820200298),(211.99999999999559,129.00000000000381,1429.6250011593531),(206.99999999999562,124.00000000000381,1452.7498735323497),(210.31715875577038,125.25881599103197,1436.0287159450481),(206.99999999999562,124.00000000000381,1380.2691002603647),(210.61937327323429,125.55034246497728,1403.1400713948699),(211.99999999999559,129.00000000000381,1338.874998840651),(210.62116256538943,125.55222076185787,1360.7498844744127),(210.37487685231034,125.31079870003249,1811.9624448590539),(210.49969360486571,125.42898548420705,1331.5398599702717),(206.99999999999557,124.00000000000381,1302.19221447169),(210.2933958806542,125.2378804413958,1282.6729992808155),(211.99999999999559,129.00000000000381,1248.1250011593534),(206.99999999999562,124.00000000000381,1224.1153286830149),(210.48412623517842,125.41379526835357,1253.729558352321),(211.99999999999557,129.00000000000381,1225.4374994203265),(210.5605614496919,125.48967207188421,1214.0937555749936),(210.87033408471288,125.83448044190982,1182.6815484474275),(210.48210710611735,125.41183471653426,1154.3373048313283),(191.99999999999554,126.00000000000392,1092.0000000000023),(192.58578643762243,124.58578643763087,1092.5857864376292),(193.99999999999557,124.00000000000394,1094.0000000000023),(193.99999999999557,124.00000000000392,1856.0000000000014),(192.58578643762243,124.58578643763089,1857.4142135623747),(191.99999999999554,126.00000000000392,1858.0000000000016),(191.99999999999554,126.00000000000392,1475.000000000002),(191.99999999999554,126.00000000000392,1283.5000000000023),(191.99999999999554,126.00000000000392,1666.5000000000016),(193.99999999999557,124.00000000000392,1475.000000000002),(193.99999999999557,124.00000000000392,1284.500000000002),(193.99999999999557,124.00000000000392,1665.5000000000018),(193.99999999999557,124.00000000000392,1760.7499978567516),(191.99999999999554,126.00000000000392,1762.2500000000016),(191.99999999999554,126.00000000000394,1714.3749975925716),(193.99999999999557,124.00000000000392,1713.1249989283765),(193.99999999999557,124.00000000000394,1189.2500021432525),(191.99999999999554,126.00000000000392,1187.7500000000023),(191.99999999999554,126.00000000000392,1141.3801567472262),(193.99999999999557,124.00000000000394,1141.6250032148776),(193.99999999999557,124.00000000000392,1570.2500021432518),(191.99999999999554,126.00000000000394,1570.7500000000018),(191.99999999999554,126.00000000000392,1522.8749975925714),(193.99999999999557,124.00000000000392,1522.6250032148769),(193.99999999999557,124.00000000000394,1379.7499978567519),(191.99999999999554,126.00000000000394,1379.250000000002),(191.99999999999554,126.00000000000392,1331.3749975925716),(193.99999999999557,124.00000000000394,1332.1249989283772),(193.99999999999557,124.00000000000392,1808.3749967851263),(191.99999999999554,126.00000000000392,1810.1250024074318),(191.99999999999554,126.00000000000392,1786.1874987962863),(193.99999999999557,124.00000000000392,1784.562497320939),(193.99999999999557,124.00000000000394,1118.6900832478887),(191.99999999999554,126.00000000000392,1116.6900759661839),(191.99999999999554,126.00000000000392,1104.3450379830931),(193.99999999999557,124.00000000000392,1831.309916752115),(191.99999999999554,126.00000000000392,1834.0625012037167),(191.99999999999554,126.00000000000392,1822.0937542130048),(193.99999999999557,124.00000000000392,1236.8750010716274),(191.99999999999554,126.00000000000394,1235.6250024074325),(191.99999999999554,126.00000000000392,1211.6874987962869),(193.99999999999557,124.00000000000394,1213.0625016074398),(191.99999999999548,126.00000000000394,1618.6250024074322),(193.99999999999557,124.00000000000392,1617.8750010716271),(193.99999999999557,124.00000000000394,1641.6875005358145),(191.99999999999554,126.00000000000392,1642.5625012037169),(193.99999999999557,124.00000000000392,1427.3749967851268),(191.99999999999554,126.00000000000392,1427.1250024074322),(191.99999999999554,126.00000000000394,1403.1874987962867),(193.99999999999557,124.00000000000394,1403.5624973209394),(193.99999999999557,124.00000000000392,1106.3450394806955),(193.99999999999557,124.00000000000392,1843.6549605193081),(193.99999999999557,124.00000000000392,1498.8124994641894),(191.99999999999554,126.00000000000394,1498.9374987962869),(191.99999999999554,126.00000000000392,1486.9687518055746),(191.99999999999554,126.00000000000392,1451.0625012037171),(193.99999999999557,124.00000000000392,1451.1875005358147),(193.99999999999557,124.00000000000392,1463.0937524111584),(191.99999999999554,126.00000000000392,1690.4374987962863),(193.99999999999557,124.00000000000392,1689.3124994641892),(193.99999999999557,124.00000000000392,1701.2187470530328),(193.99999999999557,124.00000000000392,1546.4375026790644),(191.99999999999559,126.00000000000392,1546.8125012037169),(191.99999999999554,126.00000000000394,1534.8437493981444),(193.99999999999557,124.00000000000392,1308.3124994641896),(191.99999999999554,126.00000000000392,1307.4374987962872),(191.99999999999554,126.00000000000394,1295.4687518055748),(193.99999999999557,124.00000000000392,1355.9374983925643),(191.99999999999554,126.00000000000394,1355.3125012037171),(191.99999999999554,126.00000000000392,1343.3437493981446),(191.99999999999554,126.00000000000392,1259.5625012037174),(193.99999999999557,124.00000000000392,1260.6875005358147),(193.99999999999557,124.00000000000392,1272.5937481246581),(193.99999999999557,124.00000000000392,1594.0625016074396),(191.99999999999554,126.00000000000392,1594.6874987962867),(191.99999999999554,126.00000000000392,1582.718746990714),(191.99999999999554,126.00000000000392,1845.6549620169108),(191.99999999999554,126.00000000000392,1738.3125012037167),(193.99999999999557,124.00000000000392,1736.9374983925641),(193.99999999999557,124.00000000000392,1748.8437459814077),(193.99999999999557,124.00000000000394,1165.4375026790651),(191.99999999999554,126.00000000000392,1164.5650783736141),(191.99999999999554,126.00000000000392,1152.9726175604201),(192.61016452443599,124.56182151633922,1158.7688511731692),(193.99999999999557,124.00000000000392,1819.8424567686207),(191.99999999999554,126.00000000000392,1702.4062457869989),(191.99999999999554,126.00000000000392,1271.5312481944295),(191.99999999999554,126.00000000000392,1750.2812530092897),(192.61098670047789,124.56102743120249,1301.4531277840092),(192.60339039528486,124.56839893405368,1349.3281275799832),(192.59971214264215,124.57199652782731,1576.7343764420414),(192.58578637171556,124.58578650353778,1480.984376935045),(192.58244736528206,124.589133412471,1457.1406268939293),(192.59259276507444,124.57901271114747,1528.8593766896174),(192.63265051951063,124.5404262957267,1825.5761908519032),(192.58989078956029,124.58169396298457,1443.7497883275942),(192.54379062121157,124.62906811068866,1839.8587302908738),(192.61300249643082,124.55908434490637,1695.2656257883514),(191.99999999999554,126.00000000000392,1678.4687518055744),(192.61490579577921,124.55725468448692,1672.4843759432167),(192.61023591963271,124.56175252445141,1278.5468776089806),(192.57784104115913,124.59377672619524,1515.5809936014903),(192.55925816333499,124.61282194362622,1171.9068906977182),(192.55631948324432,124.6158805811846,1708.39062575713),(193.99999999999557,124.00000000000394,1725.0312508037202),(191.99999999999554,126.00000000000394,1726.3437493981442),(192.61702883916374,124.5552194740044,1730.9843756203068),(192.55893097661698,124.61316184439286,1265.5468779088578),(193.99999999999557,124.00000000000394,1248.7812529469713),(191.99999999999554,126.00000000000392,1247.593754213005),(192.61436109118372,124.55777782073098,1242.8281276738098),(192.55253893193557,124.61983462714072,1744.2968755692482),(192.5705288368062,124.60121045414289,1563.5984797044005),(192.62091150501058,124.55151288476951,1230.0052549518421),(192.56709887608446,124.60472426772218,1362.3958331664833),(192.63251706677428,124.5405513276113,1112.5175596904342),(191.99999999999554,126.00000000000394,1129.0351187641354),(192.59265505270164,124.57895102149324,1135.2076399695161),(192.56067055568988,124.61135650696667,1314.3902575982117),(192.55766447038019,124.6144790799132,1659.6097426447068),(191.99999999999554,126.00000000000392,1463.0312481944293),(193.99999999999557,124.00000000000392,1486.9062475888456),(192.66816888852875,124.507945748132,1469.0613402685126),(193.99999999999557,124.00000000000392,1534.5312550902208),(191.99999999999554,126.00000000000392,1223.6562506018599),(193.99999999999557,124.00000000000392,1153.5312550902215),(193.99999999999557,124.00000000000394,1296.406251875346),(193.99999999999557,124.00000000000392,1344.0312508037209),(193.99999999999557,124.00000000000392,1582.1562540185957),(192.69866968906533,124.48127045796748,1289.9997280006871),(193.99999999999557,124.00000000000392,1224.9687491962834),(193.99999999999557,124.00000000000392,1320.2187470530332),(191.99999999999554,126.00000000000392,1319.4062457869991),(191.99999999999554,126.00000000000394,1654.5312481944291),(193.99999999999557,124.00000000000392,1653.5937481246578),(193.99999999999557,124.00000000000392,1677.4062518753458),(192.70256404364267,124.47794220242767,1683.8757023085386),(192.47606454502053,124.70477000920303,1719.7187903981996),(192.70284380869609,124.47770376885397,1254.2151876862604),(191.99999999999554,126.00000000000392,1367.2812530092899),(192.65420334609695,124.52053003871529,1146.9844232948881),(192.69430004238086,124.48502553794695,1123.8762778389284),(193.99999999999557,124.00000000000394,1130.1575432313832),(193.99999999999557,124.00000000000394,1177.3437502679085),(191.99999999999554,126.00000000000394,1558.7812530092899),(193.99999999999557,124.00000000000392,1558.3437502679083),(193.99999999999557,124.00000000000392,1367.8437459814079),(191.99999999999554,126.00000000000394,1510.9062457869989),(193.99999999999557,124.00000000000392,1510.7187513395334),(191.99999999999554,126.00000000000392,1439.0937542130048),(193.99999999999557,124.00000000000392,1439.2812486604707),(191.99999999999554,126.00000000000392,1176.1575391868082),(191.99999999999554,126.00000000000392,1798.1562506018593),(193.99999999999557,124.00000000000392,1796.4687449097823),(192.54659947105586,124.62609064983639,1804.1406252556376),(192.62340696566071,124.54914107584185,1790.5156253397452),(191.99999999999554,126.00000000000392,1774.2187469907137),(193.99999999999557,124.00000000000392,1772.6562497320951),(192.55010915926778,124.6223873730388,1768.2343754438664),(192.50842028325201,124.66763745602452,1756.2651537416868),(192.71568965727008,124.46685064538502,1779.3336779149606),(192.75172762712455,124.43736885890662,1814.7958101972897),(191.99999999999554,126.00000000000392,1199.7187469907142),(193.99999999999557,124.00000000000394,1201.1562540185964),(192.55131502962257,124.6211193464971,1193.734377847396),(192.61833782397051,124.55396762438379,1207.1093776188586),(192.69964473549931,124.48043552749976,1218.5564679974598),(192.45525859703557,124.72965595291224,1182.8166189105204),(193.99999999999557,124.00000000000392,1629.7812529469707),(191.99999999999554,126.00000000000392,1630.5937542130046),(192.60450716037897,124.5673103146293,1623.828126123469),(191.99999999999559,126.00000000000392,1606.656250601859),(192.60339043240663,124.56839889783926,1600.6718763177041),(192.56437455710409,124.60752752712607,1636.5781261319623),(192.51143431477016,124.66427091041673,1588.7045442773695),(193.99999999999557,124.00000000000392,1605.9687491962832),(192.69093612101943,124.48793129760973,1612.249598374822),(192.48592892757213,124.69325259225802,1648.0915687080485),(191.99999999999554,126.00000000000392,1391.218746990714),(193.99999999999557,124.00000000000392,1391.6562497320958),(192.59543103618194,124.57620716890401,1397.6093771578155),(191.99999999999554,126.00000000000392,1415.1562506018597),(192.59259274320661,124.57901273280628,1421.1406272359861),(192.67947231265589,124.49793254913186,1409.3760056030592),(193.99999999999557,124.00000000000392,1415.4687449097828),(192.69143107220896,124.4875029384427,1432.4463723550527),(192.56844156707305,124.60334669544744,1336.9844035552658),(192.45836099872065,124.72589278718863,1325.6913115826278),(192.57686803871326,124.59476143635121,1541.2585012991271),(192.74810359998088,124.44027072746005,1552.4333122290427),(192.58835297326698,124.58322455134298,1503.4893953245869),(192.70948691250399,124.47206807383284,1492.2355296990406),(192.59672184523166,124.57493494171275,1374.5992479289464),(192.69440041319288,124.48493903788372,1386.1048458909797),(191.99999999999559,130.00000000000395,1092.0000000000025),(191.99999999999554,130.00000000000395,1858.0000000000016),(799.99999999999568,130.0000000000019,1850.0000000000014),(799.99999999999545,142.5000000000019,1850.0000000000014),(787.99999999999523,142.50000000000188,1838.0000000000011),(787.99999999999523,129.00000000000193,1838.0000000000011),(789.46446609406246,125.46446609406921,1839.4644660940685),(792.99999999999534,124.0000000000019,1843.0000000000014),(519.30754890026685,124.00000000000281,1843.0000000000014),(363.15377445013132,124.0000000000033,1843.0000000000011),(636.84623891252113,124.00000000000242,1843.0000000000014),(499.99999999999551,129.00000000000284,1838.0000000000011),(355.99999833534417,129.00000000000333,1838.0000000000016),(644.0000016646469,129.00000000000239,1838.0000000000011),(714.92311945625818,124.00000000000216,1843.0000000000011),(716.00000083232101,129.00000000000216,1838.0000000000011),(748.96155865388073,129.00000000000205,1838.0000000000011),(285.07688054373295,124.00000000000355,1843.0000000000011),(283.99999916767001,129.00000000000355,1838.0000000000011),(319.99999875150706,129.00000000000344,1838.0000000000011),(246.0384402718644,124.00000000000368,1843.0000000000011),(753.96155972812676,124.00000000000203,1843.0000000000014),(251.03844134611023,129.00000000000367,1838.0000000000011),(427.99999750301834,129.0000000000031,1838.0000000000011),(441.23066835652969,124.00000000000304,1843.0000000000011),(402.19221472199985,124.00000000000318,1843.0000000000011),(578.07689390639393,124.0000000000026,1843.0000000000011),(572.00000249697268,129.00000000000261,1838.0000000000011),(608.00000208080974,129.00000000000253,1838.0000000000011),(324.1153341782628,124.00000000000344,1843.0000000000011),(732.48077923523999,125.43202487640329,1839.4972077541806),(267.51922671674953,125.43202492360382,1839.4972077061034),(675.8846791843896,124.0000000000023,1843.0000000000014),(680.00000124848384,129.00000000000227,1838.0000000000011),(298.96627819675268,125.49220318617839,1839.4369449186254),(701.03372488270986,125.4922031351837,1839.4369449688279),(391.99999791918128,129.00000000000321,1838.0000000000011),(338.00000478681153,125.58303908927417,1839.3497427303628),(367.19845931951892,125.56274041601932,1839.3688505191467),(662.00000145810895,125.58303904885416,1839.3497427681984),(632.80154547094457,125.5627404271988,1839.3688505085631),(607.46155972812687,124.0000000000025,1843.0000000000011),(592.76922416232514,125.47882077854102,1839.4501694561093),(561.63898902327276,125.32267133647748,1839.6121903978517),(536.00000291313552,129.00000000000276,1838.0000000000011),(548.69222808466088,124.0000000000027,1843.0000000000011),(760.96012136651598,125.66955430510974,1839.2706392674663),(239.03988171321038,125.66955446263398,1839.2706391267932),(410.00000405757754,125.70590640894282,1839.2384913381295),(439.04344431871556,125.57016969742314,1839.3618323161932),(480.26910862839821,124.00000000000293,1843.0000000000011),(463.99999708685539,129.00000000000298,1838.0000000000011),(518.00000294195286,125.76232045869891,1839.1898253074414),(488.39725603568985,125.52594521736891,1839.4040379079793),(805.99999999999545,124.00000000000196,1856.0000000000014),(807.41421356236867,124.5857864376289,1857.4142135623747),(807.99999999999511,126.00000000000195,1858.0000000000016),(499.99999815445523,126.00000000000293,1858.0000000000016),(345.99999723168537,126.00000000000344,1858.0000000000016),(653.9999990772252,126.00000000000244,1858.0000000000016),(499.99999829632827,124.00000000000294,1856.0000000000014),(347.00000085182916,124.00000000000344,1856.0000000000014),(652.99999914816181,124.00000000000246,1856.0000000000014),(729.49999787041145,124.0000000000022,1856.0000000000014),(730.99999953861015,126.00000000000219,1858.0000000000016),(692.50000115345779,126.00000000000232,1858.0000000000016),(691.24999680561939,124.00000000000233,1856.0000000000014),(270.4999987222451,124.00000000000368,1856.0000000000011),(269.00000046138047,126.00000000000367,1858.0000000000016),(241.38015804688874,126.00000000000375,1858.0000000000016),(232.24999765745309,124.00000000000381,1856.0000000000011),(576.50000042591228,124.0000000000027,1856.0000000000014),(576.99999861584024,126.00000000000269,1858.0000000000016),(538.50000023068776,126.00000000000281,1858.0000000000016),(538.24999936112033,124.00000000000283,1856.0000000000014),(423.49999957407869,124.00000000000318,1856.0000000000014),(422.99999769307038,126.00000000000318,1858.0000000000016),(384.49999930791785,126.0000000000033,1858.0000000000016),(385.25000191662122,124.00000000000331,1856.0000000000014),(767.74999893520339,124.00000000000207,1856.0000000000014),(769.49999792376263,126.00000000000206,1858.0000000000016),(750.2499968856464,126.00000000000212,1858.0000000000014),(216.69008086898208,126.00000000000384,1858.0000000000016),(213.12499712505709,124.00000000000388,1856.0000000000014),(783.30992282208854,126.00000000000202,1858.0000000000016),(786.87499946759954,124.00000000000202,1856.0000000000014),(308.74999978703721,124.00000000000355,1856.0000000000011),(307.49999884653295,126.00000000000355,1858.0000000000016),(288.25000149949665,126.00000000000361,1858.0000000000016),(614.75000149070434,124.00000000000257,1856.0000000000014),(615.49999700099272,126.00000000000256,1858.0000000000016),(596.24999596287648,126.00000000000263,1858.0000000000016),(461.49999607822275,126.00000000000307,1858.0000000000016),(461.74999723153627,124.00000000000306,1856.0000000000014),(480.87499776393224,124.00000000000301,1856.0000000000014),(204.34504228002879,126.00000000000388,1858.0000000000016),(795.65496141104177,126.00000000000198,1858.0000000000016),(206.34503524277449,124.00000000000389,1856.0000000000014),(209.73502011453752,124.62535314901875,1857.4527030099373),(222.68749739125508,124.00000000000384,1856.0000000000011),(229.03511945793545,126.00000000000381,1858.0000000000016),(227.46875097722048,124.54116025439046,1857.3681325215866),(251.37499818984909,124.00000000000375,1856.0000000000011),(239.99189208767217,124.46289292593096,1857.2795709604547),(255.19007925413456,126.00000000000372,1858.0000000000016),(793.654961349882,124.00000000000199,1856.0000000000014),(790.26498035086342,124.62535319089342,1857.4527030495638),(777.31249920140135,124.00000000000205,1856.0000000000014),(772.53125022699749,124.555724780186,1857.3834988577621),(748.62499840280736,124.00000000000213,1856.0000000000014),(758.31179473233647,124.53327045067975,1857.3596707061452),(519.24999919257152,126.00000000000286,1858.0000000000016),(519.1249988287243,124.00000000000287,1856.0000000000014),(557.37499989351636,124.00000000000276,1856.0000000000014),(557.750001268804,126.00000000000274,1858.0000000000016),(365.24999826980161,126.00000000000337,1858.0000000000016),(366.12500138422513,124.00000000000338,1856.0000000000014),(404.37500244901713,124.00000000000325,1856.0000000000014),(403.75000034603408,126.00000000000323,1858.0000000000016),(634.74999803910896,126.00000000000249,1858.0000000000016),(633.87500202310025,124.0000000000025,1856.0000000000014),(442.24999504010657,126.00000000000311,1858.0000000000016),(442.62499669914018,124.00000000000313,1856.0000000000014),(262.09504185161092,124.53567123435427,1857.362255947352),(710.37499733801531,124.00000000000226,1856.0000000000014),(711.75000219157403,126.00000000000225,1858.0000000000016),(672.12499627322336,124.00000000000239,1856.0000000000014),(673.25000011534155,126.00000000000239,1858.0000000000016),(327.87500031943313,124.0000000000035,1856.0000000000011),(326.74999619356913,126.00000000000348,1858.0000000000016),(274.08198855210691,124.61496753213601,1857.442804582387),(289.62499925464112,124.00000000000362,1856.0000000000011),(250.98272044622246,124.66824437038831,1857.4921216247319),(746.82697919020927,124.60477073070692,1857.4329463653976),(595.62500095830831,124.00000000000264,1856.0000000000014),(605.18750115586033,124.56031973614112,1857.3882797765048),(480.74999711633905,126.000000000003,1858.0000000000016),(528.87500168734528,124.59638436193308,1857.4247326558236),(509.62500180236788,124.59111048262638,1857.4195176391406),(547.8125014693419,124.57533641343198,1857.4036857430008),(566.93750136540689,124.57024375789071,1857.3984981545022),(355.62500261564509,124.62692974449347,1857.454193272381),(375.6875023144176,124.55548702385541,1857.3832506142214),(413.93750215469902,124.56523846002614,1857.3933625958116),(394.12500244886826,124.61696240266861,1857.4447169288007),(644.37500098216424,124.6269297302306,1857.4541932589148),(625.12500110084761,124.62197351259415,1857.4494974991371),(432.62500224721259,124.60677850736091,1857.4348985582417),(452.18750197114224,124.57533643662666,1857.4036857665417),(700.81250062604215,124.5370019173503,1857.3636849380121),(689.35517542563366,124.59985854989219,1857.4281470231344),(719.93750051945028,124.532588784921,1857.3589349969216),(662.56250083870634,124.54607661697507,1857.3733560340606),(337.43750242093574,124.54607664648019,1857.3733560652954),(317.12500269773949,124.636674470385,1857.4633330107308),(305.68495927088026,124.57229206277519,1857.4005891781603),(285.7234671350223,124.5662766818071,1857.394430868442),(734.75817337779131,124.55604526493151,1857.3838333436765),(586.62500133711649,124.61189712612079,1857.4398508296088),(490.43750177554818,124.58578651292733,1857.414213637672),(471.12500202903237,124.59638435837211,1857.4247326523152),(677.26699370660083,124.56306900259956,1857.3911251951952),(327.23528811286104,124.49196033532658,1857.3137033035525),(807.99999999999511,130.00000000000196,1858.0000000000014),(799.99999999999568,130.0000000000019,1100.000000000002),(799.99999999999568,142.5000000000019,1100.000000000002),(787.99999999999511,142.5000000000019,1112.0000000000027),(787.99999999999523,129.00000000000193,1112.0000000000027),(789.46446609406235,125.46446609406922,1110.5355339059354),(792.99999999999545,124.0000000000019,1107.0000000000025),(792.99999999999511,124.0000000000019,1530.6924499480961),(792.99999999999511,124.0000000000019,1686.8462355357174),(792.99999999999545,124.0000000000019,1263.1537644642863),(787.99999999999523,129.00000000000193,1475.0000023187044),(787.99999999999523,129.00000000000193,1656.5000011593527),(787.99999999999523,129.00000000000193,1293.499998840651),(787.99999999999523,129.00000000000193,1565.749999420326),(787.99999999999523,129.00000000000193,1747.2500028983795),(787.99999999999523,129.00000000000193,1202.7500017390291),(792.99999999999511,124.0000000000019,1764.9231177678594),(792.99999999999545,124.0000000000019,1185.0768822321445),(792.99999999999511,124.0000000000019,1608.7693533035751),(792.99999999999534,124.0000000000019,1396.9231072061912),(792.99999999999534,124.0000000000019,1330.0384252735701),(792.99999999999511,124.0000000000019,1463.8077891388123),(787.99999999999523,129.00000000000193,1384.2500005796776),(787.99999999999523,129.00000000000193,1157.3749985508134),(787.99999999999523,129.00000000000193,1792.6250014491902),(792.99999999999545,124.0000000000019,1146.0384411160733),(792.999999999995,124.0000000000019,1803.9615588839301),(787.99999999999523,129.00000000000193,1429.6249991304885),(789.75442575594025,125.19654790666262,1165.557663846306),(789.49139582325984,125.43773994057405,1194.7670887503903),(787.99999999999523,129.00000000000193,1248.1250002898403),(792.99999999999545,124.0000000000019,1224.1153233482155),(787.99999999999523,129.00000000000193,1225.4375033331373),(789.49280413146607,125.43635339297529,1236.7812487790243),(789.14148990461854,125.82007864187426,1268.3545457911307),(792.99999999999534,124.0000000000019,1296.5960843072594),(787.99999999999523,129.00000000000193,1338.8750020288669),(789.36532471706471,125.56646893306005,1313.3172730664335),(787.99999999999523,129.00000000000193,1131.519221956911),(789.59680990744835,125.33690060277134,1342.7286391376208),(792.99999999999534,124.0000000000019,1363.4807662398807),(789.70606934600482,125.23834865428911,1380.2019433989408),(789.41780589866573,125.51175037871602,1412.4662959986015),(792.99999999999534,124.0000000000019,1430.3654481725018),(789.4420332178164,125.48704221817297,1447.0866137236126),(789.60690284006193,125.32754963774342,1476.4236179799746),(787.99999999999511,129.00000000000193,1520.3750008695151),(792.99999999999511,124.0000000000019,1497.2501301051229),(789.6828412442203,125.25881599103005,1513.9712840549553),(792.99999999999511,124.0000000000019,1569.7308910641668),(789.38062672675653,125.55034246497534,1546.8599286051342),(787.99999999999523,129.00000000000193,1611.1250026085422),(789.37883743460134,125.55222076185596,1589.2501155255907),(789.6251231476806,125.3107987000304,1138.03755514095),(789.50030639512499,125.42898548420516,1618.460140029732),(792.99999999999511,124.0000000000019,1647.8077944196461),(789.70660411933648,125.23788044139391,1667.3270007191879),(787.99999999999523,129.00000000000193,1701.8749997101638),(792.99999999999511,124.0000000000019,1725.8846766517884),(789.51587376481234,125.41379526835168,1696.2704416476824),(787.99999999999523,129.00000000000193,1724.5625013042718),(789.43943855029886,125.48967207188234,1735.9062444250101),(789.12966591527777,125.83448044190794,1767.3184515525761),(789.51789289387341,125.41183471653237,1795.6626951686751),(805.99999999999545,124.00000000000196,1094.0000000000023),(807.41421356236833,124.58578643762877,1092.5857864376294),(807.99999999999557,126.00000000000195,1092.0000000000025),(807.99999999999557,126.00000000000195,1474.9999975925718),(807.99999999999557,126.00000000000195,1666.4999963888563),(807.99999999999557,126.00000000000195,1283.4999987962872),(805.99999999999545,124.00000000000196,1475.000000000002),(805.99999999999545,124.00000000000196,1665.5000000000018),(805.99999999999545,124.00000000000196,1284.500000000002),(805.99999999999545,124.00000000000196,1189.2500000000023),(807.99999999999557,126.00000000000195,1187.7499993981448),(807.99999999999557,126.00000000000195,1235.6250015046462),(805.99999999999545,124.00000000000196,1236.8750000000023),(805.99999999999545,124.00000000000196,1760.7500000000014),(807.99999999999557,126.00000000000195,1762.2500006018593),(807.99999999999557,126.00000000000195,1808.6198435631675),(805.99999999999545,124.00000000000196,1808.3750000000014),(805.99999999999545,124.00000000000196,1379.750000000002),(807.99999999999557,126.00000000000195,1379.2499981944295),(807.99999999999557,126.00000000000195,1427.1250003009309),(805.99999999999545,124.00000000000196,1427.375000000002),(805.99999999999545,124.00000000000196,1570.2500000000018),(807.99999999999557,126.00000000000195,1570.7499969907142),(807.99999999999557,126.00000000000195,1618.6249990972156),(805.99999999999545,124.00000000000196,1617.8750000000018),(805.99999999999545,124.00000000000196,1141.6250000000023),(807.99999999999557,126.00000000000195,1139.8749972916435),(807.99999999999557,126.00000000000195,1163.8125007523245),(805.99999999999545,124.00000000000196,1165.4374978567525),(805.99999999999545,124.00000000000196,1831.3099228632661),(807.99999999999557,126.00000000000195,1833.3099193741543),(807.99999999999557,126.00000000000195,1845.6549620945079),(805.99999999999545,124.00000000000196,1118.690077136738),(807.99999999999557,126.00000000000195,1115.9374986458229),(807.99999999999557,126.00000000000195,1127.9062455613027),(805.99999999999545,124.00000000000196,1713.1250000000018),(807.99999999999557,126.00000000000195,1714.3749984953577),(807.99999999999557,126.00000000000195,1738.312497141178),(805.99999999999545,124.00000000000196,1736.9374978567519),(807.99999999999557,126.00000000000195,1331.3749960879281),(805.99999999999545,124.00000000000196,1332.125000000002),(805.99999999999545,124.00000000000196,1308.3125021432518),(807.99999999999557,126.00000000000195,1307.4374974421075),(805.99999999999545,124.00000000000196,1522.625000000002),(807.99999999999557,126.00000000000195,1522.8749948842128),(807.99999999999557,126.00000000000195,1546.8124983448936),(805.99999999999545,124.00000000000196,1546.4374978567523),(805.99999999999545,124.00000000000196,1843.6549635748834),(805.99999999999545,124.00000000000196,1106.3450364251205),(805.99999999999545,124.00000000000196,1451.1874978567523),(807.99999999999557,126.00000000000195,1451.0624989467512),(807.99999999999557,126.00000000000195,1463.0312458622313),(807.99999999999557,126.00000000000195,1498.9374962383922),(805.99999999999545,124.00000000000196,1498.8125021432515),(805.99999999999545,124.00000000000196,1486.9062532148764),(807.99999999999557,126.00000000000195,1259.5625001504666),(805.99999999999545,124.00000000000196,1260.6874978567525),(805.99999999999545,124.00000000000196,1248.7812489283774),(805.99999999999545,124.00000000000196,1403.5625021432515),(807.99999999999557,126.00000000000195,1403.1874968402499),(807.99999999999557,126.00000000000195,1415.1562485705904),(805.99999999999545,124.00000000000196,1641.6874978567521),(807.99999999999557,126.00000000000195,1642.5624977430357),(807.99999999999557,126.00000000000195,1654.5312446585158),(805.99999999999545,124.00000000000196,1594.0625021432513),(807.99999999999557,126.00000000000195,1594.6874956365343),(807.99999999999557,126.00000000000195,1606.6562473668748),(807.99999999999557,126.00000000000195,1690.4374998495373),(805.99999999999545,124.00000000000196,1689.3125021432513),(805.99999999999545,124.00000000000196,1677.4062532148762),(805.99999999999545,124.00000000000196,1355.9374978567523),(807.99999999999557,126.00000000000195,1355.3124995486089),(807.99999999999557,126.00000000000195,1367.2812512789496),(807.99999999999557,126.00000000000195,1104.3450379054959),(807.99999999999557,126.00000000000195,1211.6874980439652),(805.99999999999545,124.00000000000196,1213.0625021432518),(805.99999999999545,124.00000000000196,1201.1562532148766),(805.99999999999545,124.00000000000196,1784.5625021432513),(807.99999999999557,126.00000000000195,1785.4349220825134),(807.99999999999557,126.00000000000195,1797.0273828228403),(807.38983547555506,124.56182151633722,1791.2311488268347),(805.99999999999545,124.00000000000196,1130.1575385683702),(807.99999999999557,126.00000000000195,1247.5937532349869),(807.99999999999557,126.00000000000195,1678.468748119197),(807.99999999999557,126.00000000000195,1199.7187463136247),(807.38901329951307,124.5610274312005,1648.5468722159949),(807.3966096047061,124.5683989340517,1600.6718724200209),(807.40028785734887,124.57199652782531,1373.2656235579625),(807.41421362827543,124.58578650353577,1469.0156230649591),(807.41755263470895,124.589133412469,1492.8593731060746),(807.4074072349166,124.57901271114548,1421.1406233103867),(807.36734948048047,124.5404262957247,1124.4238091481009),(807.41010921043062,124.58169396298258,1506.2502116724099),(807.45620937877948,124.62906811068665,1110.1412697091303),(807.38699750356,124.55908434490436,1254.7343742116523),(807.99999999999557,126.00000000000195,1271.5312470659467),(807.38509420421178,124.55725468448493,1277.5156240567876),(807.38976408035819,124.56175252444943,1671.4531223910235),(807.42215895883191,124.59377672619324,1434.4190063985141),(807.440741836656,124.61282194362424,1778.0931093022857),(807.44368051674667,124.61588058118258,1241.6093742428741),(805.99999999999545,124.00000000000196,1224.9687510716271),(807.99999999999557,126.00000000000195,1223.6562497743057),(807.3829711608272,124.5552194740024,1219.0156243796969),(807.4410690233741,124.61316184439089,1684.453122091146),(805.99999999999545,124.00000000000196,1701.2187510716265),(807.99999999999557,126.00000000000195,1702.406251579878),(807.38563890880721,124.55777782072899,1707.171872326194),(807.4474610680553,124.6198346271387,1205.7031244307559),(807.42947116318476,124.60121045414087,1386.4015202956036),(807.37908849498035,124.55151288476753,1719.9947450481618),(807.43290112390639,124.6047242677202,1587.6041668335208),(807.36748293321671,124.54055132760932,1837.4824403095697),(807.99999999999557,126.00000000000195,1820.9648814686609),(807.4073449472894,124.57895102149126,1814.7923600304878),(807.43932944430105,124.6113565069647,1635.6097424017923),(807.44233552961077,124.61447907991118,1290.3902573552978),(807.99999999999557,126.00000000000195,1486.9687493229123),(805.99999999999545,124.00000000000196,1463.0937467851272),(807.33183111146218,124.50794574812998,1480.9386597314915),(805.99999999999545,124.00000000000196,1415.4687510716267),(807.99999999999557,126.00000000000195,1726.343745410838),(805.99999999999545,124.00000000000196,1796.4687510716262),(805.99999999999545,124.00000000000196,1653.593746785127),(805.99999999999545,124.00000000000196,1605.9687510716265),(805.99999999999545,124.00000000000196,1367.8437467851277),(807.30133031092566,124.48127045796551,1660.000271999317),(805.99999999999545,124.00000000000196,1725.031248928377),(805.99999999999545,124.00000000000196,1629.781248928377),(807.99999999999557,126.00000000000195,1630.5937508275561),(807.99999999999557,126.00000000000195,1295.4687505266274),(805.99999999999545,124.00000000000196,1296.4062532148766),(805.99999999999545,124.00000000000196,1272.5937467851277),(807.29743595634818,124.47794220242565,1266.1242976914655),(807.52393545497046,124.70477000920104,1230.2812096018044),(807.2971561912949,124.47770376885198,1695.7848123137437),(807.99999999999557,126.00000000000195,1582.7187439061938),(807.34579665389401,124.52053003871332,1803.0155767051158),(807.30569995761016,124.48502553794498,1826.1237221610754),(805.99999999999545,124.00000000000196,1819.8424614316339),(805.99999999999545,124.00000000000196,1772.656253214876),(807.99999999999557,126.00000000000195,1391.2187451099094),(805.99999999999545,124.00000000000196,1391.6562532148764),(805.99999999999545,124.00000000000196,1582.1562532148764),(807.99999999999557,126.00000000000195,1439.0937520312714),(805.99999999999545,124.00000000000196,1439.2812489283772),(807.99999999999557,126.00000000000195,1510.9062431538721),(805.99999999999545,124.00000000000196,1510.7187510716265),(807.99999999999557,126.00000000000195,1773.8424613421864),(807.99999999999557,126.00000000000195,1151.843749021984),(805.99999999999545,124.00000000000196,1153.5312489283774),(807.45340052893516,124.62609064983437,1145.8593747443665),(807.37659303433043,124.54914107583984,1159.4843746602589),(807.99999999999557,126.00000000000195,1175.781252482665),(805.99999999999545,124.00000000000196,1177.3437467851279),(807.44989084072313,124.62238737303679,1181.7656245561375),(807.4915797167389,124.66763745602253,1193.7348462583172),(807.28431034272091,124.466850645383,1170.6663220850435),(807.24827237286638,124.43736885890462,1135.2041898027142),(807.99999999999557,126.00000000000195,1750.2812488715188),(805.99999999999545,124.00000000000196,1748.843746785127),(807.44868497036839,124.62111934649511,1756.2656221526079),(807.38166217602054,124.55396762438181,1742.8906223811452),(807.30035526449171,124.48043552749779,1731.4435320025443),(807.54474140295531,124.72965595291026,1767.1833810894834),(805.99999999999545,124.00000000000196,1320.2187510716271),(807.99999999999557,126.00000000000195,1319.4062443575876),(807.39549283961196,124.56731031462731,1326.1718738765348),(807.99999999999557,126.00000000000195,1343.3437478182684),(807.39660956758439,124.56839889783727,1349.3281236823002),(807.43562544288693,124.60752752712406,1313.4218738680415),(807.48856568522081,124.66427091041476,1361.2954557226344),(805.99999999999545,124.00000000000196,1344.0312489283772),(807.30906387897153,124.48793129760773,1337.7504016251821),(807.51407107241891,124.69325259225603,1301.9084312919556),(807.99999999999557,126.00000000000195,1558.7812500752341),(805.99999999999545,124.00000000000196,1558.3437467851272),(807.40456896380908,124.576207168902,1552.3906228421883),(807.99999999999557,126.00000000000195,1534.8437466145533),(807.40740725678427,124.57901273280427,1528.8593727640177),(807.32052768733513,124.49793254912987,1540.6239943969449),(805.99999999999545,124.00000000000196,1534.5312489283772),(807.30856892778206,124.4875029384407,1517.5536276449513),(807.43155843291788,124.60334669544545,1613.0155964447381),(807.54163900127037,124.72589278718665,1624.3086884173763),(807.4231319612777,124.59476143634919,1408.7414987008767),(807.25189640001008,124.44027072745803,1397.5666877709612),(807.41164702672393,124.58322455134099,1446.510604675417),(807.29051308748706,124.47206807383083,1457.7644703009632),(807.40327815475939,124.57493494171077,1575.4007520710575),(807.30559958679817,124.48493903788172,1563.8951541090241),(807.99999999999523,130.00000000000196,1092.0000000000025),(480.69245109972411,124.00000000000293,1107.0000000000025),(636.84622554985947,124.00000000000242,1107.0000000000027),(363.15376108746983,124.0000000000033,1107.0000000000025),(499.99999999999534,129.00000000000284,1112.0000000000027),(643.99999999999523,129.00000000000239,1112.0000000000027),(355.99999999999545,129.00000000000333,1112.0000000000027),(285.07688054373273,124.00000000000355,1107.0000000000025),(283.99999833534412,129.00000000000355,1112.0000000000025),(251.03844089482251,129.00000000000367,1112.0000000000027),(714.92311945625806,124.00000000000216,1107.0000000000025),(716.00000166464667,129.00000000000216,1112.0000000000025),(680.00000249697246,129.00000000000227,1112.0000000000027),(753.96155972812642,124.00000000000205,1107.0000000000027),(246.03844027186415,124.00000000000368,1107.0000000000025),(748.96155910516825,129.00000000000205,1112.0000000000025),(571.99999833534378,129.00000000000261,1112.0000000000025),(558.76933164346121,124.00000000000267,1107.0000000000025),(597.807785277991,124.00000000000254,1107.0000000000025),(421.92310609359703,124.00000000000311,1107.0000000000025),(428.00000166464685,129.0000000000031,1112.0000000000027),(392.00000249697268,129.00000000000321,1112.0000000000027),(675.88466582172805,124.0000000000023,1107.0000000000027),(267.51922076475086,125.4320248764048,1110.5027922458232),(732.48077328324143,125.43202492360234,1110.5027922939005),(324.11532081560119,124.00000000000344,1107.0000000000025),(319.99999750301828,129.00000000000344,1112.0000000000027),(701.03372180323822,125.49220318617709,1110.5630550813785),(298.96627511728087,125.49220313518501,1110.563055031176),(607.99999750301811,129.00000000000253,1112.0000000000027),(661.9999952131792,125.58303908927311,1110.6502572696413),(632.80154068047182,125.56274041601846,1110.6311494808572),(337.99999854188195,125.58303904885518,1110.6502572318054),(367.19845452904633,125.56274042719967,1110.6311494914405),(392.53844027186398,124.00000000000321,1107.0000000000025),(407.23077583766565,125.47882077854163,1110.5498305438946),(438.36101097671803,125.32267133647788,1110.3878096021522),(464.00000083232112,129.00000000000298,1112.0000000000025),(451.30777191532991,124.00000000000301,1107.0000000000025),(239.03987863347481,125.6695543051114,1110.7293607325375),(760.96011828678058,125.66955446263229,1110.7293608732105),(589.99999594241331,125.70590640894225,1110.7615086618744),(560.9565556812754,125.57016969742277,1110.6381676838107),(519.73089137159263,124.00000000000281,1107.0000000000025),(535.99999916766956,129.00000000000276,1112.0000000000027),(481.99999705803793,125.76232045869902,1110.8101746925624),(511.60274396430094,125.52594521736884,1110.5959620920246),(500.00000184553551,126.00000000000293,1092.0000000000025),(654.00000276830531,126.00000000000244,1092.0000000000025),(346.00000092276559,126.00000000000344,1092.0000000000025),(499.99999829632827,124.00000000000294,1094.0000000000023),(652.99999914816181,124.00000000000246,1094.0000000000023),(347.00000085182916,124.00000000000345,1094.0000000000023),(270.4999987222451,124.00000000000368,1094.0000000000023),(269.00000046138069,126.00000000000367,1092.0000000000025),(307.50000069207317,126.00000000000355,1092.0000000000025),(308.74999978703721,124.00000000000355,1094.0000000000025),(729.49999787041145,124.0000000000022,1094.0000000000023),(731.00000322969026,126.00000000000219,1092.0000000000025),(758.61984432019437,126.0000000000021,1092.0000000000025),(767.74999893520328,124.00000000000207,1094.0000000000023),(423.49999957407869,124.0000000000032,1094.0000000000023),(423.00000138415055,126.00000000000318,1092.0000000000025),(461.50000161484303,126.00000000000307,1092.0000000000025),(461.74999723153621,124.00000000000308,1094.0000000000023),(576.50000042591228,124.0000000000027,1094.0000000000023),(577.00000230692046,126.00000000000269,1092.0000000000025),(615.50000253761277,126.00000000000256,1092.0000000000025),(614.75000149070434,124.00000000000257,1094.0000000000025),(232.24999765745312,124.00000000000381,1094.0000000000023),(230.50000023068824,126.00000000000381,1092.0000000000025),(249.75000034603448,126.00000000000374,1092.0000000000025),(783.30992031455492,126.00000000000202,1092.0000000000025),(786.87499946759931,124.00000000000203,1094.0000000000023),(216.69007968543619,126.00000000000384,1092.0000000000025),(213.12499712505709,124.00000000000388,1094.0000000000023),(691.24999680561928,124.00000000000233,1094.0000000000023),(692.50000299899784,126.00000000000232,1092.0000000000025),(711.75000311434405,126.00000000000225,1092.0000000000025),(385.25000191662122,124.00000000000331,1094.0000000000023),(384.50000115345813,126.0000000000033,1092.0000000000025),(403.75000126880434,126.00000000000325,1092.0000000000025),(538.50000207622793,126.00000000000281,1092.0000000000025),(538.24999936112022,124.00000000000283,1094.0000000000023),(519.12499882872419,124.00000000000287,1094.0000000000023),(795.6549583117353,126.00000000000198,1092.0000000000025),(204.34503799717609,126.00000000000389,1092.0000000000023),(793.654961349882,124.00000000000199,1094.0000000000023),(790.26497988545339,124.62535314901687,1092.5472969900666),(777.31249920140135,124.00000000000205,1094.0000000000023),(770.96488231737465,126.00000000000206,1092.0000000000025),(772.53124902277045,124.54116025438871,1092.6318674784172),(748.62499840280736,124.00000000000215,1094.0000000000023),(760.00810791231879,124.4628929259293,1092.7204290395491),(744.80992377494238,126.00000000000215,1092.0000000000025),(206.34503865010896,124.00000000000389,1094.0000000000025),(209.73501964912759,124.62535319089528,1092.5472969504401),(222.68749739125511,124.00000000000384,1094.0000000000023),(227.46874977299356,124.55572478018775,1092.6165011422415),(251.37499818984909,124.00000000000375,1094.0000000000023),(241.68820526765441,124.53327045068141,1092.6403292938589),(480.75000173018918,126.000000000003,1092.0000000000025),(480.87499776393224,124.00000000000301,1094.0000000000023),(442.62499669914018,124.00000000000313,1094.0000000000023),(442.25000149949682,126.00000000000311,1092.0000000000025),(634.7500026529591,126.0000000000025,1092.0000000000025),(633.87500202310025,124.0000000000025,1094.0000000000023),(595.62500095830831,124.00000000000264,1094.0000000000023),(596.25000242226668,126.00000000000263,1092.0000000000025),(365.25000103811192,126.00000000000337,1092.0000000000025),(366.12500138422513,124.00000000000338,1094.0000000000025),(557.75000219157414,126.00000000000276,1092.0000000000025),(557.37499989351625,124.00000000000276,1094.0000000000025),(737.90495814837982,124.53567123435275,1092.6377440526519),(289.62499925464112,124.00000000000362,1094.0000000000023),(288.25000057672696,126.00000000000362,1092.0000000000025),(327.87500031943313,124.0000000000035,1094.0000000000023),(326.75000080741944,126.00000000000348,1092.0000000000023),(672.12499627322336,124.00000000000239,1094.0000000000023),(673.25000288365152,126.00000000000239,1092.0000000000025),(725.91801144788383,124.61496753213456,1092.5571954176169),(710.37499733801531,124.00000000000226,1094.0000000000025),(749.01727955376839,124.66824437038672,1092.5078783752722),(253.17302080978166,124.60477073070851,1092.5670536346063),(404.37500244901713,124.00000000000325,1094.0000000000023),(394.81249884413057,124.56031973614179,1092.6117202234991),(519.25000196088172,126.00000000000287,1092.0000000000025),(471.12499831264552,124.59638436193327,1092.5752673441802),(490.37499819762303,124.59111048262645,1092.5804823608635),(452.18749853064901,124.57533641343228,1092.5963142570031),(433.06249863458419,124.57024375789115,1092.6015018455016),(644.37499738434576,124.62692974449253,1092.5458067276229),(624.31249768557336,124.55548702385461,1092.6167493857822),(586.062497845292,124.5652384600256,1092.6066374041923),(605.87499755112253,124.61696240266794,1092.5552830712033),(355.62499901782678,124.62692973023155,1092.5458067410891),(374.87499889914329,124.62197351259496,1092.5505025008665),(567.37499775277831,124.60677850736047,1092.5651014417622),(547.81249802884872,124.57533643662634,1092.5963142334622),(299.1874993739487,124.53700191735157,1092.636315061992),(310.64482457435736,124.59985854989341,1092.5718529768694),(280.06249948054068,124.53258878492242,1092.6410650030825),(337.43749916128468,124.54607661697612,1092.6266439659435),(662.56249757905528,124.54607664647914,1092.6266439347085),(682.87499730225136,124.63667447038381,1092.536666989273),(694.31504072911059,124.57229206277394,1092.5994108218438),(714.27653286496832,124.56627668180572,1092.6055691315619),(265.24182662219965,124.55604526493303,1092.6161666563273),(413.37499866287453,124.61189712612135,1092.5601491703951),(509.56249822444278,124.58578651292727,1092.5857863623319),(528.87499797095847,124.59638435837192,1092.5752673476886),(322.73300629339019,124.5630690026007,1092.6088748048087),(672.76471188712992,124.49196033532546,1092.6862966964513)));
#3736=IFCPOLYGONALFACESET(#3735,.T.,(#2630,#2631,#2632,#2633,#2634,#2635,#2636,#2637,#2638,#2639,#2640,#2641,#2642,#2643,#2644,#2645,#2646,#2647,#2648,#2649,#2650,#2651,#2652,#2653,#2654,#2655,#2656,#2657,#2658,#2659,#2660,#2661,#2662,#2663,#2664,#2665,#2666,#2667,#2668,#2669,#2670,#2671,#2672,#2673,#2674,#2675,#2676,#2677,#2678,#2679,#2680,#2681,#2682,#2683,#2684,#2685,#2686,#2687,#2688,#2689,#2690,#2691,#2692,#2693,#2694,#2695,#2696,#2697,#2698,#2699,#2700,#2701,#2702,#2703,#2704,#2705,#2706,#2707,#2708,#2709,#2710,#2711,#2712,#2713,#2714,#2715,#2716,#2717,#2718,#2719,#2720,#2721,#2722,#2723,#2724,#2725,#2726,#2727,#2728,#2729,#2730,#2731,#2732,#2733,#2734,#2735,#2736,#2737,#2738,#2739,#2740,#2741,#2742,#2743,#2744,#2745,#2746,#2747,#2748,#2749,#2750,#2751,#2752,#2753,#2754,#2755,#2756,#2757,#2758,#2759,#2760,#2761,#2762,#2763,#2764,#2765,#2766,#2767,#2768,#2769,#2770,#2771,#2772,#2773,#2774,#2775,#2776,#2777,#2778,#2779,#2780,#2781,#2782,#2783,#2784,#2785,#2786,#2787,#2788,#2789,#2790,#2791,#2792,#2793,#2794,#2795,#2796,#2797,#2798,#2799,#2800,#2801,#2802,#2803,#2804,#2805,#2806,#2807,#2808,#2809,#2810,#2811,#2812,#2813,#2814,#2815,#2816,#2817,#2818,#2819,#2820,#2821,#2822,#2823,#2824,#2825,#2826,#2827,#2828,#2829,#2830,#2831,#2832,#2833,#2834,#2835,#2836,#2837,#2838,#2839,#2840,#2841,#2842,#2843,#2844,#2845,#2846,#2847,#2848,#2849,#2850,#2851,#2852,#2853,#2854,#2855,#2856,#2857,#2858,#2859,#2860,#2861,#2862,#2863,#2864,#2865,#2866,#2867,#2868,#2869,#2870,#2871,#2872,#2873,#2874,#2875,#2876,#2877,#2878,#2879,#2880,#2881,#2882,#2883,#2884,#2885,#2886,#2887,#2888,#2889,#2890,#2891,#2892,#2893,#2894,#2895,#2896,#2897,#2898,#2899,#2900,#2901,#2902,#2903,#2904,#2905,#2906,#2907,#2908,#2909,#2910,#2911,#2912,#2913,#2914,#2915,#2916,#2917,#2918,#2919,#2920,#2921,#2922,#2923,#2924,#2925,#2926,#2927,#2928,#2929,#2930,#2931,#2932,#2933,#2934,#2935,#2936,#2937,#2938,#2939,#2940,#2941,#2942,#2943,#2944,#2945,#2946,#2947,#2948,#2949,#2950,#2951,#2952,#2953,#2954,#2955,#2956,#2957,#2958,#2959,#2960,#2961,#2962,#2963,#2964,#2965,#2966,#2967,#2968,#2969,#2970,#2971,#2972,#2973,#2974,#2975,#2976,#2977,#2978,#2979,#2980,#2981,#2982,#2983,#2984,#2985,#2986,#2987,#2988,#2989,#2990,#2991,#2992,#2993,#2994,#2995,#2996,#2997,#2998,#2999,#3000,#3001,#3002,#3003,#3004,#3005,#3006,#3007,#3008,#3009,#3010,#3011,#3012,#3013,#3014,#3015,#3016,#3017,#3018,#3019,#3020,#3021,#3022,#3023,#3024,#3025,#3026,#3027,#3028,#3029,#3030,#3031,#3032,#3033,#3034,#3035,#3036,#3037,#3038,#3039,#3040,#3041,#3042,#3043,#3044,#3045,#3046,#3047,#3048,#3049,#3050,#3051,#3052,#3053,#3054,#3055,#3056,#3057,#3058,#3059,#3060,#3061,#3062,#3063,#3064,#3065,#3066,#3067,#3068,#3069,#3070,#3071,#3072,#3073,#3074,#3075,#3076,#3077,#3078,#3079,#3080,#3081,#3082,#3083,#3084,#3085,#3086,#3087,#3088,#3089,#3090,#3091,#3092,#3093,#3094,#3095,#3096,#3097,#3098,#3099,#3100,#3101,#3102,#3103,#3104,#3105,#3106,#3107,#3108,#3109,#3110,#3111,#3112,#3113,#3114,#3115,#3116,#3117,#3118,#3119,#3120,#3121,#3122,#3123,#3124,#3125,#3126,#3127,#3128,#3129,#3130,#3131,#3132,#3133,#3134,#3135,#3136,#3137,#3138,#3139,#3140,#3141,#3142,#3143,#3144,#3145,#3146,#3147,#3148,#3149,#3150,#3151,#3152,#3153,#3154,#3155,#3156,#3157,#3158,#3159,#3160,#3161,#3162,#3163,#3164,#3165,#3166,#3167,#3168,#3169,#3170,#3171,#3172,#3173,#3174,#3175,#3176,#3177,#3178,#3179,#3180,#3181,#3182,#3183,#3184,#3185,#3186,#3187,#3188,#3189,#3190,#3191,#3192,#3193,#3194,#3195,#3196,#3197,#3198,#3199,#3200,#3201,#3202,#3203,#3204,#3205,#3206,#3207,#3208,#3209,#3210,#3211,#3212,#3213,#3214,#3215,#3216,#3217,#3218,#3219,#3220,#3221,#3222,#3223,#3224,#3225,#3226,#3227,#3228,#3229,#3230,#3231,#3232,#3233,#3234,#3235,#3236,#3237,#3238,#3239,#3240,#3241,#3242,#3243,#3244,#3245,#3246,#3247,#3248,#3249,#3250,#3251,#3252,#3253,#3254,#3255,#3256,#3257,#3258,#3259,#3260,#3261,#3262,#3263,#3264,#3265,#3266,#3267,#3268,#3269,#3270,#3271,#3272,#3273,#3274,#3275,#3276,#3277,#3278,#3279,#3280,#3281,#3282,#3283,#3284,#3285,#3286,#3287,#3288,#3289,#3290,#3291,#3292,#3293,#3294,#3295,#3296,#3297,#3298,#3299,#3300,#3301,#3302,#3303,#3304,#3305,#3306,#3307,#3308,#3309,#3310,#3311,#3312,#3313,#3314,#3315,#3316,#3317,#3318,#3319,#3320,#3321,#3322,#3323,#3324,#3325,#3326,#3327,#3328,#3329,#3330,#3331,#3332,#3333,#3334,#3335,#3336,#3337,#3338,#3339,#3340,#3341,#3342,#3343,#3344,#3345,#3346,#3347,#3348,#3349,#3350,#3351,#3352,#3353,#3354,#3355,#3356,#3357,#3358,#3359,#3360,#3361,#3362,#3363,#3364,#3365,#3366,#3367,#3368,#3369,#3370,#3371,#3372,#3373,#3374,#3375,#3376,#3377,#3378,#3379,#3380,#3381,#3382,#3383,#3384,#3385,#3386,#3387,#3388,#3389,#3390,#3391,#3392,#3393,#3394,#3395,#3396,#3397,#3398,#3399,#3400,#3401,#3402,#3403,#3404,#3405,#3406,#3407,#3408,#3409,#3410,#3411,#3412,#3413,#3414,#3415,#3416,#3417,#3418,#3419,#3420,#3421,#3422,#3423,#3424,#3425,#3426,#3427,#3428,#3429,#3430,#3431,#3432,#3433,#3434,#3435,#3436,#3437,#3438,#3439,#3440,#3441,#3442,#3443,#3444,#3445,#3446,#3447,#3448,#3449,#3450,#3451,#3452,#3453,#3454,#3455,#3456,#3457,#3458,#3459,#3460,#3461,#3462,#3463,#3464,#3465,#3466,#3467,#3468,#3469,#3470,#3471,#3472,#3473,#3474,#3475,#3476,#3477,#3478,#3479,#3480,#3481,#3482,#3483,#3484,#3485,#3486,#3487,#3488,#3489,#3490,#3491,#3492,#3493,#3494,#3495,#3496,#3497,#3498,#3499,#3500,#3501,#3502,#3503,#3504,#3505,#3506,#3507,#3508,#3509,#3510,#3511,#3512,#3513,#3514,#3515,#3516,#3517,#3518,#3519,#3520,#3521,#3522,#3523,#3524,#3525,#3526,#3527,#3528,#3529,#3530,#3531,#3532,#3533,#3534,#3535,#3536,#3537,#3538,#3539,#3540,#3541,#3542,#3543,#3544,#3545,#3546,#3547,#3548,#3549,#3550,#3551,#3552,#3553,#3554,#3555,#3556,#3557,#3558,#3559,#3560,#3561,#3562,#3563,#3564,#3565,#3566,#3567,#3568,#3569,#3570,#3571,#3572,#3573,#3574,#3575,#3576,#3577,#3578,#3579,#3580,#3581,#3582,#3583,#3584,#3585,#3586,#3587,#3588,#3589,#3590,#3591,#3592,#3593,#3594,#3595,#3596,#3597,#3598,#3599,#3600,#3601,#3602,#3603,#3604,#3605,#3606,#3607,#3608,#3609,#3610,#3611,#3612,#3613,#3614,#3615,#3616,#3617,#3618,#3619,#3620,#3621,#3622,#3623,#3624,#3625,#3626,#3627,#3628,#3629,#3630,#3631,#3632,#3633,#3634,#3635,#3636,#3637,#3638,#3639,#3640,#3641,#3642,#3643,#3644,#3645,#3646,#3647,#3648,#3649,#3650,#3651,#3652,#3653,#3654,#3655,#3656,#3657,#3658,#3659,#3660,#3661,#3662,#3663,#3664,#3665,#3666,#3667,#3668,#3669,#3670,#3671,#3672,#3673,#3674,#3675,#3676,#3677,#3678,#3679,#3680,#3681,#3682,#3683,#3684,#3685,#3686,#3687,#3688,#3689,#3690,#3691,#3692,#3693,#3694,#3695,#3696,#3697,#3698,#3699,#3700,#3701,#3702,#3703,#3704,#3705,#3706,#3707,#3708,#3709,#3710,#3711,#3712,#3713,#3714,#3715,#3716,#3717,#3718,#3719,#3720,#3721,#3722,#3723,#3724,#3725,#3726,#3727,#3728,#3729,#3730,#3731,#3732,#3733,#3734),$);
#3737=IFCINDEXEDCOLOURMAP(#3736,1.,#2629,(1,1,1,1,1,1,1,1,1,1,1,1,1,1,1,1,1,1,1,1,1,1,1,1,1,1,1,1,1,1,1,1,1,1,1,1,1,1,1,1,1,1,1,1,1,1,1,1,1,1,1,1,1,1,1,1,1,1,1,1,1,1,1,1,1,1,1,1,1,1,1,1,1,1,1,1,1,1,1,1,1,1,1,1,1,1,1,1,1,1,1,1,1,1,1,1,1,1,1,1,1,1,1,1,1,1,1,1,1,1,1,1,1,1,1,1,1,1,1,1,1,1,1,1,1,1,1,1,1,1,1,1,1,1,1,1,1,1,1,1,1,1,1,1,1,1,1,1,1,1,1,1,1,1,1,1,1,1,1,1,1,1,1,1,1,1,1,1,1,1,1,1,1,1,1,1,1,1,1,1,1,1,1,1,1,1,1,1,1,1,1,1,1,1,1,1,1,1,1,1,1,1,1,1,1,1,1,1,1,1,1,1,1,1,1,1,1,1,1,1,1,1,1,1,1,1,1,1,1,1,1,1,1,1,1,1,1,1,1,1,1,1,1,1,1,1,1,1,1,1,1,1,1,1,1,1,1,1,1,1,1,1,1,1,1,1,1,1,1,1,1,1,1,1,1,1,1,1,1,1,1,1,1,1,1,1,1,1,1,1,1,1,1,1,1,1,1,1,1,1,1,1,1,1,1,1,1,1,1,1,1,1,1,1,1,1,1,1,1,1,1,1,1,1,1,1,1,1,1,1,1,1,1,1,1,1,1,1,1,1,1,1,1,1,1,1,1,1,1,1,1,1,1,1,1,1,1,1,1,1,1,1,1,1,1,1,1,1,1,1,1,1,1,1,1,1,1,1,1,1,1,1,1,1,1,1,1,1,1,1,1,1,1,1,1,1,1,1,1,1,1,1,1,1,1,1,1,1,1,1,1,1,1,1,1,1,1,1,1,1,1,1,1,1,1,1,1,1,1,1,1,1,1,1,1,1,1,1,1,1,1,1,1,1,1,1,1,1,1,1,1,1,1,1,1,1,1,1,1,1,1,1,1,1,1,1,1,1,1,1,1,1,1,1,1,1,1,1,1,1,1,1,1,1,1,1,1,1,1,1,1,1,1,1,1,1,1,1,1,1,1,1,1,1,1,1,1,1,1,1,1,1,1,1,1,1,1,1,1,1,1,1,1,1,1,1,1,1,1,1,1,1,1,1,1,1,1,1,1,1,1,1,1,1,1,1,1,1,1,1,1,1,1,1,1,1,1,1,1,1,1,1,1,1,1,1,1,1,1,1,1,1,1,1,1,1,1,1,1,1,1,1,1,1,1,1,1,1,1,1,1,1,1,1,1,1,1,1,1,1,1,1,1,1,1,1,1,1,1,1,1,1,1,1,1,1,1,1,1,1,1,1,1,1,1,1,1,1,1,1,1,1,1,1,1,1,1,1,1,1,1,1,1,1,1,1,1,1,1,1,1,1,1,1,1,1,1,1,1,1,1,1,1,1,1,1,1,1,1,1,1,1,1,1,1,1,1,1,1,1,1,1,1,1,1,1,1,1,1,1,1,1,1,1,1,1,1,1,1,1,1,1,1,1,1,1,1,1,1,1,1,1,1,1,1,1,1,1,1,1,1,1,1,1,1,1,1,1,1,1,1,1,1,1,1,1,1,1,1,1,1,1,1,1,1,1,1,1,1,1,1,1,1,1,1,1,1,1,1,1,1,1,1,1,1,1,1,1,1,1,1,1,1,1,1,1,1,1,1,1,1,1,1,1,1,1,1,1,1,1,1,1,1,1,1,1,1,1,1,1,1,1,1,1,1,1,1,1,1,1,1,1,1,1,1,1,1,1,1,1,1,1,1,1,1,1,1,1,1,1,1,1,1,1,1,1,1,1,1,1,1,1,1,1,1,1,1,1,1,1,1,1,1,1,1,1,1,1,1,1,1,1,1,1,1,1,1,1,1,1,1,1,1,1,1,1,1,1,1,1,1,1,1,1,1,1,1,1,1,1,1,1,1,1,1,1,1,1,1,1,1,1,1,1,1,1,1,1,1,1,1,1,1,1,1,1,1,1,1,1,1,1,1,1,1,1,1,1,1,1,1,1,1,1,1,1,1,1,1,1,1,1,1,1,1,1,1,1,1,1,1,1,1,1,1,1,1,1,1,1,1,1,1,1,1,1,1,1,1,1,1,1,1,1,1,1,1,1,1,1,1,1,1,1,1,1,1,1,1,1,1,1,1,1,1,1,1,1,1,1,1,1,1,1,1,1,1,1,1,1,1,1,1,1,1,1,1,1,1,1,1,1,1,1,1,1,1,1,1,1,1,1,1,1,1,1,1,1,1,1,1,1,1,1,1,1,1,1,1,1,1,1,1,1,1,1,1,1,1,1,1,1,1,1,1,1,1,1,1,1,1,1,1,1,1,1,1,1,1,1,1,1,1,1,1,1,1,1,1,1,1,1,1,1,1,1,1,1,1,1,1,1,1,1,1));
#3738=IFCSTYLEDITEM(#3736,(#1469),$);
#3739=IFCCOLOURRGBLIST(((0.40784313725490196,0.40784313725490196,0.40784313725490196)));
#3740=IFCINDEXEDPOLYGONALFACE((1,2,3,4));
#3741=IFCINDEXEDPOLYGONALFACE((245,61,106,92,110,79,124,78,175,101,241,100,226,132,225,68,219,129,222,87,192,117,191,86,195,118,199,94,235,141,234,67,185,115,188,83,181,112,179,82,202,121,206,102,177,143,244,69,214,128,217,75,209,126,211,74,229,91,165,90,135,98,133,66,246));
#3742=IFCINDEXEDPOLYGONALFACE((249,411,412,423,422,446,420,438,428,442,418,450,431,437,419,426,425,435,250));
#3743=IFCINDEXEDPOLYGONALFACE((6,7,8,21,20,44,18,36,26,40,16,48,29,35,17,24,23,33,5));
#3744=IFCINDEXEDPOLYGONALFACE((248,247,409,410));
#3745=IFCINDEXEDPOLYGONALFACE((408,301,505,491,509,478,523,477,574,500,640,499,625,531,624,467,618,528,621,486,591,516,590,485,594,517,598,493,634,540,633,466,584,514,587,482,580,511,578,481,601,520,605,501,576,542,643,468,613,527,616,474,608,525,610,473,628,490,564,489,534,497,532,465,644));
#3746=IFCINDEXEDPOLYGONALFACE((52,32,19));
#3747=IFCINDEXEDPOLYGONALFACE((34,51,49));
#3748=IFCINDEXEDPOLYGONALFACE((33,55,56));
#3749=IFCINDEXEDPOLYGONALFACE((44,53,59));
#3750=IFCINDEXEDPOLYGONALFACE((55,33,23));
#3751=IFCINDEXEDPOLYGONALFACE((13,46,45));
#3752=IFCINDEXEDPOLYGONALFACE((24,17,49));
#3753=IFCINDEXEDPOLYGONALFACE((50,14,49));
#3754=IFCINDEXEDPOLYGONALFACE((26,36,38));
#3755=IFCINDEXEDPOLYGONALFACE((50,49,17));
#3756=IFCINDEXEDPOLYGONALFACE((15,41,42));
#3757=IFCINDEXEDPOLYGONALFACE((54,8,11));
#3758=IFCINDEXEDPOLYGONALFACE((32,52,54));
#3759=IFCINDEXEDPOLYGONALFACE((56,55,25));
#3760=IFCINDEXEDPOLYGONALFACE((41,15,37));
#3761=IFCINDEXEDPOLYGONALFACE((51,24,49));
#3762=IFCINDEXEDPOLYGONALFACE((5,33,56));
#3763=IFCINDEXEDPOLYGONALFACE((9,10,56));
#3764=IFCINDEXEDPOLYGONALFACE((38,39,26));
#3765=IFCINDEXEDPOLYGONALFACE((45,39,28));
#3766=IFCINDEXEDPOLYGONALFACE((35,57,50));
#3767=IFCINDEXEDPOLYGONALFACE((16,45,46));
#3768=IFCINDEXEDPOLYGONALFACE((57,30,31));
#3769=IFCINDEXEDPOLYGONALFACE((12,32,54));
#3770=IFCINDEXEDPOLYGONALFACE((52,20,21));
#3771=IFCINDEXEDPOLYGONALFACE((18,41,36));
#3772=IFCINDEXEDPOLYGONALFACE((51,22,55));
#3773=IFCINDEXEDPOLYGONALFACE((57,29,58));
#3774=IFCINDEXEDPOLYGONALFACE((38,27,39));
#3775=IFCINDEXEDPOLYGONALFACE((41,38,36));
#3776=IFCINDEXEDPOLYGONALFACE((37,27,38));
#3777=IFCINDEXEDPOLYGONALFACE((27,28,39));
#3778=IFCINDEXEDPOLYGONALFACE((41,18,42));
#3779=IFCINDEXEDPOLYGONALFACE((40,45,16));
#3780=IFCINDEXEDPOLYGONALFACE((40,26,39));
#3781=IFCINDEXEDPOLYGONALFACE((38,41,37));
#3782=IFCINDEXEDPOLYGONALFACE((44,20,53));
#3783=IFCINDEXEDPOLYGONALFACE((42,18,44));
#3784=IFCINDEXEDPOLYGONALFACE((20,52,53));
#3785=IFCINDEXEDPOLYGONALFACE((15,42,59));
#3786=IFCINDEXEDPOLYGONALFACE((39,45,40));
#3787=IFCINDEXEDPOLYGONALFACE((13,45,28));
#3788=IFCINDEXEDPOLYGONALFACE((30,57,58));
#3789=IFCINDEXEDPOLYGONALFACE((60,48,46));
#3790=IFCINDEXEDPOLYGONALFACE((13,47,60));
#3791=IFCINDEXEDPOLYGONALFACE((58,48,60));
#3792=IFCINDEXEDPOLYGONALFACE((48,16,46));
#3793=IFCINDEXEDPOLYGONALFACE((34,49,14));
#3794=IFCINDEXEDPOLYGONALFACE((35,50,17));
#3795=IFCINDEXEDPOLYGONALFACE((31,14,50));
#3796=IFCINDEXEDPOLYGONALFACE((22,51,34));
#3797=IFCINDEXEDPOLYGONALFACE((23,24,51));
#3798=IFCINDEXEDPOLYGONALFACE((52,21,54));
#3799=IFCINDEXEDPOLYGONALFACE((53,52,19));
#3800=IFCINDEXEDPOLYGONALFACE((19,43,53));
#3801=IFCINDEXEDPOLYGONALFACE((53,43,59));
#3802=IFCINDEXEDPOLYGONALFACE((8,54,21));
#3803=IFCINDEXEDPOLYGONALFACE((12,54,11));
#3804=IFCINDEXEDPOLYGONALFACE((51,55,23));
#3805=IFCINDEXEDPOLYGONALFACE((25,55,22));
#3806=IFCINDEXEDPOLYGONALFACE((9,56,25));
#3807=IFCINDEXEDPOLYGONALFACE((5,56,10));
#3808=IFCINDEXEDPOLYGONALFACE((50,57,31));
#3809=IFCINDEXEDPOLYGONALFACE((29,57,35));
#3810=IFCINDEXEDPOLYGONALFACE((48,58,29));
#3811=IFCINDEXEDPOLYGONALFACE((47,30,58));
#3812=IFCINDEXEDPOLYGONALFACE((15,59,43));
#3813=IFCINDEXEDPOLYGONALFACE((42,44,59));
#3814=IFCINDEXEDPOLYGONALFACE((13,60,46));
#3815=IFCINDEXEDPOLYGONALFACE((58,60,47));
#3816=IFCINDEXEDPOLYGONALFACE((105,64,65));
#3817=IFCINDEXEDPOLYGONALFACE((62,63,107));
#3818=IFCINDEXEDPOLYGONALFACE((184,114,147));
#3819=IFCINDEXEDPOLYGONALFACE((148,83,188));
#3820=IFCINDEXEDPOLYGONALFACE((216,217,159));
#3821=IFCINDEXEDPOLYGONALFACE((205,206,154));
#3822=IFCINDEXEDPOLYGONALFACE((155,123,140));
#3823=IFCINDEXEDPOLYGONALFACE((111,80,123));
#3824=IFCINDEXEDPOLYGONALFACE((161,130,221,88));
#3825=IFCINDEXEDPOLYGONALFACE((166,167,138));
#3826=IFCINDEXEDPOLYGONALFACE((108,107,93,109));
#3827=IFCINDEXEDPOLYGONALFACE((232,238,237,96));
#3828=IFCINDEXEDPOLYGONALFACE((230,211,157));
#3829=IFCINDEXEDPOLYGONALFACE((230,231,164));
#3830=IFCINDEXEDPOLYGONALFACE((212,209,156));
#3831=IFCINDEXEDPOLYGONALFACE((218,214,158));
#3832=IFCINDEXEDPOLYGONALFACE((78,139,171));
#3833=IFCINDEXEDPOLYGONALFACE((163,228,132));
#3834=IFCINDEXEDPOLYGONALFACE((80,111,109));
#3835=IFCINDEXEDPOLYGONALFACE((108,106,62));
#3836=IFCINDEXEDPOLYGONALFACE((183,180,145));
#3837=IFCINDEXEDPOLYGONALFACE((176,104,242));
#3838=IFCINDEXEDPOLYGONALFACE((187,182,146));
#3839=IFCINDEXEDPOLYGONALFACE((189,185,147));
#3840=IFCINDEXEDPOLYGONALFACE((238,232,169));
#3841=IFCINDEXEDPOLYGONALFACE((150,194,117));
#3842=IFCINDEXEDPOLYGONALFACE((150,117,192,87));
#3843=IFCINDEXEDPOLYGONALFACE((161,223,130));
#3844=IFCINDEXEDPOLYGONALFACE((133,134,65));
#3845=IFCINDEXEDPOLYGONALFACE((138,136,90));
#3846=IFCINDEXEDPOLYGONALFACE((92,108,111));
#3847=IFCINDEXEDPOLYGONALFACE((152,200,119));
#3848=IFCINDEXEDPOLYGONALFACE((152,119,198,95));
#3849=IFCINDEXEDPOLYGONALFACE((70,184,233,232));
#3850=IFCINDEXEDPOLYGONALFACE((135,134,133,98));
#3851=IFCINDEXEDPOLYGONALFACE((90,136,135));
#3852=IFCINDEXEDPOLYGONALFACE((101,173,174));
#3853=IFCINDEXEDPOLYGONALFACE((163,132,226,100));
#3854=IFCINDEXEDPOLYGONALFACE((163,240,99));
#3855=IFCINDEXEDPOLYGONALFACE((243,244,176));
#3856=IFCINDEXEDPOLYGONALFACE((207,202,153));
#3857=IFCINDEXEDPOLYGONALFACE((205,178,144));
#3858=IFCINDEXEDPOLYGONALFACE((105,134,97));
#3859=IFCINDEXEDPOLYGONALFACE((106,61,62));
#3860=IFCINDEXEDPOLYGONALFACE((65,66,133));
#3861=IFCINDEXEDPOLYGONALFACE((169,67,234,141));
#3862=IFCINDEXEDPOLYGONALFACE((185,67,147));
#3863=IFCINDEXEDPOLYGONALFACE((107,108,62));
#3864=IFCINDEXEDPOLYGONALFACE((92,106,108));
#3865=IFCINDEXEDPOLYGONALFACE((111,79,110,92));
#3866=IFCINDEXEDPOLYGONALFACE((111,108,109));
#3867=IFCINDEXEDPOLYGONALFACE((216,208,156));
#3868=IFCINDEXEDPOLYGONALFACE((203,179,145));
#3869=IFCINDEXEDPOLYGONALFACE((146,112,181,83));
#3870=IFCINDEXEDPOLYGONALFACE((233,184,147));
#3871=IFCINDEXEDPOLYGONALFACE((148,114,186));
#3872=IFCINDEXEDPOLYGONALFACE((116,149,194));
#3873=IFCINDEXEDPOLYGONALFACE((149,116,190,85));
#3874=IFCINDEXEDPOLYGONALFACE((153,81,201,120));
#3875=IFCINDEXEDPOLYGONALFACE((195,200,199,118));
#3876=IFCINDEXEDPOLYGONALFACE((200,195,151));
#3877=IFCINDEXEDPOLYGONALFACE((154,120,204,103));
#3878=IFCINDEXEDPOLYGONALFACE((111,123,79));
#3879=IFCINDEXEDPOLYGONALFACE((123,80,140));
#3880=IFCINDEXEDPOLYGONALFACE((124,139,78));
#3881=IFCINDEXEDPOLYGONALFACE((171,172,173));
#3882=IFCINDEXEDPOLYGONALFACE((79,123,155));
#3883=IFCINDEXEDPOLYGONALFACE((157,125,210,73));
#3884=IFCINDEXEDPOLYGONALFACE((243,213,158));
#3885=IFCINDEXEDPOLYGONALFACE((159,127,215));
#3886=IFCINDEXEDPOLYGONALFACE((129,160,223));
#3887=IFCINDEXEDPOLYGONALFACE((160,129,219,68));
#3888=IFCINDEXEDPOLYGONALFACE((131,162,228));
#3889=IFCINDEXEDPOLYGONALFACE((162,131,224,71));
#3890=IFCINDEXEDPOLYGONALFACE((213,127,158));
#3891=IFCINDEXEDPOLYGONALFACE((136,138,89));
#3892=IFCINDEXEDPOLYGONALFACE((65,134,105));
#3893=IFCINDEXEDPOLYGONALFACE((135,136,134));
#3894=IFCINDEXEDPOLYGONALFACE((89,97,136));
#3895=IFCINDEXEDPOLYGONALFACE((134,136,97));
#3896=IFCINDEXEDPOLYGONALFACE((164,91,229,74));
#3897=IFCINDEXEDPOLYGONALFACE((138,90,165));
#3898=IFCINDEXEDPOLYGONALFACE((138,165,166));
#3899=IFCINDEXEDPOLYGONALFACE((155,139,124));
#3900=IFCINDEXEDPOLYGONALFACE((139,122,168,77));
#3901=IFCINDEXEDPOLYGONALFACE((171,139,77));
#3902=IFCINDEXEDPOLYGONALFACE((155,140,122));
#3903=IFCINDEXEDPOLYGONALFACE((170,141,235));
#3904=IFCINDEXEDPOLYGONALFACE((202,207,121));
#3905=IFCINDEXEDPOLYGONALFACE((144,143,177,102));
#3906=IFCINDEXEDPOLYGONALFACE((176,144,104));
#3907=IFCINDEXEDPOLYGONALFACE((112,146,183));
#3908=IFCINDEXEDPOLYGONALFACE((203,81,153));
#3909=IFCINDEXEDPOLYGONALFACE((185,189,188,115));
#3910=IFCINDEXEDPOLYGONALFACE((146,182,183));
#3911=IFCINDEXEDPOLYGONALFACE((114,148,189));
#3912=IFCINDEXEDPOLYGONALFACE((233,67,169));
#3913=IFCINDEXEDPOLYGONALFACE((186,187,148));
#3914=IFCINDEXEDPOLYGONALFACE((148,188,189));
#3915=IFCINDEXEDPOLYGONALFACE((196,85,151));
#3916=IFCINDEXEDPOLYGONALFACE((196,191,149));
#3917=IFCINDEXEDPOLYGONALFACE((161,150,87));
#3918=IFCINDEXEDPOLYGONALFACE((150,88,193));
#3919=IFCINDEXEDPOLYGONALFACE((196,195,86,191));
#3920=IFCINDEXEDPOLYGONALFACE((179,203,202,82));
#3921=IFCINDEXEDPOLYGONALFACE((151,85,197));
#3922=IFCINDEXEDPOLYGONALFACE((180,81,145));
#3923=IFCINDEXEDPOLYGONALFACE((236,95,170));
#3924=IFCINDEXEDPOLYGONALFACE((236,199,152));
#3925=IFCINDEXEDPOLYGONALFACE((120,154,207));
#3926=IFCINDEXEDPOLYGONALFACE((153,202,203));
#3927=IFCINDEXEDPOLYGONALFACE((154,103,205));
#3928=IFCINDEXEDPOLYGONALFACE((207,154,121));
#3929=IFCINDEXEDPOLYGONALFACE((139,155,122));
#3930=IFCINDEXEDPOLYGONALFACE((79,155,124));
#3931=IFCINDEXEDPOLYGONALFACE((125,157,212));
#3932=IFCINDEXEDPOLYGONALFACE((214,218,128));
#3933=IFCINDEXEDPOLYGONALFACE((67,233,147));
#3934=IFCINDEXEDPOLYGONALFACE((212,157,126));
#3935=IFCINDEXEDPOLYGONALFACE((127,159,218));
#3936=IFCINDEXEDPOLYGONALFACE((76,208,216,215));
#3937=IFCINDEXEDPOLYGONALFACE((218,159,128));
#3938=IFCINDEXEDPOLYGONALFACE((162,160,68));
#3939=IFCINDEXEDPOLYGONALFACE((160,71,220));
#3940=IFCINDEXEDPOLYGONALFACE((150,161,88));
#3941=IFCINDEXEDPOLYGONALFACE((161,87,222));
#3942=IFCINDEXEDPOLYGONALFACE((160,162,71));
#3943=IFCINDEXEDPOLYGONALFACE((162,68,225));
#3944=IFCINDEXEDPOLYGONALFACE((214,69,158));
#3945=IFCINDEXEDPOLYGONALFACE((240,100,174));
#3946=IFCINDEXEDPOLYGONALFACE((163,99,227));
#3947=IFCINDEXEDPOLYGONALFACE((164,74,230));
#3948=IFCINDEXEDPOLYGONALFACE((166,164,137));
#3949=IFCINDEXEDPOLYGONALFACE((164,166,91));
#3950=IFCINDEXEDPOLYGONALFACE((166,165,91));
#3951=IFCINDEXEDPOLYGONALFACE((167,166,137));
#3952=IFCINDEXEDPOLYGONALFACE((167,89,138));
#3953=IFCINDEXEDPOLYGONALFACE((238,141,170));
#3954=IFCINDEXEDPOLYGONALFACE((236,235,94,199));
#3955=IFCINDEXEDPOLYGONALFACE((170,95,237));
#3956=IFCINDEXEDPOLYGONALFACE((172,142,173));
#3957=IFCINDEXEDPOLYGONALFACE((173,175,171));
#3958=IFCINDEXEDPOLYGONALFACE((171,77,172));
#3959=IFCINDEXEDPOLYGONALFACE((174,173,142));
#3960=IFCINDEXEDPOLYGONALFACE((78,171,175));
#3961=IFCINDEXEDPOLYGONALFACE((174,142,239));
#3962=IFCINDEXEDPOLYGONALFACE((174,100,241,101));
#3963=IFCINDEXEDPOLYGONALFACE((173,101,175));
#3964=IFCINDEXEDPOLYGONALFACE((72,213,243,242));
#3965=IFCINDEXEDPOLYGONALFACE((144,176,143));
#3966=IFCINDEXEDPOLYGONALFACE((180,183,182,113));
#3967=IFCINDEXEDPOLYGONALFACE((178,104,144));
#3968=IFCINDEXEDPOLYGONALFACE((179,112,145));
#3969=IFCINDEXEDPOLYGONALFACE((112,183,145));
#3970=IFCINDEXEDPOLYGONALFACE((182,187,186,84));
#3971=IFCINDEXEDPOLYGONALFACE((83,187,146));
#3972=IFCINDEXEDPOLYGONALFACE((83,148,187));
#3973=IFCINDEXEDPOLYGONALFACE((114,189,147));
#3974=IFCINDEXEDPOLYGONALFACE((194,149,191));
#3975=IFCINDEXEDPOLYGONALFACE((194,191,117));
#3976=IFCINDEXEDPOLYGONALFACE((194,193,116));
#3977=IFCINDEXEDPOLYGONALFACE((193,194,150));
#3978=IFCINDEXEDPOLYGONALFACE((85,196,149));
#3979=IFCINDEXEDPOLYGONALFACE((195,196,151));
#3980=IFCINDEXEDPOLYGONALFACE((200,151,197));
#3981=IFCINDEXEDPOLYGONALFACE((200,197,119));
#3982=IFCINDEXEDPOLYGONALFACE((199,200,152));
#3983=IFCINDEXEDPOLYGONALFACE((81,203,145));
#3984=IFCINDEXEDPOLYGONALFACE((178,205,103));
#3985=IFCINDEXEDPOLYGONALFACE((102,205,144));
#3986=IFCINDEXEDPOLYGONALFACE((206,205,102));
#3987=IFCINDEXEDPOLYGONALFACE((206,121,154));
#3988=IFCINDEXEDPOLYGONALFACE((120,207,153));
#3989=IFCINDEXEDPOLYGONALFACE((209,212,126));
#3990=IFCINDEXEDPOLYGONALFACE((208,125,156));
#3991=IFCINDEXEDPOLYGONALFACE((209,75,156));
#3992=IFCINDEXEDPOLYGONALFACE((211,126,157));
#3993=IFCINDEXEDPOLYGONALFACE((125,212,156));
#3994=IFCINDEXEDPOLYGONALFACE((75,216,156));
#3995=IFCINDEXEDPOLYGONALFACE((215,216,159));
#3996=IFCINDEXEDPOLYGONALFACE((217,216,75));
#3997=IFCINDEXEDPOLYGONALFACE((217,128,159));
#3998=IFCINDEXEDPOLYGONALFACE((127,218,158));
#3999=IFCINDEXEDPOLYGONALFACE((223,160,220));
#4000=IFCINDEXEDPOLYGONALFACE((223,220,130));
#4001=IFCINDEXEDPOLYGONALFACE((223,222,129));
#4002=IFCINDEXEDPOLYGONALFACE((222,223,161));
#4003=IFCINDEXEDPOLYGONALFACE((228,162,225));
#4004=IFCINDEXEDPOLYGONALFACE((228,225,132));
#4005=IFCINDEXEDPOLYGONALFACE((228,227,131));
#4006=IFCINDEXEDPOLYGONALFACE((227,228,163));
#4007=IFCINDEXEDPOLYGONALFACE((211,230,74));
#4008=IFCINDEXEDPOLYGONALFACE((73,230,157));
#4009=IFCINDEXEDPOLYGONALFACE((231,230,73));
#4010=IFCINDEXEDPOLYGONALFACE((231,137,164));
#4011=IFCINDEXEDPOLYGONALFACE((232,233,169));
#4012=IFCINDEXEDPOLYGONALFACE((95,236,152));
#4013=IFCINDEXEDPOLYGONALFACE((235,236,170));
#4014=IFCINDEXEDPOLYGONALFACE((141,238,169));
#4015=IFCINDEXEDPOLYGONALFACE((237,238,170));
#4016=IFCINDEXEDPOLYGONALFACE((100,240,163));
#4017=IFCINDEXEDPOLYGONALFACE((240,239,99));
#4018=IFCINDEXEDPOLYGONALFACE((239,240,174));
#4019=IFCINDEXEDPOLYGONALFACE((69,243,158));
#4020=IFCINDEXEDPOLYGONALFACE((242,243,176));
#4021=IFCINDEXEDPOLYGONALFACE((244,243,69));
#4022=IFCINDEXEDPOLYGONALFACE((244,143,176));
#4023=IFCINDEXEDPOLYGONALFACE((4,3,247,248));
#4024=IFCINDEXEDPOLYGONALFACE((246,66,340,327,345,314,349,313,333,332,374,303,360,322,363,321,366,337,381,302,356,318,359,317,336,335,364,304,372,310,370,309,326,325,329,341,301,408));
#4025=IFCINDEXEDPOLYGONALFACE((411,6,5,653,652,670,650,665,664,681,648,688,660,673,649,656,655,659,412));
#4026=IFCINDEXEDPOLYGONALFACE((7,249,250,261,260,278,258,273,272,289,256,296,268,281,257,264,263,267,8));
#4027=IFCINDEXEDPOLYGONALFACE((410,409,2,1));
#4028=IFCINDEXEDPOLYGONALFACE((644,465,729,716,734,703,738,702,722,721,763,692,749,711,752,710,755,726,770,691,745,707,748,706,725,724,753,693,761,699,759,698,715,714,718,730,61,245));
#4029=IFCINDEXEDPOLYGONALFACE((280,260,275));
#4030=IFCINDEXEDPOLYGONALFACE((274,282,254));
#4031=IFCINDEXEDPOLYGONALFACE((255,284,277));
#4032=IFCINDEXEDPOLYGONALFACE((263,276,267));
#4033=IFCINDEXEDPOLYGONALFACE((260,261,275));
#4034=IFCINDEXEDPOLYGONALFACE((275,259,280));
#4035=IFCINDEXEDPOLYGONALFACE((276,263,279));
#4036=IFCINDEXEDPOLYGONALFACE((285,258,284));
#4037=IFCINDEXEDPOLYGONALFACE((257,282,264));
#4038=IFCINDEXEDPOLYGONALFACE((284,258,278));
#4039=IFCINDEXEDPOLYGONALFACE((296,298,294));
#4040=IFCINDEXEDPOLYGONALFACE((288,290,297));
#4041=IFCINDEXEDPOLYGONALFACE((283,270,254));
#4042=IFCINDEXEDPOLYGONALFACE((285,255,286));
#4043=IFCINDEXEDPOLYGONALFACE((291,250,251));
#4044=IFCINDEXEDPOLYGONALFACE((275,291,266));
#4045=IFCINDEXEDPOLYGONALFACE((282,283,254));
#4046=IFCINDEXEDPOLYGONALFACE((252,266,291));
#4047=IFCINDEXEDPOLYGONALFACE((265,12,292));
#4048=IFCINDEXEDPOLYGONALFACE((276,279,262));
#4049=IFCINDEXEDPOLYGONALFACE((8,267,292));
#4050=IFCINDEXEDPOLYGONALFACE((250,291,261));
#4051=IFCINDEXEDPOLYGONALFACE((12,11,292));
#4052=IFCINDEXEDPOLYGONALFACE((267,276,292));
#4053=IFCINDEXEDPOLYGONALFACE((269,293,294));
#4054=IFCINDEXEDPOLYGONALFACE((269,270,293));
#4055=IFCINDEXEDPOLYGONALFACE((288,287,271));
#4056=IFCINDEXEDPOLYGONALFACE((272,287,288));
#4057=IFCINDEXEDPOLYGONALFACE((287,285,286));
#4058=IFCINDEXEDPOLYGONALFACE((291,275,261));
#4059=IFCINDEXEDPOLYGONALFACE((279,274,262));
#4060=IFCINDEXEDPOLYGONALFACE((277,280,259));
#4061=IFCINDEXEDPOLYGONALFACE((266,259,275));
#4062=IFCINDEXEDPOLYGONALFACE((262,265,276));
#4063=IFCINDEXEDPOLYGONALFACE((255,285,284));
#4064=IFCINDEXEDPOLYGONALFACE((284,280,277));
#4065=IFCINDEXEDPOLYGONALFACE((263,264,279));
#4066=IFCINDEXEDPOLYGONALFACE((278,260,280));
#4067=IFCINDEXEDPOLYGONALFACE((279,264,282));
#4068=IFCINDEXEDPOLYGONALFACE((282,257,283));
#4069=IFCINDEXEDPOLYGONALFACE((268,293,281));
#4070=IFCINDEXEDPOLYGONALFACE((279,282,274));
#4071=IFCINDEXEDPOLYGONALFACE((257,281,283));
#4072=IFCINDEXEDPOLYGONALFACE((273,258,285));
#4073=IFCINDEXEDPOLYGONALFACE((283,281,293));
#4074=IFCINDEXEDPOLYGONALFACE((280,284,278));
#4075=IFCINDEXEDPOLYGONALFACE((271,287,286));
#4076=IFCINDEXEDPOLYGONALFACE((273,285,287));
#4077=IFCINDEXEDPOLYGONALFACE((272,273,287));
#4078=IFCINDEXEDPOLYGONALFACE((288,271,290));
#4079=IFCINDEXEDPOLYGONALFACE((289,297,256));
#4080=IFCINDEXEDPOLYGONALFACE((289,272,288));
#4081=IFCINDEXEDPOLYGONALFACE((297,290,253));
#4082=IFCINDEXEDPOLYGONALFACE((291,251,252));
#4083=IFCINDEXEDPOLYGONALFACE((265,292,276));
#4084=IFCINDEXEDPOLYGONALFACE((8,292,11));
#4085=IFCINDEXEDPOLYGONALFACE((293,268,294));
#4086=IFCINDEXEDPOLYGONALFACE((283,293,270));
#4087=IFCINDEXEDPOLYGONALFACE((298,256,297));
#4088=IFCINDEXEDPOLYGONALFACE((294,295,269));
#4089=IFCINDEXEDPOLYGONALFACE((294,268,296));
#4090=IFCINDEXEDPOLYGONALFACE((297,253,298));
#4091=IFCINDEXEDPOLYGONALFACE((288,297,289));
#4092=IFCINDEXEDPOLYGONALFACE((298,253,295));
#4093=IFCINDEXEDPOLYGONALFACE((294,298,295));
#4094=IFCINDEXEDPOLYGONALFACE((296,256,298));
#4095=IFCINDEXEDPOLYGONALFACE((329,325,353));
#4096=IFCINDEXEDPOLYGONALFACE((357,319,382));
#4097=IFCINDEXEDPOLYGONALFACE((339,405,338));
#4098=IFCINDEXEDPOLYGONALFACE((311,394,395));
#4099=IFCINDEXEDPOLYGONALFACE((317,403,336));
#4100=IFCINDEXEDPOLYGONALFACE((368,377,347));
#4101=IFCINDEXEDPOLYGONALFACE((346,348,345));
#4102=IFCINDEXEDPOLYGONALFACE((387,361,323));
#4103=IFCINDEXEDPOLYGONALFACE((355,353,325));
#4104=IFCINDEXEDPOLYGONALFACE((348,346,315));
#4105=IFCINDEXEDPOLYGONALFACE((339,404,405));
#4106=IFCINDEXEDPOLYGONALFACE((396,309,370));
#4107=IFCINDEXEDPOLYGONALFACE((354,378,402));
#4108=IFCINDEXEDPOLYGONALFACE((394,370,310));
#4109=IFCINDEXEDPOLYGONALFACE((304,397,372));
#4110=IFCINDEXEDPOLYGONALFACE((374,398,303));
#4111=IFCINDEXEDPOLYGONALFACE((375,313,368));
#4112=IFCINDEXEDPOLYGONALFACE((399,407,374));
#4113=IFCINDEXEDPOLYGONALFACE((351,300,341));
#4114=IFCINDEXEDPOLYGONALFACE((343,342,328,344));
#4115=IFCINDEXEDPOLYGONALFACE((350,351,352,330));
#4116=IFCINDEXEDPOLYGONALFACE((385,317,359));
#4117=IFCINDEXEDPOLYGONALFACE((365,391,334));
#4118=IFCINDEXEDPOLYGONALFACE((384,359,318));
#4119=IFCINDEXEDPOLYGONALFACE((366,393,337));
#4120=IFCINDEXEDPOLYGONALFACE((305,357,383));
#4121=IFCINDEXEDPOLYGONALFACE((305,404,339));
#4122=IFCINDEXEDPOLYGONALFACE((350,299,300));
#4123=IFCINDEXEDPOLYGONALFACE((65,64,342));
#4124=IFCINDEXEDPOLYGONALFACE((363,389,388));
#4125=IFCINDEXEDPOLYGONALFACE((389,363,322));
#4126=IFCINDEXEDPOLYGONALFACE((361,387,386));
#4127=IFCINDEXEDPOLYGONALFACE((343,340,65));
#4128=IFCINDEXEDPOLYGONALFACE((325,326,355));
#4129=IFCINDEXEDPOLYGONALFACE((353,324,352));
#4130=IFCINDEXEDPOLYGONALFACE((300,351,350));
#4131=IFCINDEXEDPOLYGONALFACE((314,377,349));
#4132=IFCINDEXEDPOLYGONALFACE((399,374,332));
#4133=IFCINDEXEDPOLYGONALFACE((401,333,375));
#4134=IFCINDEXEDPOLYGONALFACE((316,379,403));
#4135=IFCINDEXEDPOLYGONALFACE((307,390,365));
#4136=IFCINDEXEDPOLYGONALFACE((361,386,306));
#4137=IFCINDEXEDPOLYGONALFACE((335,336,380));
#4138=IFCINDEXEDPOLYGONALFACE((367,393,392));
#4139=IFCINDEXEDPOLYGONALFACE((393,367,338));
#4140=IFCINDEXEDPOLYGONALFACE((384,319,358));
#4141=IFCINDEXEDPOLYGONALFACE((404,305,383));
#4142=IFCINDEXEDPOLYGONALFACE((340,66,65));
#4143=IFCINDEXEDPOLYGONALFACE((300,301,341));
#4144=IFCINDEXEDPOLYGONALFACE((302,381,404));
#4145=IFCINDEXEDPOLYGONALFACE((342,343,65));
#4146=IFCINDEXEDPOLYGONALFACE((327,340,343));
#4147=IFCINDEXEDPOLYGONALFACE((341,329,351));
#4148=IFCINDEXEDPOLYGONALFACE((343,344,346));
#4149=IFCINDEXEDPOLYGONALFACE((344,315,346));
#4150=IFCINDEXEDPOLYGONALFACE((346,327,343));
#4151=IFCINDEXEDPOLYGONALFACE((327,346,345));
#4152=IFCINDEXEDPOLYGONALFACE((348,314,345));
#4153=IFCINDEXEDPOLYGONALFACE((315,347,348));
#4154=IFCINDEXEDPOLYGONALFACE((368,312,375));
#4155=IFCINDEXEDPOLYGONALFACE((368,313,349));
#4156=IFCINDEXEDPOLYGONALFACE((348,377,314));
#4157=IFCINDEXEDPOLYGONALFACE((353,351,329));
#4158=IFCINDEXEDPOLYGONALFACE((353,352,351));
#4159=IFCINDEXEDPOLYGONALFACE((354,355,378));
#4160=IFCINDEXEDPOLYGONALFACE((378,355,326));
#4161=IFCINDEXEDPOLYGONALFACE((324,353,355));
#4162=IFCINDEXEDPOLYGONALFACE((354,324,355));
#4163=IFCINDEXEDPOLYGONALFACE((382,318,356));
#4164=IFCINDEXEDPOLYGONALFACE((405,381,337));
#4165=IFCINDEXEDPOLYGONALFACE((302,383,356));
#4166=IFCINDEXEDPOLYGONALFACE((316,385,358));
#4167=IFCINDEXEDPOLYGONALFACE((360,386,387));
#4168=IFCINDEXEDPOLYGONALFACE((360,303,386));
#4169=IFCINDEXEDPOLYGONALFACE((390,304,364));
#4170=IFCINDEXEDPOLYGONALFACE((362,388,389));
#4171=IFCINDEXEDPOLYGONALFACE((362,320,388));
#4172=IFCINDEXEDPOLYGONALFACE((335,391,364));
#4173=IFCINDEXEDPOLYGONALFACE((366,392,393));
#4174=IFCINDEXEDPOLYGONALFACE((366,321,392));
#4175=IFCINDEXEDPOLYGONALFACE((377,368,349));
#4176=IFCINDEXEDPOLYGONALFACE((347,312,368));
#4177=IFCINDEXEDPOLYGONALFACE((394,311,369));
#4178=IFCINDEXEDPOLYGONALFACE((308,396,369));
#4179=IFCINDEXEDPOLYGONALFACE((397,307,371));
#4180=IFCINDEXEDPOLYGONALFACE((373,306,398));
#4181=IFCINDEXEDPOLYGONALFACE((406,311,395));
#4182=IFCINDEXEDPOLYGONALFACE((373,398,407));
#4183=IFCINDEXEDPOLYGONALFACE((399,400,331));
#4184=IFCINDEXEDPOLYGONALFACE((333,313,375));
#4185=IFCINDEXEDPOLYGONALFACE((312,376,401));
#4186=IFCINDEXEDPOLYGONALFACE((401,400,333));
#4187=IFCINDEXEDPOLYGONALFACE((347,377,348));
#4188=IFCINDEXEDPOLYGONALFACE((326,309,378));
#4189=IFCINDEXEDPOLYGONALFACE((402,378,309));
#4190=IFCINDEXEDPOLYGONALFACE((380,334,391));
#4191=IFCINDEXEDPOLYGONALFACE((334,380,379));
#4192=IFCINDEXEDPOLYGONALFACE((403,380,336));
#4193=IFCINDEXEDPOLYGONALFACE((382,356,383));
#4194=IFCINDEXEDPOLYGONALFACE((384,382,319));
#4195=IFCINDEXEDPOLYGONALFACE((383,302,404));
#4196=IFCINDEXEDPOLYGONALFACE((382,383,357));
#4197=IFCINDEXEDPOLYGONALFACE((384,358,385));
#4198=IFCINDEXEDPOLYGONALFACE((382,384,318));
#4199=IFCINDEXEDPOLYGONALFACE((385,316,403));
#4200=IFCINDEXEDPOLYGONALFACE((384,385,359));
#4201=IFCINDEXEDPOLYGONALFACE((398,386,303));
#4202=IFCINDEXEDPOLYGONALFACE((389,387,323));
#4203=IFCINDEXEDPOLYGONALFACE((360,387,322));
#4204=IFCINDEXEDPOLYGONALFACE((392,388,320));
#4205=IFCINDEXEDPOLYGONALFACE((363,388,321));
#4206=IFCINDEXEDPOLYGONALFACE((387,389,322));
#4207=IFCINDEXEDPOLYGONALFACE((362,389,323));
#4208=IFCINDEXEDPOLYGONALFACE((390,364,391));
#4209=IFCINDEXEDPOLYGONALFACE((397,390,307));
#4210=IFCINDEXEDPOLYGONALFACE((391,335,380));
#4211=IFCINDEXEDPOLYGONALFACE((390,391,365));
#4212=IFCINDEXEDPOLYGONALFACE((388,392,321));
#4213=IFCINDEXEDPOLYGONALFACE((367,392,320));
#4214=IFCINDEXEDPOLYGONALFACE((405,393,338));
#4215=IFCINDEXEDPOLYGONALFACE((394,369,396));
#4216=IFCINDEXEDPOLYGONALFACE((395,394,310));
#4217=IFCINDEXEDPOLYGONALFACE((372,406,310));
#4218=IFCINDEXEDPOLYGONALFACE((395,310,406));
#4219=IFCINDEXEDPOLYGONALFACE((396,308,402));
#4220=IFCINDEXEDPOLYGONALFACE((394,396,370));
#4221=IFCINDEXEDPOLYGONALFACE((397,371,406));
#4222=IFCINDEXEDPOLYGONALFACE((390,397,304));
#4223=IFCINDEXEDPOLYGONALFACE((386,398,306));
#4224=IFCINDEXEDPOLYGONALFACE((400,399,332));
#4225=IFCINDEXEDPOLYGONALFACE((373,399,331));
#4226=IFCINDEXEDPOLYGONALFACE((333,400,332));
#4227=IFCINDEXEDPOLYGONALFACE((376,331,400));
#4228=IFCINDEXEDPOLYGONALFACE((312,401,375));
#4229=IFCINDEXEDPOLYGONALFACE((400,401,376));
#4230=IFCINDEXEDPOLYGONALFACE((396,402,309));
#4231=IFCINDEXEDPOLYGONALFACE((354,402,308));
#4232=IFCINDEXEDPOLYGONALFACE((403,317,385));
#4233=IFCINDEXEDPOLYGONALFACE((380,403,379));
#4234=IFCINDEXEDPOLYGONALFACE((405,404,381));
#4235=IFCINDEXEDPOLYGONALFACE((393,405,337));
#4236=IFCINDEXEDPOLYGONALFACE((397,406,372));
#4237=IFCINDEXEDPOLYGONALFACE((311,406,371));
#4238=IFCINDEXEDPOLYGONALFACE((374,407,398));
#4239=IFCINDEXEDPOLYGONALFACE((399,373,407));
#4240=IFCINDEXEDPOLYGONALFACE((454,434,421));
#4241=IFCINDEXEDPOLYGONALFACE((436,453,451));
#4242=IFCINDEXEDPOLYGONALFACE((435,457,458));
#4243=IFCINDEXEDPOLYGONALFACE((446,455,461));
#4244=IFCINDEXEDPOLYGONALFACE((457,435,425));
#4245=IFCINDEXEDPOLYGONALFACE((415,448,447));
#4246=IFCINDEXEDPOLYGONALFACE((426,419,451));
#4247=IFCINDEXEDPOLYGONALFACE((452,416,451));
#4248=IFCINDEXEDPOLYGONALFACE((428,438,440));
#4249=IFCINDEXEDPOLYGONALFACE((452,451,419));
#4250=IFCINDEXEDPOLYGONALFACE((417,443,444));
#4251=IFCINDEXEDPOLYGONALFACE((456,412,413));
#4252=IFCINDEXEDPOLYGONALFACE((434,454,456));
#4253=IFCINDEXEDPOLYGONALFACE((458,457,427));
#4254=IFCINDEXEDPOLYGONALFACE((443,417,439));
#4255=IFCINDEXEDPOLYGONALFACE((453,426,451));
#4256=IFCINDEXEDPOLYGONALFACE((250,435,458));
#4257=IFCINDEXEDPOLYGONALFACE((252,251,458));
#4258=IFCINDEXEDPOLYGONALFACE((440,441,428));
#4259=IFCINDEXEDPOLYGONALFACE((447,441,430));
#4260=IFCINDEXEDPOLYGONALFACE((437,459,452));
#4261=IFCINDEXEDPOLYGONALFACE((418,447,448));
#4262=IFCINDEXEDPOLYGONALFACE((459,432,433));
#4263=IFCINDEXEDPOLYGONALFACE((414,434,456));
#4264=IFCINDEXEDPOLYGONALFACE((454,422,423));
#4265=IFCINDEXEDPOLYGONALFACE((420,443,438));
#4266=IFCINDEXEDPOLYGONALFACE((453,424,457));
#4267=IFCINDEXEDPOLYGONALFACE((459,431,460));
#4268=IFCINDEXEDPOLYGONALFACE((440,429,441));
#4269=IFCINDEXEDPOLYGONALFACE((443,440,438));
#4270=IFCINDEXEDPOLYGONALFACE((439,429,440));
#4271=IFCINDEXEDPOLYGONALFACE((429,430,441));
#4272=IFCINDEXEDPOLYGONALFACE((443,420,444));
#4273=IFCINDEXEDPOLYGONALFACE((442,447,418));
#4274=IFCINDEXEDPOLYGONALFACE((442,428,441));
#4275=IFCINDEXEDPOLYGONALFACE((440,443,439));
#4276=IFCINDEXEDPOLYGONALFACE((446,422,455));
#4277=IFCINDEXEDPOLYGONALFACE((444,420,446));
#4278=IFCINDEXEDPOLYGONALFACE((422,454,455));
#4279=IFCINDEXEDPOLYGONALFACE((417,444,461));
#4280=IFCINDEXEDPOLYGONALFACE((441,447,442));
#4281=IFCINDEXEDPOLYGONALFACE((415,447,430));
#4282=IFCINDEXEDPOLYGONALFACE((432,459,460));
#4283=IFCINDEXEDPOLYGONALFACE((462,450,448));
#4284=IFCINDEXEDPOLYGONALFACE((415,449,462));
#4285=IFCINDEXEDPOLYGONALFACE((460,450,462));
#4286=IFCINDEXEDPOLYGONALFACE((450,418,448));
#4287=IFCINDEXEDPOLYGONALFACE((436,451,416));
#4288=IFCINDEXEDPOLYGONALFACE((437,452,419));
#4289=IFCINDEXEDPOLYGONALFACE((433,416,452));
#4290=IFCINDEXEDPOLYGONALFACE((424,453,436));
#4291=IFCINDEXEDPOLYGONALFACE((425,426,453));
#4292=IFCINDEXEDPOLYGONALFACE((454,423,456));
#4293=IFCINDEXEDPOLYGONALFACE((455,454,421));
#4294=IFCINDEXEDPOLYGONALFACE((421,445,455));
#4295=IFCINDEXEDPOLYGONALFACE((455,445,461));
#4296=IFCINDEXEDPOLYGONALFACE((412,456,423));
#4297=IFCINDEXEDPOLYGONALFACE((414,456,413));
#4298=IFCINDEXEDPOLYGONALFACE((453,457,425));
#4299=IFCINDEXEDPOLYGONALFACE((427,457,424));
#4300=IFCINDEXEDPOLYGONALFACE((252,458,427));
#4301=IFCINDEXEDPOLYGONALFACE((250,458,251));
#4302=IFCINDEXEDPOLYGONALFACE((452,459,433));
#4303=IFCINDEXEDPOLYGONALFACE((431,459,437));
#4304=IFCINDEXEDPOLYGONALFACE((450,460,431));
#4305=IFCINDEXEDPOLYGONALFACE((449,432,460));
#4306=IFCINDEXEDPOLYGONALFACE((417,461,445));
#4307=IFCINDEXEDPOLYGONALFACE((444,446,461));
#4308=IFCINDEXEDPOLYGONALFACE((415,462,448));
#4309=IFCINDEXEDPOLYGONALFACE((460,462,449));
#4310=IFCINDEXEDPOLYGONALFACE((504,463,464));
#4311=IFCINDEXEDPOLYGONALFACE((300,299,506));
#4312=IFCINDEXEDPOLYGONALFACE((583,513,546));
#4313=IFCINDEXEDPOLYGONALFACE((547,482,587));
#4314=IFCINDEXEDPOLYGONALFACE((615,616,558));
#4315=IFCINDEXEDPOLYGONALFACE((604,605,553));
#4316=IFCINDEXEDPOLYGONALFACE((554,522,539));
#4317=IFCINDEXEDPOLYGONALFACE((510,479,522));
#4318=IFCINDEXEDPOLYGONALFACE((560,529,620,487));
#4319=IFCINDEXEDPOLYGONALFACE((565,566,537));
#4320=IFCINDEXEDPOLYGONALFACE((507,506,492,508));
#4321=IFCINDEXEDPOLYGONALFACE((631,637,636,495));
#4322=IFCINDEXEDPOLYGONALFACE((629,610,556));
#4323=IFCINDEXEDPOLYGONALFACE((629,630,563));
#4324=IFCINDEXEDPOLYGONALFACE((611,608,555));
#4325=IFCINDEXEDPOLYGONALFACE((617,613,557));
#4326=IFCINDEXEDPOLYGONALFACE((477,538,570));
#4327=IFCINDEXEDPOLYGONALFACE((562,627,531));
#4328=IFCINDEXEDPOLYGONALFACE((479,510,508));
#4329=IFCINDEXEDPOLYGONALFACE((507,505,300));
#4330=IFCINDEXEDPOLYGONALFACE((582,579,544));
#4331=IFCINDEXEDPOLYGONALFACE((575,503,641));
#4332=IFCINDEXEDPOLYGONALFACE((586,581,545));
#4333=IFCINDEXEDPOLYGONALFACE((588,584,546));
#4334=IFCINDEXEDPOLYGONALFACE((637,631,568));
#4335=IFCINDEXEDPOLYGONALFACE((549,593,516));
#4336=IFCINDEXEDPOLYGONALFACE((549,516,591,486));
#4337=IFCINDEXEDPOLYGONALFACE((560,622,529));
#4338=IFCINDEXEDPOLYGONALFACE((532,533,464));
#4339=IFCINDEXEDPOLYGONALFACE((537,535,489));
#4340=IFCINDEXEDPOLYGONALFACE((491,507,510));
#4341=IFCINDEXEDPOLYGONALFACE((551,599,518));
#4342=IFCINDEXEDPOLYGONALFACE((551,518,597,494));
#4343=IFCINDEXEDPOLYGONALFACE((469,583,632,631));
#4344=IFCINDEXEDPOLYGONALFACE((534,533,532,497));
#4345=IFCINDEXEDPOLYGONALFACE((489,535,534));
#4346=IFCINDEXEDPOLYGONALFACE((500,572,573));
#4347=IFCINDEXEDPOLYGONALFACE((562,531,625,499));
#4348=IFCINDEXEDPOLYGONALFACE((562,639,498));
#4349=IFCINDEXEDPOLYGONALFACE((642,643,575));
#4350=IFCINDEXEDPOLYGONALFACE((606,601,552));
#4351=IFCINDEXEDPOLYGONALFACE((604,577,543));
#4352=IFCINDEXEDPOLYGONALFACE((504,533,496));
#4353=IFCINDEXEDPOLYGONALFACE((505,301,300));
#4354=IFCINDEXEDPOLYGONALFACE((464,465,532));
#4355=IFCINDEXEDPOLYGONALFACE((568,466,633,540));
#4356=IFCINDEXEDPOLYGONALFACE((584,466,546));
#4357=IFCINDEXEDPOLYGONALFACE((506,507,300));
#4358=IFCINDEXEDPOLYGONALFACE((491,505,507));
#4359=IFCINDEXEDPOLYGONALFACE((510,478,509,491));
#4360=IFCINDEXEDPOLYGONALFACE((510,507,508));
#4361=IFCINDEXEDPOLYGONALFACE((615,607,555));
#4362=IFCINDEXEDPOLYGONALFACE((602,578,544));
#4363=IFCINDEXEDPOLYGONALFACE((545,511,580,482));
#4364=IFCINDEXEDPOLYGONALFACE((632,583,546));
#4365=IFCINDEXEDPOLYGONALFACE((547,513,585));
#4366=IFCINDEXEDPOLYGONALFACE((515,548,593));
#4367=IFCINDEXEDPOLYGONALFACE((548,515,589,484));
#4368=IFCINDEXEDPOLYGONALFACE((552,480,600,519));
#4369=IFCINDEXEDPOLYGONALFACE((594,599,598,517));
#4370=IFCINDEXEDPOLYGONALFACE((599,594,550));
#4371=IFCINDEXEDPOLYGONALFACE((553,519,603,502));
#4372=IFCINDEXEDPOLYGONALFACE((510,522,478));
#4373=IFCINDEXEDPOLYGONALFACE((522,479,539));
#4374=IFCINDEXEDPOLYGONALFACE((523,538,477));
#4375=IFCINDEXEDPOLYGONALFACE((570,571,572));
#4376=IFCINDEXEDPOLYGONALFACE((478,522,554));
#4377=IFCINDEXEDPOLYGONALFACE((556,524,609,472));
#4378=IFCINDEXEDPOLYGONALFACE((642,612,557));
#4379=IFCINDEXEDPOLYGONALFACE((558,526,614));
#4380=IFCINDEXEDPOLYGONALFACE((528,559,622));
#4381=IFCINDEXEDPOLYGONALFACE((559,528,618,467));
#4382=IFCINDEXEDPOLYGONALFACE((530,561,627));
#4383=IFCINDEXEDPOLYGONALFACE((561,530,623,470));
#4384=IFCINDEXEDPOLYGONALFACE((612,526,557));
#4385=IFCINDEXEDPOLYGONALFACE((535,537,488));
#4386=IFCINDEXEDPOLYGONALFACE((464,533,504));
#4387=IFCINDEXEDPOLYGONALFACE((534,535,533));
#4388=IFCINDEXEDPOLYGONALFACE((488,496,535));
#4389=IFCINDEXEDPOLYGONALFACE((533,535,496));
#4390=IFCINDEXEDPOLYGONALFACE((563,490,628,473));
#4391=IFCINDEXEDPOLYGONALFACE((537,489,564));
#4392=IFCINDEXEDPOLYGONALFACE((537,564,565));
#4393=IFCINDEXEDPOLYGONALFACE((554,538,523));
#4394=IFCINDEXEDPOLYGONALFACE((538,521,567,476));
#4395=IFCINDEXEDPOLYGONALFACE((570,538,476));
#4396=IFCINDEXEDPOLYGONALFACE((554,539,521));
#4397=IFCINDEXEDPOLYGONALFACE((569,540,634));
#4398=IFCINDEXEDPOLYGONALFACE((601,606,520));
#4399=IFCINDEXEDPOLYGONALFACE((543,542,576,501));
#4400=IFCINDEXEDPOLYGONALFACE((575,543,503));
#4401=IFCINDEXEDPOLYGONALFACE((511,545,582));
#4402=IFCINDEXEDPOLYGONALFACE((602,480,552));
#4403=IFCINDEXEDPOLYGONALFACE((584,588,587,514));
#4404=IFCINDEXEDPOLYGONALFACE((545,581,582));
#4405=IFCINDEXEDPOLYGONALFACE((513,547,588));
#4406=IFCINDEXEDPOLYGONALFACE((632,466,568));
#4407=IFCINDEXEDPOLYGONALFACE((585,586,547));
#4408=IFCINDEXEDPOLYGONALFACE((547,587,588));
#4409=IFCINDEXEDPOLYGONALFACE((595,484,550));
#4410=IFCINDEXEDPOLYGONALFACE((595,590,548));
#4411=IFCINDEXEDPOLYGONALFACE((560,549,486));
#4412=IFCINDEXEDPOLYGONALFACE((549,487,592));
#4413=IFCINDEXEDPOLYGONALFACE((595,594,485,590));
#4414=IFCINDEXEDPOLYGONALFACE((578,602,601,481));
#4415=IFCINDEXEDPOLYGONALFACE((550,484,596));
#4416=IFCINDEXEDPOLYGONALFACE((579,480,544));
#4417=IFCINDEXEDPOLYGONALFACE((635,494,569));
#4418=IFCINDEXEDPOLYGONALFACE((635,598,551));
#4419=IFCINDEXEDPOLYGONALFACE((519,553,606));
#4420=IFCINDEXEDPOLYGONALFACE((552,601,602));
#4421=IFCINDEXEDPOLYGONALFACE((553,502,604));
#4422=IFCINDEXEDPOLYGONALFACE((606,553,520));
#4423=IFCINDEXEDPOLYGONALFACE((538,554,521));
#4424=IFCINDEXEDPOLYGONALFACE((478,554,523));
#4425=IFCINDEXEDPOLYGONALFACE((524,556,611));
#4426=IFCINDEXEDPOLYGONALFACE((613,617,527));
#4427=IFCINDEXEDPOLYGONALFACE((466,632,546));
#4428=IFCINDEXEDPOLYGONALFACE((611,556,525));
#4429=IFCINDEXEDPOLYGONALFACE((526,558,617));
#4430=IFCINDEXEDPOLYGONALFACE((475,607,615,614));
#4431=IFCINDEXEDPOLYGONALFACE((617,558,527));
#4432=IFCINDEXEDPOLYGONALFACE((561,559,467));
#4433=IFCINDEXEDPOLYGONALFACE((559,470,619));
#4434=IFCINDEXEDPOLYGONALFACE((549,560,487));
#4435=IFCINDEXEDPOLYGONALFACE((560,486,621));
#4436=IFCINDEXEDPOLYGONALFACE((559,561,470));
#4437=IFCINDEXEDPOLYGONALFACE((561,467,624));
#4438=IFCINDEXEDPOLYGONALFACE((613,468,557));
#4439=IFCINDEXEDPOLYGONALFACE((639,499,573));
#4440=IFCINDEXEDPOLYGONALFACE((562,498,626));
#4441=IFCINDEXEDPOLYGONALFACE((563,473,629));
#4442=IFCINDEXEDPOLYGONALFACE((565,563,536));
#4443=IFCINDEXEDPOLYGONALFACE((563,565,490));
#4444=IFCINDEXEDPOLYGONALFACE((565,564,490));
#4445=IFCINDEXEDPOLYGONALFACE((566,565,536));
#4446=IFCINDEXEDPOLYGONALFACE((566,488,537));
#4447=IFCINDEXEDPOLYGONALFACE((637,540,569));
#4448=IFCINDEXEDPOLYGONALFACE((635,634,493,598));
#4449=IFCINDEXEDPOLYGONALFACE((569,494,636));
#4450=IFCINDEXEDPOLYGONALFACE((571,541,572));
#4451=IFCINDEXEDPOLYGONALFACE((572,574,570));
#4452=IFCINDEXEDPOLYGONALFACE((570,476,571));
#4453=IFCINDEXEDPOLYGONALFACE((573,572,541));
#4454=IFCINDEXEDPOLYGONALFACE((477,570,574));
#4455=IFCINDEXEDPOLYGONALFACE((573,541,638));
#4456=IFCINDEXEDPOLYGONALFACE((573,499,640,500));
#4457=IFCINDEXEDPOLYGONALFACE((572,500,574));
#4458=IFCINDEXEDPOLYGONALFACE((471,612,642,641));
#4459=IFCINDEXEDPOLYGONALFACE((543,575,542));
#4460=IFCINDEXEDPOLYGONALFACE((579,582,581,512));
#4461=IFCINDEXEDPOLYGONALFACE((577,503,543));
#4462=IFCINDEXEDPOLYGONALFACE((578,511,544));
#4463=IFCINDEXEDPOLYGONALFACE((511,582,544));
#4464=IFCINDEXEDPOLYGONALFACE((581,586,585,483));
#4465=IFCINDEXEDPOLYGONALFACE((482,586,545));
#4466=IFCINDEXEDPOLYGONALFACE((482,547,586));
#4467=IFCINDEXEDPOLYGONALFACE((513,588,546));
#4468=IFCINDEXEDPOLYGONALFACE((593,548,590));
#4469=IFCINDEXEDPOLYGONALFACE((593,590,516));
#4470=IFCINDEXEDPOLYGONALFACE((593,592,515));
#4471=IFCINDEXEDPOLYGONALFACE((592,593,549));
#4472=IFCINDEXEDPOLYGONALFACE((484,595,548));
#4473=IFCINDEXEDPOLYGONALFACE((594,595,550));
#4474=IFCINDEXEDPOLYGONALFACE((599,550,596));
#4475=IFCINDEXEDPOLYGONALFACE((599,596,518));
#4476=IFCINDEXEDPOLYGONALFACE((598,599,551));
#4477=IFCINDEXEDPOLYGONALFACE((480,602,544));
#4478=IFCINDEXEDPOLYGONALFACE((577,604,502));
#4479=IFCINDEXEDPOLYGONALFACE((501,604,543));
#4480=IFCINDEXEDPOLYGONALFACE((605,604,501));
#4481=IFCINDEXEDPOLYGONALFACE((605,520,553));
#4482=IFCINDEXEDPOLYGONALFACE((519,606,552));
#4483=IFCINDEXEDPOLYGONALFACE((608,611,525));
#4484=IFCINDEXEDPOLYGONALFACE((607,524,555));
#4485=IFCINDEXEDPOLYGONALFACE((608,474,555));
#4486=IFCINDEXEDPOLYGONALFACE((610,525,556));
#4487=IFCINDEXEDPOLYGONALFACE((524,611,555));
#4488=IFCINDEXEDPOLYGONALFACE((474,615,555));
#4489=IFCINDEXEDPOLYGONALFACE((614,615,558));
#4490=IFCINDEXEDPOLYGONALFACE((616,615,474));
#4491=IFCINDEXEDPOLYGONALFACE((616,527,558));
#4492=IFCINDEXEDPOLYGONALFACE((526,617,557));
#4493=IFCINDEXEDPOLYGONALFACE((622,559,619));
#4494=IFCINDEXEDPOLYGONALFACE((622,619,529));
#4495=IFCINDEXEDPOLYGONALFACE((622,621,528));
#4496=IFCINDEXEDPOLYGONALFACE((621,622,560));
#4497=IFCINDEXEDPOLYGONALFACE((627,561,624));
#4498=IFCINDEXEDPOLYGONALFACE((627,624,531));
#4499=IFCINDEXEDPOLYGONALFACE((627,626,530));
#4500=IFCINDEXEDPOLYGONALFACE((626,627,562));
#4501=IFCINDEXEDPOLYGONALFACE((610,629,473));
#4502=IFCINDEXEDPOLYGONALFACE((472,629,556));
#4503=IFCINDEXEDPOLYGONALFACE((630,629,472));
#4504=IFCINDEXEDPOLYGONALFACE((630,536,563));
#4505=IFCINDEXEDPOLYGONALFACE((631,632,568));
#4506=IFCINDEXEDPOLYGONALFACE((494,635,551));
#4507=IFCINDEXEDPOLYGONALFACE((634,635,569));
#4508=IFCINDEXEDPOLYGONALFACE((540,637,568));
#4509=IFCINDEXEDPOLYGONALFACE((636,637,569));
#4510=IFCINDEXEDPOLYGONALFACE((499,639,562));
#4511=IFCINDEXEDPOLYGONALFACE((639,638,498));
#4512=IFCINDEXEDPOLYGONALFACE((638,639,573));
#4513=IFCINDEXEDPOLYGONALFACE((468,642,557));
#4514=IFCINDEXEDPOLYGONALFACE((641,642,575));
#4515=IFCINDEXEDPOLYGONALFACE((643,642,468));
#4516=IFCINDEXEDPOLYGONALFACE((643,542,575));
#4517=IFCINDEXEDPOLYGONALFACEWITHVOIDS((644,245,246,408),((247,3,2,409)));
#4518=IFCINDEXEDPOLYGONALFACEWITHVOIDS((410,1,4,248),((249,7,6,411)));
#4519=IFCINDEXEDPOLYGONALFACE((672,652,667));
#4520=IFCINDEXEDPOLYGONALFACE((666,674,646));
#4521=IFCINDEXEDPOLYGONALFACE((647,676,669));
#4522=IFCINDEXEDPOLYGONALFACE((655,668,659));
#4523=IFCINDEXEDPOLYGONALFACE((652,653,667));
#4524=IFCINDEXEDPOLYGONALFACE((667,651,672));
#4525=IFCINDEXEDPOLYGONALFACE((668,655,671));
#4526=IFCINDEXEDPOLYGONALFACE((677,650,676));
#4527=IFCINDEXEDPOLYGONALFACE((649,674,656));
#4528=IFCINDEXEDPOLYGONALFACE((676,650,670));
#4529=IFCINDEXEDPOLYGONALFACE((688,690,686));
#4530=IFCINDEXEDPOLYGONALFACE((680,682,689));
#4531=IFCINDEXEDPOLYGONALFACE((675,662,646));
#4532=IFCINDEXEDPOLYGONALFACE((677,647,678));
#4533=IFCINDEXEDPOLYGONALFACE((683,5,10));
#4534=IFCINDEXEDPOLYGONALFACE((667,683,658));
#4535=IFCINDEXEDPOLYGONALFACE((674,675,646));
#4536=IFCINDEXEDPOLYGONALFACE((9,658,683));
#4537=IFCINDEXEDPOLYGONALFACE((657,414,684));
#4538=IFCINDEXEDPOLYGONALFACE((668,671,654));
#4539=IFCINDEXEDPOLYGONALFACE((412,659,684));
#4540=IFCINDEXEDPOLYGONALFACE((5,683,653));
#4541=IFCINDEXEDPOLYGONALFACE((414,413,684));
#4542=IFCINDEXEDPOLYGONALFACE((659,668,684));
#4543=IFCINDEXEDPOLYGONALFACE((661,685,686));
#4544=IFCINDEXEDPOLYGONALFACE((661,662,685));
#4545=IFCINDEXEDPOLYGONALFACE((680,679,663));
#4546=IFCINDEXEDPOLYGONALFACE((664,679,680));
#4547=IFCINDEXEDPOLYGONALFACE((679,677,678));
#4548=IFCINDEXEDPOLYGONALFACE((683,667,653));
#4549=IFCINDEXEDPOLYGONALFACE((671,666,654));
#4550=IFCINDEXEDPOLYGONALFACE((669,672,651));
#4551=IFCINDEXEDPOLYGONALFACE((658,651,667));
#4552=IFCINDEXEDPOLYGONALFACE((654,657,668));
#4553=IFCINDEXEDPOLYGONALFACE((647,677,676));
#4554=IFCINDEXEDPOLYGONALFACE((676,672,669));
#4555=IFCINDEXEDPOLYGONALFACE((655,656,671));
#4556=IFCINDEXEDPOLYGONALFACE((670,652,672));
#4557=IFCINDEXEDPOLYGONALFACE((671,656,674));
#4558=IFCINDEXEDPOLYGONALFACE((674,649,675));
#4559=IFCINDEXEDPOLYGONALFACE((660,685,673));
#4560=IFCINDEXEDPOLYGONALFACE((671,674,666));
#4561=IFCINDEXEDPOLYGONALFACE((649,673,675));
#4562=IFCINDEXEDPOLYGONALFACE((665,650,677));
#4563=IFCINDEXEDPOLYGONALFACE((675,673,685));
#4564=IFCINDEXEDPOLYGONALFACE((672,676,670));
#4565=IFCINDEXEDPOLYGONALFACE((663,679,678));
#4566=IFCINDEXEDPOLYGONALFACE((665,677,679));
#4567=IFCINDEXEDPOLYGONALFACE((664,665,679));
#4568=IFCINDEXEDPOLYGONALFACE((680,663,682));
#4569=IFCINDEXEDPOLYGONALFACE((681,689,648));
#4570=IFCINDEXEDPOLYGONALFACE((681,664,680));
#4571=IFCINDEXEDPOLYGONALFACE((689,682,645));
#4572=IFCINDEXEDPOLYGONALFACE((683,10,9));
#4573=IFCINDEXEDPOLYGONALFACE((657,684,668));
#4574=IFCINDEXEDPOLYGONALFACE((412,684,413));
#4575=IFCINDEXEDPOLYGONALFACE((685,660,686));
#4576=IFCINDEXEDPOLYGONALFACE((675,685,662));
#4577=IFCINDEXEDPOLYGONALFACE((690,648,689));
#4578=IFCINDEXEDPOLYGONALFACE((686,687,661));
#4579=IFCINDEXEDPOLYGONALFACE((686,660,688));
#4580=IFCINDEXEDPOLYGONALFACE((689,645,690));
#4581=IFCINDEXEDPOLYGONALFACE((680,689,681));
#4582=IFCINDEXEDPOLYGONALFACE((690,645,687));
#4583=IFCINDEXEDPOLYGONALFACE((686,690,687));
#4584=IFCINDEXEDPOLYGONALFACE((688,648,690));
#4585=IFCINDEXEDPOLYGONALFACEWITHVOIDS((299,350,330,352,324,354,308,369,311,371,307,365,334,379,316,358,319,357,305,339,338,367,320,362,323,361,306,373,331,376,312,347,315,344,328,342,64,105,97,89,167,137,231,73,210,125,208,76,215,127,213,72,242,104,178,103,204,120,201,81,180,113,182,84,186,114,184,70,232,96,237,95,198,119,197,85,190,116,193,88,221,130,220,71,224,131,227,99,239,142,172,77,168,122,140,80,109,93,107,63,739,719,741,713,743,697,758,700,760,696,754,723,768,705,747,708,746,694,728,727,756,709,751,712,750,695,762,720,765,701,736,704,733,717,731,463,504,496,488,566,536,630,472,609,524,607,475,614,526,612,471,641,503,577,502,603,519,600,480,579,512,581,483,585,513,583,469,631,495,636,494,597,518,596,484,589,515,592,487,620,529,619,470,623,530,626,498,638,541,571,476,567,521,539,479,508,492,506),((427,424,436,416,433,432,449,415,430,429,439,417,445,421,434,414,657,654,666,646,662,661,687,645,682,663,678,647,669,651,658,9,25,22,34,14,31,30,47,13,28,27,37,15,43,19,32,12,265,262,274,254,270,269,295,253,290,271,286,255,277,259,266,252)));
#4586=IFCINDEXEDPOLYGONALFACE((718,714,742));
#4587=IFCINDEXEDPOLYGONALFACE((746,708,771));
#4588=IFCINDEXEDPOLYGONALFACE((728,794,727));
#4589=IFCINDEXEDPOLYGONALFACE((700,783,784));
#4590=IFCINDEXEDPOLYGONALFACE((706,792,725));
#4591=IFCINDEXEDPOLYGONALFACE((757,766,736));
#4592=IFCINDEXEDPOLYGONALFACE((735,737,734));
#4593=IFCINDEXEDPOLYGONALFACE((776,750,712));
#4594=IFCINDEXEDPOLYGONALFACE((744,742,714));
#4595=IFCINDEXEDPOLYGONALFACE((737,735,704));
#4596=IFCINDEXEDPOLYGONALFACE((728,793,794));
#4597=IFCINDEXEDPOLYGONALFACE((785,698,759));
#4598=IFCINDEXEDPOLYGONALFACE((743,767,791));
#4599=IFCINDEXEDPOLYGONALFACE((783,759,699));
#4600=IFCINDEXEDPOLYGONALFACE((693,786,761));
#4601=IFCINDEXEDPOLYGONALFACE((763,787,692));
#4602=IFCINDEXEDPOLYGONALFACE((764,702,757));
#4603=IFCINDEXEDPOLYGONALFACE((788,796,763));
#4604=IFCINDEXEDPOLYGONALFACE((740,62,730));
#4605=IFCINDEXEDPOLYGONALFACE((732,731,717,733));
#4606=IFCINDEXEDPOLYGONALFACE((739,740,741,719));
#4607=IFCINDEXEDPOLYGONALFACE((774,706,748));
#4608=IFCINDEXEDPOLYGONALFACE((754,780,723));
#4609=IFCINDEXEDPOLYGONALFACE((773,748,707));
#4610=IFCINDEXEDPOLYGONALFACE((755,782,726));
#4611=IFCINDEXEDPOLYGONALFACE((694,746,772));
#4612=IFCINDEXEDPOLYGONALFACE((694,793,728));
#4613=IFCINDEXEDPOLYGONALFACE((739,63,62));
#4614=IFCINDEXEDPOLYGONALFACE((464,463,731));
#4615=IFCINDEXEDPOLYGONALFACE((752,778,777));
#4616=IFCINDEXEDPOLYGONALFACE((778,752,711));
#4617=IFCINDEXEDPOLYGONALFACE((750,776,775));
#4618=IFCINDEXEDPOLYGONALFACE((732,729,464));
#4619=IFCINDEXEDPOLYGONALFACE((714,715,744));
#4620=IFCINDEXEDPOLYGONALFACE((742,713,741));
#4621=IFCINDEXEDPOLYGONALFACE((62,740,739));
#4622=IFCINDEXEDPOLYGONALFACE((703,766,738));
#4623=IFCINDEXEDPOLYGONALFACE((788,763,721));
#4624=IFCINDEXEDPOLYGONALFACE((790,722,764));
#4625=IFCINDEXEDPOLYGONALFACE((705,768,792));
#4626=IFCINDEXEDPOLYGONALFACE((696,779,754));
#4627=IFCINDEXEDPOLYGONALFACE((750,775,695));
#4628=IFCINDEXEDPOLYGONALFACE((724,725,769));
#4629=IFCINDEXEDPOLYGONALFACE((756,782,781));
#4630=IFCINDEXEDPOLYGONALFACE((782,756,727));
#4631=IFCINDEXEDPOLYGONALFACE((773,708,747));
#4632=IFCINDEXEDPOLYGONALFACE((793,694,772));
#4633=IFCINDEXEDPOLYGONALFACE((729,465,464));
#4634=IFCINDEXEDPOLYGONALFACE((62,61,730));
#4635=IFCINDEXEDPOLYGONALFACE((691,770,793));
#4636=IFCINDEXEDPOLYGONALFACE((731,732,464));
#4637=IFCINDEXEDPOLYGONALFACE((716,729,732));
#4638=IFCINDEXEDPOLYGONALFACE((730,718,740));
#4639=IFCINDEXEDPOLYGONALFACE((732,733,735));
#4640=IFCINDEXEDPOLYGONALFACE((733,704,735));
#4641=IFCINDEXEDPOLYGONALFACE((735,716,732));
#4642=IFCINDEXEDPOLYGONALFACE((716,735,734));
#4643=IFCINDEXEDPOLYGONALFACE((737,703,734));
#4644=IFCINDEXEDPOLYGONALFACE((704,736,737));
#4645=IFCINDEXEDPOLYGONALFACE((757,701,764));
#4646=IFCINDEXEDPOLYGONALFACE((757,702,738));
#4647=IFCINDEXEDPOLYGONALFACE((737,766,703));
#4648=IFCINDEXEDPOLYGONALFACE((742,740,718));
#4649=IFCINDEXEDPOLYGONALFACE((742,741,740));
#4650=IFCINDEXEDPOLYGONALFACE((743,744,767));
#4651=IFCINDEXEDPOLYGONALFACE((767,744,715));
#4652=IFCINDEXEDPOLYGONALFACE((713,742,744));
#4653=IFCINDEXEDPOLYGONALFACE((743,713,744));
#4654=IFCINDEXEDPOLYGONALFACE((771,707,745));
#4655=IFCINDEXEDPOLYGONALFACE((794,770,726));
#4656=IFCINDEXEDPOLYGONALFACE((691,772,745));
#4657=IFCINDEXEDPOLYGONALFACE((705,774,747));
#4658=IFCINDEXEDPOLYGONALFACE((749,775,776));
#4659=IFCINDEXEDPOLYGONALFACE((749,692,775));
#4660=IFCINDEXEDPOLYGONALFACE((779,693,753));
#4661=IFCINDEXEDPOLYGONALFACE((751,777,778));
#4662=IFCINDEXEDPOLYGONALFACE((751,709,777));
#4663=IFCINDEXEDPOLYGONALFACE((724,780,753));
#4664=IFCINDEXEDPOLYGONALFACE((755,781,782));
#4665=IFCINDEXEDPOLYGONALFACE((755,710,781));
#4666=IFCINDEXEDPOLYGONALFACE((766,757,738));
#4667=IFCINDEXEDPOLYGONALFACE((736,701,757));
#4668=IFCINDEXEDPOLYGONALFACE((783,700,758));
#4669=IFCINDEXEDPOLYGONALFACE((697,785,758));
#4670=IFCINDEXEDPOLYGONALFACE((786,696,760));
#4671=IFCINDEXEDPOLYGONALFACE((762,695,787));
#4672=IFCINDEXEDPOLYGONALFACE((795,700,784));
#4673=IFCINDEXEDPOLYGONALFACE((762,787,796));
#4674=IFCINDEXEDPOLYGONALFACE((788,789,720));
#4675=IFCINDEXEDPOLYGONALFACE((722,702,764));
#4676=IFCINDEXEDPOLYGONALFACE((701,765,790));
#4677=IFCINDEXEDPOLYGONALFACE((790,789,722));
#4678=IFCINDEXEDPOLYGONALFACE((736,766,737));
#4679=IFCINDEXEDPOLYGONALFACE((715,698,767));
#4680=IFCINDEXEDPOLYGONALFACE((791,767,698));
#4681=IFCINDEXEDPOLYGONALFACE((769,723,780));
#4682=IFCINDEXEDPOLYGONALFACE((723,769,768));
#4683=IFCINDEXEDPOLYGONALFACE((792,769,725));
#4684=IFCINDEXEDPOLYGONALFACE((771,745,772));
#4685=IFCINDEXEDPOLYGONALFACE((773,771,708));
#4686=IFCINDEXEDPOLYGONALFACE((772,691,793));
#4687=IFCINDEXEDPOLYGONALFACE((771,772,746));
#4688=IFCINDEXEDPOLYGONALFACE((773,747,774));
#4689=IFCINDEXEDPOLYGONALFACE((771,773,707));
#4690=IFCINDEXEDPOLYGONALFACE((774,705,792));
#4691=IFCINDEXEDPOLYGONALFACE((773,774,748));
#4692=IFCINDEXEDPOLYGONALFACE((787,775,692));
#4693=IFCINDEXEDPOLYGONALFACE((778,776,712));
#4694=IFCINDEXEDPOLYGONALFACE((749,776,711));
#4695=IFCINDEXEDPOLYGONALFACE((781,777,709));
#4696=IFCINDEXEDPOLYGONALFACE((752,777,710));
#4697=IFCINDEXEDPOLYGONALFACE((776,778,711));
#4698=IFCINDEXEDPOLYGONALFACE((751,778,712));
#4699=IFCINDEXEDPOLYGONALFACE((779,753,780));
#4700=IFCINDEXEDPOLYGONALFACE((786,779,696));
#4701=IFCINDEXEDPOLYGONALFACE((780,724,769));
#4702=IFCINDEXEDPOLYGONALFACE((779,780,754));
#4703=IFCINDEXEDPOLYGONALFACE((777,781,710));
#4704=IFCINDEXEDPOLYGONALFACE((756,781,709));
#4705=IFCINDEXEDPOLYGONALFACE((794,782,727));
#4706=IFCINDEXEDPOLYGONALFACE((783,758,785));
#4707=IFCINDEXEDPOLYGONALFACE((784,783,699));
#4708=IFCINDEXEDPOLYGONALFACE((761,795,699));
#4709=IFCINDEXEDPOLYGONALFACE((784,699,795));
#4710=IFCINDEXEDPOLYGONALFACE((785,697,791));
#4711=IFCINDEXEDPOLYGONALFACE((783,785,759));
#4712=IFCINDEXEDPOLYGONALFACE((786,760,795));
#4713=IFCINDEXEDPOLYGONALFACE((779,786,693));
#4714=IFCINDEXEDPOLYGONALFACE((775,787,695));
#4715=IFCINDEXEDPOLYGONALFACE((789,788,721));
#4716=IFCINDEXEDPOLYGONALFACE((762,788,720));
#4717=IFCINDEXEDPOLYGONALFACE((722,789,721));
#4718=IFCINDEXEDPOLYGONALFACE((765,720,789));
#4719=IFCINDEXEDPOLYGONALFACE((701,790,764));
#4720=IFCINDEXEDPOLYGONALFACE((789,790,765));
#4721=IFCINDEXEDPOLYGONALFACE((785,791,698));
#4722=IFCINDEXEDPOLYGONALFACE((743,791,697));
#4723=IFCINDEXEDPOLYGONALFACE((792,706,774));
#4724=IFCINDEXEDPOLYGONALFACE((769,792,768));
#4725=IFCINDEXEDPOLYGONALFACE((794,793,770));
#4726=IFCINDEXEDPOLYGONALFACE((782,794,726));
#4727=IFCINDEXEDPOLYGONALFACE((786,795,761));
#4728=IFCINDEXEDPOLYGONALFACE((700,795,760));
#4729=IFCINDEXEDPOLYGONALFACE((763,796,787));
#4730=IFCINDEXEDPOLYGONALFACE((788,762,796));
#4731=IFCCARTESIANPOINTLIST3D(((199.99999999999608,162.5000000000023,900.00000000000102),(199.99999999999608,175.0000000000023,900.00000000000102),(199.99999999999608,175.0000000000023,249.99999999999773),(199.99999999999608,162.5000000000023,249.99999999999773),(211.99999999999602,176.00000000000236,888.00000000000102),(211.99999999999608,162.50000000000236,888.00000000000102),(211.99999999999608,162.50000000000236,261.99999999999767),(211.99999999999602,176.0000000000023,261.99999999999767),(206.99999999999619,181.0000000000023,893.00000000000102),(210.5355339059289,179.53553390593501,889.46446609406826),(210.5355339059289,179.53553390593498,260.53553390593061),(206.99999999999608,181.0000000000023,256.99999999999761),(206.99999999999613,181.0000000000023,580.69246900529015),(206.99999999999619,181.0000000000023,736.84624237073592),(206.99999999999613,181.0000000000023,413.15378910162428),(211.99999999999613,176.0000000000023,574.99999999999943),(211.99999999999613,176.0000000000023,731.50000186681007),(211.99999999999613,176.0000000000023,418.4999981331888),(206.99999999999608,181.0000000000023,335.0769024189014),(211.99999999999613,176.0000000000023,340.24999906659332),(211.99999999999613,176.0000000000023,301.03844302956105),(206.99999999999619,181.0000000000023,814.92312905345887),(211.99999999999613,176.0000000000023,809.75000093340566),(211.99999999999613,176.0000000000023,770.62500140010786),(206.99999999999619,181.0000000000023,853.96157239482034),(211.99999999999613,176.0000000000023,496.74999719978427),(206.99999999999613,181.0000000000023,496.92312905345727),(206.99999999999613,181.0000000000023,538.80779116128326),(211.99999999999613,176.0000000000023,653.2500028002147),(206.99999999999616,181.0000000000023,658.76935568801309),(206.99999999999616,181.0000000000023,697.80779902937456),(206.99999999999608,181.0000000000023,296.03845907753993),(211.99999999999613,176.0000000000023,848.87500046670334),(206.99999999999619,181.0000000000023,775.88468571209739),(211.99999999999616,176.0000000000023,692.37500233351227),(211.99999999999613,176.0000000000023,457.62499766648648),(206.99999999999613,181.0000000000023,455.03846694563117),(210.52947986535779,179.54157759762836,477.18749774491522),(210.53862419827212,179.5324409101062,506.87951516267219),(211.99999999999613,176.0000000000023,535.87500046670175),(210.61855894754606,179.45051172192217,438.06249813407339),(210.59778816474889,179.47216363692453,409.21964975196948),(206.99999999999613,181.0000000000023,374.11534576026281),(211.99999999999613,176.0000000000023,379.37499859989106),(210.62863995882662,179.43990872686967,555.43749698142949),(210.59976911066826,179.47010984694526,584.25091670670565),(206.99999999999616,181.0000000000023,619.73091234665162),(211.99999999999613,176.0000000000023,614.12499953329723),(210.69240205896446,179.37137465063466,751.06249509312534),(210.39335963811737,179.67220783267868,719.5040316043619),(210.59706230315834,179.47291560323387,779.89178406272845),(210.68858074564122,179.37555507774232,320.64422078052525),(210.40034889983917,179.66573694628423,352.09127521382186),(210.59490575443044,179.47514785537982,291.80364141821588),(210.68820068911896,179.37597033114474,829.31249472697255),(210.59597718397575,179.47403916102192,858.1589676060114),(210.36953251172966,179.69408319510916,678.28855818494196),(210.47075249014324,179.5991495040015,649.46841014337178),(210.50141971646474,179.56932206015955,380.37512894794253),(210.49254156493382,179.57800970054566,612.6410871090244),(191.99999999999608,179.00000000000236,908.00000000000114),(192.58578643762297,180.41421356237541,907.41421356237413),(193.99999999999611,181.0000000000023,906.00000000000102),(193.99999999999611,181.0000000000023,243.99999999999773),(192.58578643762306,180.41421356237547,242.58578643762468),(191.99999999999608,179.00000000000233,241.99999999999778),(191.99999999999608,179.00000000000236,574.99999999999943),(191.99999999999608,179.00000000000236,741.49999797502471),(191.99999999999608,179.00000000000233,408.50000202497409),(193.99999999999611,181.0000000000023,574.9999981541273),(193.99999999999611,181.0000000000023,740.49999907706399),(193.99999999999611,181.0000000000023,409.49999723119055),(193.99999999999611,181.0000000000023,326.74999676972209),(191.99999999999608,179.00000000000233,325.2500030374614),(191.99999999999608,179.00000000000233,366.87500253121772),(193.99999999999611,181.0000000000023,368.12499700045623),(193.99999999999611,181.0000000000023,823.24999953853262),(191.99999999999608,179.00000000000236,824.74999696253735),(191.99999999999608,179.00000000000236,858.61983843322594),(193.99999999999611,181.0000000000023,864.62499976926688),(193.99999999999611,181.0000000000023,492.24999769265884),(191.99999999999613,179.00000000000236,491.75000101248673),(191.99999999999608,179.00000000000236,533.37500050624317),(193.99999999999611,181.0000000000023,533.62499792339315),(193.99999999999611,181.0000000000023,657.7499986155957),(191.99999999999608,179.00000000000236,658.24999898751196),(191.99999999999608,179.00000000000236,699.87499848126845),(193.99999999999611,181.0000000000023,699.12499884632985),(193.99999999999611,181.0000000000023,285.37499653898783),(191.99999999999608,179.00000000000236,283.62500354370508),(191.99999999999608,179.00000000000233,304.43750329058327),(191.99999999999608,179.00000000000236,883.30991921661348),(193.99999999999611,181.0000000000023,885.31249988463389),(191.99999999999608,179.00000000000236,616.62499949375569),(193.99999999999611,181.0000000000023,616.37499838486156),(193.99999999999611,181.0000000000023,595.68749826949431),(193.99999999999611,181.0000000000023,268.69007796768091),(191.99999999999608,179.00000000000233,262.81249974687591),(193.99999999999611,181.0000000000023,781.87499930779825),(191.99999999999608,179.00000000000236,783.12499746878109),(191.99999999999608,179.00000000000236,803.93749721565928),(191.99999999999608,179.00000000000236,450.12500151873041),(193.99999999999611,181.0000000000023,450.87499746192469),(193.99999999999611,181.0000000000023,430.18749734655762),(193.99999999999611,181.0000000000023,256.34504082971137),(191.99999999999608,179.00000000000236,895.65495960830731),(193.99999999999611,181.0000000000023,893.65496286203154),(192.54056248338551,180.36749483915511,889.4837298834633),(193.99999999999611,181.0000000000023,874.96874982695033),(191.99999999999608,179.00000000000236,870.96487882491977),(192.64332194765694,180.46949809877663,869.79687394433154),(191.99999999999608,179.00000000000236,512.56250075936498),(193.99999999999611,181.0000000000023,512.93749780802602),(193.99999999999611,181.0000000000023,554.31249803876017),(191.99999999999608,179.00000000000236,554.18750025312124),(193.99999999999611,181.0000000000023,678.43749873096294),(191.99999999999608,179.00000000000236,679.06249873439026),(191.99999999999608,179.00000000000236,637.43749924063388),(193.99999999999611,181.0000000000023,637.06249850022857),(193.99999999999611,181.0000000000023,471.56249757729177),(191.99999999999608,179.00000000000236,470.93750126560866),(193.99999999999611,181.0000000000023,843.93749965389975),(192.70118014727697,180.52087704637478,857.45931601636266),(191.99999999999608,179.00000000000236,841.68491567290619),(193.99999999999611,181.0000000000023,347.43749688508916),(191.99999999999608,179.00000000000233,346.06250278433953),(193.99999999999611,181.0000000000023,388.81249711582331),(191.99999999999608,179.00000000000236,387.68750227809591),(191.99999999999608,179.00000000000236,720.68749822814652),(193.99999999999611,181.0000000000023,719.81249896169697),(193.99999999999611,181.0000000000023,761.18749919243123),(191.99999999999608,179.00000000000236,762.3124977219029),(191.99999999999608,179.00000000000233,254.34504039169155),(192.55732829674409,180.38517087633343,258.57876971683282),(191.99999999999608,179.00000000000233,273.21875164529052),(192.63385579565448,180.4607018905138,278.42187482150621),(193.99999999999611,181.0000000000023,306.06249665435502),(192.53061679717604,180.3568024923608,291.73719706009905),(192.6485697733718,180.47432572472061,833.21745803048532),(193.99999999999611,181.0000000000023,854.2812497115832),(191.99999999999608,179.00000000000236,595.81249974687762),(193.99999999999611,181.0000000000023,802.56249942316549),(191.99999999999608,179.00000000000236,429.31250177185228),(192.54754455985358,180.37490843128069,439.71874887625353),(192.56339170441728,180.39145844533013,502.15624851574773),(192.56885333123296,180.39707523508747,522.96874839652583),(192.58578637602929,180.41421350078164,564.65624829567867),(192.59151132339392,180.41991536645321,543.96874840053226),(192.60840028474246,180.43647145203536,668.09374779880568),(192.55273804360635,180.38037416289691,689.46874749156939),(192.56339169879192,180.39145843952221,647.84374770247098),(192.59718921229333,180.42552512917564,626.71874799023362),(192.60840031960848,180.43647148581223,481.9062487193118),(192.61393170054734,180.44180951213042,461.21874882654004),(192.55525076327825,180.38300384779271,845.89431925146766),(192.64081274922017,180.46717756844049,357.78124936674214),(192.64602803980364,180.47199182437245,337.09374947531978),(192.63021883206076,180.45729185545534,399.1562491500311),(192.63554274988849,180.46227781650259,378.4687492583044),(192.54243895551724,180.36949472493473,731.09374731130595),(192.6194124388465,180.44705839066907,709.46874762829577),(192.6302187950908,180.45729182070545,750.84374750524228),(192.53248860511957,180.35882681233258,772.71874720712697),(192.5182043664006,180.34323553417244,314.84374960430318),(191.99999999999608,179.00000000000233,294.03125544211969),(192.60124310228522,180.42950310986473,303.12197309733642),(193.99999999999611,181.0000000000023,295.71874659667145),(193.99999999999611,181.0000000000023,833.59374959621618),(192.58578636025285,180.41421348500526,585.34374819213053),(192.57440582180374,180.40274061718856,606.21874792772633),(192.57140592612865,180.39968531181739,821.83241526700249),(193.99999999999611,181.0000000000023,812.90624948084906),(192.61346261679489,180.44135841656131,807.73437257951889),(192.57863263617642,180.40702338895801,792.92674365243238),(191.99999999999608,179.00000000000236,814.34374506412291),(192.62484180128698,180.45221896714295,419.84374904195272),(191.99999999999608,179.00000000000233,439.71874962031586),(193.99999999999611,181.0000000000023,440.53124740424113),(191.99999999999608,179.00000000000236,502.15625291090134),(193.99999999999611,181.0000000000023,502.59374775034246),(191.99999999999608,179.00000000000236,522.9687486078285),(193.99999999999611,181.0000000000023,523.28124786570959),(192.66072748507483,180.4853784469903,512.55999484485358),(193.99999999999611,181.0000000000023,564.65624809644373),(191.99999999999608,179.00000000000236,564.59374810158488),(193.99999999999611,181.0000000000023,543.9687479810766),(192.65219172288676,180.47763759026438,533.4610042285467),(191.99999999999613,179.00000000000236,543.78125240465772),(192.50850965856873,180.33246259288396,554.31019368933084),(193.99999999999611,181.0000000000023,668.09374867327926),(191.99999999999608,179.00000000000236,668.65625088592674),(191.99999999999608,179.00000000000236,689.4687465828539),(193.99999999999611,181.0000000000023,688.78124878864639),(192.63410422922266,180.46093420227947,678.79528720150427),(191.99999999999608,179.00000000000236,647.84374708909752),(192.48969998898306,180.31110406785274,657.99116807617963),(193.99999999999611,181.0000000000023,647.40624855791225),(193.99999999999611,181.0000000000023,626.71874844254512),(191.99999999999608,179.00000000000236,627.03125139217036),(192.52741396721336,180.35332567257828,637.27245849630469),(193.99999999999611,181.0000000000023,481.90624763497539),(191.99999999999608,179.00000000000236,481.34374911407218),(192.48969999436059,180.31110407404728,492.00882826605391),(193.99999999999611,181.0000000000023,461.21874751960831),(192.62806767187439,180.45526687829459,450.45395589980501),(191.99999999999608,179.00000000000236,460.53125341714497),(192.50871576057003,180.33269325699709,471.55971877830842),(193.99999999999611,181.0000000000023,357.78124694277273),(191.99999999999608,179.00000000000233,356.46875063280322),(193.99999999999611,181.0000000000023,337.0937468274056),(191.99999999999608,179.00000000000236,335.65625493587606),(192.50580546089537,180.32942945631862,347.43408620048928),(193.99999999999611,181.0000000000023,399.15624717350693),(191.99999999999608,179.00000000000236,398.09375012655948),(193.99999999999611,181.0000000000023,378.4687470581398),(192.6704549722044,180.49409170370538,368.12576777040965),(191.99999999999608,179.00000000000236,377.28125442963238),(192.50719841632227,180.33099340035443,388.80928579060145),(191.99999999999608,179.00000000000236,731.09374607661016),(193.99999999999611,181.0000000000023,730.15624901938054),(193.99999999999611,181.0000000000023,709.46874890401341),(191.99999999999608,179.00000000000236,710.281250379683),(192.55036961197862,180.37788669278095,720.27022015228135),(193.99999999999611,181.0000000000023,750.84374913474755),(191.99999999999608,179.00000000000236,751.90624987343926),(191.99999999999608,179.00000000000236,772.71874557036654),(193.99999999999611,181.0000000000023,771.5312492501148),(192.60994131789636,180.4379627465014,761.79453198200599),(191.99999999999608,179.00000000000233,314.84375113904684),(192.5802031725128,180.40860816719018,325.96901468286126),(193.99999999999611,181.0000000000023,316.40624671203852),(193.99999999999611,181.0000000000023,585.34374821181086),(192.66769025452652,180.49162687765195,574.99999825233442),(191.99999999999608,179.00000000000236,585.40625189841398),(191.99999999999608,179.00000000000236,606.21874759534126),(192.50027789502536,180.32319069217863,616.47868387305448),(193.99999999999611,181.0000000000023,606.0312483271781),(192.65821237386447,180.48310686276037,595.78548285288321),(193.99999999999611,181.0000000000023,792.21874936548204),(192.69108645250697,180.51219883785382,782.79142051754707),(191.99999999999608,179.00000000000236,793.53124936719564),(193.99999999999611,181.0000000000023,419.84374728887406),(192.67008787881878,180.4937649580682,409.50104356408116),(191.99999999999608,179.00000000000236,418.90625392338876),(191.99999999999613,175.0000000000023,908.00000000000091),(191.99999999999613,175.0000000000023,241.99999999999778),(799.99999999999602,175.00000000000131,249.99999999999767),(799.99999999999602,162.50000000000134,249.99999999999773),(787.99999999999591,162.50000000000139,261.99999999999778),(787.99999999999591,176.00000000000134,261.99999999999773),(789.46446609406314,179.53553390593407,260.53553390593049),(792.99999999999591,181.00000000000136,256.99999999999773),(519.30753714423258,181.00000000000182,256.99999999999773),(363.15376189077858,181.00000000000207,256.99999999999778),(636.84622474654179,181.00000000000162,256.99999999999773),(499.99999999999596,176.00000000000182,261.99999999999778),(356.00000166464758,176.00000000000207,261.99999999999778),(643.99999833534446,176.00000000000159,261.99999999999778),(714.92311237326896,181.00000000000148,256.99999999999773),(715.99999750301879,176.00000000000148,261.99999999999778),(748.9615553245784,176.00000000000142,261.99999999999778),(285.07687426405158,181.00000000000216,256.99999999999784),(284.00000249697331,176.00000000000219,261.99999999999778),(320.00000208081048,176.00000000000216,261.99999999999778),(246.03844381335963,181.00000000000225,256.99999999999784),(753.96155618663249,181.00000000000142,256.99999999999773),(251.03844467541353,176.00000000000222,261.99999999999778),(428.00000083232175,176.00000000000196,261.99999999999778),(441.23064951750564,181.00000000000193,256.99999999999773),(402.19220570414205,181.00000000000199,256.99999999999778),(578.07688762672308,181.00000000000171,256.99999999999773),(571.99999916767024,176.00000000000168,261.99999999999778),(607.99999875150741,176.00000000000165,261.99999999999778),(324.11531807741505,181.0000000000021,256.99999999999784),(732.48077923524056,179.56797512360021,260.50279224581828),(267.51922671674987,179.56797507640201,260.5027922938956),(675.88466855990544,181.00000000000156,256.99999999999773),(679.99999791918162,176.00000000000153,261.99999999999778),(298.96627819675285,179.50779681382727,260.56305508137365),(701.03372488271145,179.50779686481997,260.56305503117113),(392.00000124848469,176.00000000000202,261.99999999999778),(338.00000478681204,179.41696091073129,260.65025726963626),(367.19845931951903,179.43725958398602,260.63114948085234),(662.00000145810952,179.41696095114969,260.65025723180059),(632.80154547094594,179.4372595728052,260.63114949143574),(607.46156286796827,181.00000000000162,256.99999999999773),(592.76922416232571,179.52117922146317,260.54983054388964),(561.63898902327401,179.67732866352685,260.38780960214729),(535.99999958383319,176.00000000000173,261.99999999999778),(548.69221238547789,181.00000000000176,256.99999999999773),(760.96012136651655,179.33044569489368,260.72936073253271),(239.03988171321072,179.33044553737201,260.72936087320568),(410.00000405757805,179.29409359106225,260.76150866186941),(439.04344431871556,179.42983030258185,260.63816768380576),(480.26909333086905,181.0000000000019,256.99999999999773),(464.00000041615885,176.00000000000188,261.99999999999778),(518.00000294195343,179.23767954130565,260.8101746925575),(488.3972560356907,179.47405478263579,260.59596209201959),(805.99999999999602,181.00000000000131,243.99999999999773),(807.41421356236901,180.41421356237439,242.58578643762465),(807.99999999999591,179.00000000000131,241.99999999999775),(500.00000184553608,179.00000000000182,241.99999999999775),(346.00000092276616,179.00000000000207,241.99999999999775),(653.99999907722588,179.00000000000153,241.99999999999775),(500.00000170366326,181.00000000000182,243.99999999999773),(347.00000085182967,181.00000000000207,243.99999999999773),(652.99999914816237,181.00000000000156,243.99999999999773),(729.50000127774638,181.00000000000145,243.99999999999773),(730.9999976930709,179.00000000000145,241.99999999999775),(692.49999838514839,179.00000000000148,241.99999999999775),(691.25000021295432,181.00000000000148,243.99999999999773),(270.50000212958014,181.00000000000219,243.99999999999773),(268.99999861584109,179.00000000000222,241.99999999999775),(241.38015553935554,179.00000000000227,241.99999999999775),(232.25000106478814,181.00000000000225,243.99999999999773),(576.50000042591284,181.00000000000171,243.99999999999773),(577.00000046138109,179.00000000000168,241.99999999999775),(538.50000115345858,179.00000000000173,241.99999999999778),(538.25000276845526,181.00000000000176,243.99999999999773),(423.4999995740792,181.00000000000196,243.99999999999773),(423.00000322969117,179.00000000000193,241.99999999999775),(384.50000023068861,179.00000000000202,241.99999999999775),(385.2499985092872,181.00000000000202,243.99999999999773),(767.75000234253844,181.00000000000139,243.99999999999773),(769.50000069207351,179.00000000000136,241.99999999999778),(750.2499991925722,179.00000000000139,241.99999999999775),(216.69007776967584,179.00000000000233,241.99999999999775),(213.12500053239211,181.0000000000023,243.99999999999773),(783.30991853923615,179.00000000000134,241.99999999999775),(786.87500287493435,181.00000000000136,243.99999999999773),(308.75000319437214,181.00000000000213,243.99999999999773),(307.50000161484371,179.00000000000216,241.99999999999775),(288.2500001153424,179.00000000000219,241.99999999999775),(614.74999808337031,181.00000000000162,243.99999999999773),(615.49999976930349,179.00000000000162,241.99999999999775),(596.25000196088229,179.00000000000168,241.99999999999775),(461.50000253761363,179.00000000000188,241.99999999999775),(461.75000063887126,181.0000000000019,243.99999999999773),(480.87500117126723,181.00000000000182,243.99999999999773),(204.34503888483599,179.00000000000236,241.99999999999775),(795.65495742407609,179.00000000000134,241.99999999999775),(206.34503865010947,181.0000000000023,243.99999999999773),(209.73502011453803,180.3746468509874,242.54729699006188),(222.68750079859012,181.00000000000227,243.99999999999773),(229.03511665451566,179.00000000000227,241.99999999999775),(227.46875097722102,180.45883974561559,242.63186747841263),(251.37500159718411,181.00000000000225,243.99999999999773),(239.99189208767274,180.53710707407507,242.72042903954443),(255.19007707759832,179.00000000000222,241.99999999999775),(793.65496134988257,181.00000000000136,243.99999999999773),(790.26498035086399,180.37464680910989,242.54729695043542),(777.31250260873639,181.00000000000136,243.99999999999773),(772.53125022699794,180.44427521981746,242.61650114223701),(748.62500181014229,181.00000000000142,243.99999999999773),(758.31179473233703,180.46672954932373,242.64032929385428),(519.25000334503727,179.00000000000182,241.99999999999775),(519.12500223605923,181.00000000000179,243.99999999999773),(557.37500330085129,181.00000000000173,243.99999999999773),(557.74999896187978,179.00000000000173,241.99999999999775),(365.24999873118736,179.00000000000207,241.99999999999775),(366.12499797689122,181.00000000000202,243.99999999999773),(404.37499904168322,181.00000000000196,243.99999999999773),(403.75000173018987,179.00000000000202,241.99999999999775),(634.74999757772457,179.00000000000162,241.99999999999775),(633.87499861576623,181.00000000000162,243.99999999999773),(442.25000472919237,179.00000000000193,241.99999999999775),(442.62500010647523,181.0000000000019,243.99999999999773),(262.0950418516116,180.46432876565163,242.63774405264729),(710.37500074535035,181.00000000000148,243.99999999999773),(711.7499961935697,179.00000000000148,241.99999999999775),(672.12499968055829,181.00000000000156,243.99999999999773),(673.25000057672719,179.00000000000153,241.99999999999775),(327.87500372676823,181.0000000000021,243.99999999999773),(326.75000311434496,179.0000000000021,241.9999999999977),(274.0819885521077,180.38503246786985,242.55719541761229),(289.62500266197611,181.00000000000216,243.99999999999773),(250.98272044622308,180.33175562961767,242.5078783752675),(746.82697919020984,180.39522926929664,242.56705363460162),(595.62499755097429,181.00000000000165,243.99999999999773),(605.1875011558609,180.43968026386315,242.61172022349453),(480.75000034603482,179.00000000000188,241.99999999999775),(528.87500168734596,180.40361563807153,242.57526734417559),(509.62500180236862,180.40888951737833,242.58048236085881),(547.81250146934246,180.42466358657256,242.59631425699854),(566.93750136540734,180.42975624211371,242.60150184549707),(355.62500261564577,180.373070255512,242.54580672761821),(375.68750231441817,180.44451297614995,242.61674938577764),(413.93750215469947,180.43476153997904,242.60663740418767),(394.12500244886894,180.38303759733668,242.55528307119863),(644.37500098216492,180.37307026977342,242.54580674108453),(625.12500110084841,180.37802648740998,242.55050250086194),(432.62500224721322,180.39322149264416,242.56510144175758),(452.18750197114269,180.42466356337832,242.59631423345752),(700.81250062604272,180.46299808265348,242.63631506198729),(689.355175425634,180.40014145011165,242.57185297686476),(719.93750051945085,180.46741121508268,242.64106500307776),(662.5625008387068,180.45392338302889,242.62664396593874),(337.43750242093626,180.45392335352537,242.62664393470379),(317.12500269774017,180.36332552962068,242.53666698926835),(305.68495927088094,180.42770793723054,242.59941082183906),(285.72346713502304,180.4337233181987,242.60556913155727),(734.75817337779188,180.44395473507208,242.61616665632263),(586.62500133711717,180.38810287388353,242.56014917039039),(490.4375017755487,180.41421348707749,242.58578636232716),(471.12500202903306,180.40361564163283,242.57526734768396),(677.26699370660117,180.43693099740437,242.60887480480395),(327.23528811286167,180.50803966467905,242.68629669644659),(807.99999999999602,175.00000000000131,241.9999999999977),(799.99999999999602,175.00000000000131,900.00000000000102),(799.99999999999591,162.50000000000134,900.00000000000102),(787.99999999999591,162.50000000000139,888.00000000000102),(787.99999999999602,176.00000000000134,888.00000000000102),(789.46446609406314,179.5355339059341,889.46446609406826),(792.99999999999591,181.00000000000136,893.00000000000114),(792.99999999999591,181.00000000000136,569.3075467308895),(792.99999999999579,181.00000000000136,413.15377336544356),(792.99999999999591,181.00000000000136,736.84622663455525),(787.99999999999591,176.00000000000134,574.99999999999932),(787.99999999999591,176.00000000000134,418.49999999999852),(787.99999999999591,176.00000000000134,731.50000000000023),(792.99999999999591,181.00000000000136,814.92311331727819),(787.99999999999591,176.00000000000134,809.74999813319084),(787.99999999999591,176.00000000000134,848.96155557342797),(792.99999999999579,181.00000000000136,335.07688668272061),(787.99999999999591,176.00000000000136,340.25000186680808),(787.99999999999591,176.00000000000136,379.37499906659343),(792.99999999999591,181.00000000000136,296.0384433413592),(787.99999999999591,176.00000000000134,653.25000186680973),(792.99999999999591,181.00000000000136,653.07688668272226),(792.99999999999591,181.00000000000136,611.1922245748965),(787.99999999999591,176.00000000000134,496.74999813318908),(792.99999999999591,181.00000000000136,491.23066004816661),(792.99999999999591,181.00000000000136,452.19221670680503),(792.99999999999591,181.00000000000136,853.96155665863967),(787.99999999999591,176.00000000000136,301.12500093340293),(792.99999999999591,181.00000000000136,374.11533002408208),(787.99999999999591,176.00000000000136,457.62500093340378),(787.99999999999591,176.00000000000134,692.37499906659525),(792.99999999999591,181.00000000000136,694.96154879054836),(789.47052013463428,179.54157759762739,672.81250225508347),(789.46137580172001,179.53244091010529,643.12048483732644),(787.99999999999591,176.00000000000134,614.12500093340452),(789.38144105244589,179.4505117219212,711.93750186592547),(789.40221183524318,179.4721636369236,740.78035024802932),(792.99999999999591,181.00000000000136,775.88466997591672),(787.99999999999591,176.00000000000134,770.62500093340532),(789.37136004116542,179.43990872686879,594.56250301856926),(789.40023088932378,179.47010984694438,565.74908329329298),(792.99999999999591,181.00000000000136,530.26910338952803),(787.99999999999591,176.00000000000134,535.87499906659423),(789.30759794102755,179.37137465063375,398.93750490687336),(789.60664036187472,179.67220783267774,430.49596839563702),(789.40293769683365,179.47291560323296,370.10821593727024),(789.31141925435077,179.37555507774141,829.35577921947356),(789.59965110015287,179.66573694628326,797.908724786177),(789.40509424556149,179.47514785537894,858.1963585817831),(789.31179931087297,179.3759703311438,320.6875052730262),(789.40402281601621,179.47403916102098,291.84103239398735),(789.6304674882623,179.69408319510822,471.71144181505679),(789.5292475098488,179.59914950400059,500.53158985662697),(789.4985802835273,179.56932206015861,769.62487105205639),(789.5074584350582,179.57800970054475,537.35891289097424),(805.99999999999602,181.00000000000131,906.00000000000102),(807.4142135623689,180.41421356237447,907.41421356237402),(807.99999999999591,179.00000000000131,908.00000000000091),(807.99999999999591,179.00000000000134,575.00000202497495),(807.99999999999591,179.00000000000134,408.50000101248628),(807.99999999999591,179.00000000000134,741.50000303746367),(805.99999999999602,181.00000000000136,575.00000184587145),(805.99999999999602,181.00000000000136,409.50000092293459),(805.99999999999602,181.00000000000136,740.50000276880814),(805.99999999999602,181.00000000000131,823.25000323027666),(807.99999999999591,179.00000000000131,824.7499994937566),(807.99999999999591,179.00000000000134,783.12500126561008),(805.99999999999602,181.00000000000131,781.87500299954252),(805.99999999999602,181.00000000000136,326.75000046146619),(807.99999999999591,179.00000000000134,325.25000050624197),(807.99999999999591,179.00000000000134,291.38015676996304),(805.99999999999602,181.00000000000136,285.37500023073193),(805.99999999999602,181.00000000000136,657.75000230733986),(807.99999999999591,179.00000000000134,658.25000253121925),(807.99999999999591,179.00000000000134,616.62500430307284),(805.99999999999602,181.00000000000136,616.3750020766056),(805.99999999999602,181.00000000000136,492.25000138440294),(807.99999999999591,179.00000000000134,491.75000151873064),(807.99999999999591,179.00000000000134,450.12500329058417),(805.99999999999602,181.00000000000136,450.87500115366873),(805.99999999999602,181.00000000000131,864.62500346101092),(807.99999999999591,179.00000000000131,866.3750017718545),(807.99999999999591,179.00000000000134,845.56250063280561),(807.99999999999591,179.00000000000134,266.69007838498044),(805.99999999999602,181.00000000000136,264.68750011536486),(807.99999999999591,179.00000000000134,533.37499974687717),(805.99999999999602,181.00000000000136,533.62500161513719),(805.99999999999602,181.00000000000136,554.31250173050444),(805.99999999999602,181.00000000000131,881.30992203231779),(807.99999999999591,179.00000000000131,887.18749886095213),(805.99999999999602,181.00000000000136,368.12500069220033),(807.99999999999591,179.00000000000134,366.87499873438856),(807.99999999999591,179.00000000000134,346.06250164529087),(807.99999999999591,179.00000000000134,699.87500075936578),(805.99999999999602,181.00000000000136,699.125002538074),(805.99999999999602,181.00000000000131,719.81250265344113),(805.99999999999602,181.00000000000131,893.65495917028727),(807.99999999999591,179.00000000000134,254.3450371675134),(805.99999999999602,181.00000000000136,256.34503713796727),(807.4594375166065,180.36749483915415,260.51627011653551),(805.99999999999602,181.00000000000136,275.03125017304842),(807.99999999999591,179.00000000000134,279.03511960244737),(807.35667805233504,180.46949809877566,280.2031260556671),(807.99999999999591,179.00000000000134,637.43750139217047),(805.99999999999602,181.00000000000136,637.06250219197273),(805.99999999999602,181.00000000000136,595.68750196123858),(807.99999999999591,179.00000000000134,595.81250316402384),(805.99999999999602,181.00000000000136,471.56250126903586),(807.99999999999591,179.00000000000134,470.93750037968181),(807.99999999999591,179.00000000000134,512.56250265777953),(805.99999999999602,181.00000000000136,512.93750149977006),(805.99999999999602,181.00000000000131,678.43750242270698),(807.99999999999591,179.00000000000134,679.06250367026826),(805.99999999999602,181.00000000000136,306.062500346099),(807.29881985271504,180.52087704637376,292.54068398363614),(807.99999999999591,179.00000000000134,308.31507661312696),(805.99999999999602,181.00000000000131,802.56250311490953),(807.99999999999591,179.00000000000134,803.93750240465909),(805.99999999999602,181.00000000000131,761.18750288417539),(807.99999999999591,179.00000000000134,762.3125001265613),(807.99999999999591,179.00000000000134,429.31250215153528),(805.99999999999602,181.00000000000136,430.18750103830166),(805.99999999999602,181.00000000000136,388.81250080756752),(807.99999999999591,179.00000000000134,387.68749987343745),(807.99999999999591,179.00000000000131,895.65495878253398),(807.44267170324804,180.38517087633241,891.42123028316587),(807.99999999999591,179.00000000000131,876.78125031640309),(807.3661442043375,180.46070189051284,871.57812517849254),(805.99999999999602,181.00000000000131,843.93750334564379),(807.46938320281606,180.35680249235978,858.26280293989953),(807.35143022662032,180.47432572471962,316.78254196951355),(805.99999999999602,181.00000000000136,295.71875028841549),(807.99999999999591,179.00000000000134,554.18750088592606),(805.99999999999602,181.00000000000136,347.43750057683326),(807.99999999999591,179.00000000000134,720.68750189841478),(807.45245544013846,180.37490843127966,710.28125112374528),(807.43660829557473,180.39145844532916,647.84375148425102),(807.43114666875908,180.39707523508648,627.03125160347292),(807.41421362396284,180.41421350078068,585.34375170432008),(807.40848867659804,180.41991536645222,606.03125159946649),(807.39159971524953,180.4364714520344,481.90625220119301),(807.44726195638577,180.38037416289589,460.53125250842942),(807.43660830120007,180.39145843952124,502.15625229752794),(807.40281078769885,180.42552512917464,523.28125200976513),(807.39159968038371,180.43647148581121,668.09375128068689),(807.38606829944456,180.44180951212948,688.7812511734586),(807.44474923671373,180.38300384779177,304.10568074853126),(807.35918725077181,180.4671775684395,792.2187506332566),(807.35397196018846,180.47199182437143,812.90625052467897),(807.36978116793114,180.45729185545434,750.84375084996771),(807.36445725010356,180.4622778165016,771.53125074169429),(807.4575610444748,180.3694947249337,418.9062526886928),(807.3805875611456,180.44705839066805,440.53125237170292),(807.36978120490119,180.45729182070443,399.15625249475647),(807.46751139487253,180.35882681233156,377.28125279287178),(807.48179563359145,180.34323553417144,835.15625039569557),(807.99999999999591,179.00000000000134,855.96874917735443),(807.39875689770679,180.4295031098637,846.87802690266199),(805.99999999999602,181.00000000000136,854.28125340332724),(805.99999999999602,181.00000000000136,316.40625040378256),(807.41421363973916,180.41421348500427,564.65625180786822),(807.42559417818825,180.40274061718759,543.78125207227231),(807.42859407386334,180.3996853118164,328.16758473299632),(805.99999999999602,181.00000000000136,337.09375051914969),(807.38653738319715,180.44135841656029,342.26562742047986),(807.42136736381565,180.40702338895701,357.07325634756637),(807.99999999999591,179.00000000000134,335.65624905079079),(807.37515819870509,180.45221896714196,730.15625095804603),(807.99999999999591,179.00000000000134,710.28125335386585),(805.99999999999602,181.00000000000131,709.46875259575768),(807.99999999999591,179.00000000000134,647.84375398667044),(805.99999999999602,181.00000000000136,647.40625224965629),(807.99999999999591,179.00000000000134,627.03125284762154),(805.99999999999602,181.00000000000131,626.71875213428916),(807.3392725149173,180.48537844698927,637.44000515514529),(805.99999999999602,181.00000000000136,585.34375190355502),(807.99999999999591,179.00000000000134,585.40625461947502),(805.99999999999602,181.00000000000136,606.03125201892203),(807.34780827710517,180.47763759026344,616.53899577145205),(807.99999999999591,179.00000000000134,606.21875170857265),(807.49149034142329,180.33246259288293,595.68980631066779),(805.99999999999602,181.00000000000136,481.90625132671943),(807.99999999999591,179.00000000000134,481.34375297418183),(807.99999999999591,179.00000000000134,460.53125183513299),(805.99999999999602,181.00000000000136,461.21875121135236),(807.36589577076938,180.46093420227845,471.20471279849454),(807.99999999999591,179.00000000000134,502.15625006327946),(807.51030001100901,180.31110406785174,492.00883192381917),(805.99999999999602,181.00000000000136,502.59375144208656),(805.99999999999602,181.00000000000136,523.28125155745374),(807.99999999999591,179.00000000000134,522.96875120232835),(807.47258603277862,180.35332567257726,512.72754150369394),(805.99999999999602,181.00000000000131,668.09375236502331),(807.99999999999591,179.00000000000134,668.65625107576795),(807.51030000563139,180.31110407404628,657.99117173394484),(805.99999999999602,181.00000000000131,688.78125248039044),(807.37193232811774,180.4552668782936,699.54604410019374),(807.99999999999591,179.00000000000134,689.46875221481685),(807.49128423942193,180.33269325699612,678.44028122169038),(805.99999999999602,181.00000000000131,792.21875305722597),(807.99999999999591,179.00000000000134,793.53124981015912),(805.99999999999602,181.00000000000131,812.90625317259298),(807.99999999999591,179.00000000000131,814.34375094920779),(807.49419453909661,180.32942945631765,802.56591379950942),(805.99999999999602,181.00000000000136,750.84375282649182),(807.99999999999591,179.00000000000134,751.90625158201237),(805.99999999999602,181.00000000000131,771.53125294185884),(807.3295450277875,180.49409170370444,781.8742322295891),(807.99999999999591,179.00000000000131,772.71875272106115),(807.4928015836698,180.33099340035341,761.19071420939736),(807.99999999999591,179.00000000000134,418.90625360698647),(805.99999999999602,181.00000000000131,419.84375098061815),(805.99999999999602,181.00000000000136,440.53125109598523),(807.99999999999591,179.00000000000134,439.7187506960841),(807.44963038801347,180.37788669277992,429.72977984771734),(805.99999999999579,181.00000000000136,399.15625086525097),(807.99999999999591,179.00000000000134,398.09374841798626),(807.99999999999591,179.00000000000134,377.28125132888863),(805.99999999999602,181.00000000000136,378.4687507498839),(807.39005868209563,180.43796274650038,388.2054680179927),(807.99999999999591,179.00000000000131,835.15625208825668),(807.41979682747933,180.40860816718921,824.03098531713738),(805.99999999999602,181.00000000000131,833.59375328796011),(805.99999999999602,181.00000000000136,564.65625178818789),(807.33230974546552,180.49162687765099,575.00000174766433),(807.99999999999591,179.00000000000134,564.59374943047499),(807.99999999999591,179.00000000000134,543.78125234137735),(807.49972210496674,180.32319069217769,533.52131612694438),(805.99999999999602,181.00000000000136,543.96875167282076),(807.3417876261276,180.48310686275943,554.21451714711554),(805.99999999999602,181.00000000000136,357.78125063451682),(807.30891354748508,180.51219883785288,367.20857948245185),(807.99999999999591,179.00000000000134,356.46875018983974),(805.99999999999602,181.00000000000131,730.15625271112469),(807.32991212117327,180.49376495806723,740.49895643591765),(807.99999999999591,179.00000000000134,731.09375044296348),(807.99999999999579,175.00000000000131,908.00000000000091),(480.6924602913503,181.0000000000019,893.00000000000102),(636.84623014567308,181.00000000000162,893.00000000000102),(363.15376985431891,181.00000000000207,893.00000000000114),(500.00000166464747,176.00000000000182,888.00000000000091),(644.00000083232169,176.00000000000162,888.00000000000102),(356.00000249697325,176.00000000000202,888.00000000000102),(285.07688492715749,181.00000000000219,893.00000000000102),(283.99999958383324,176.00000000000216,888.00000000000102),(251.03844309590724,176.00000000000222,888.00000000000102),(714.92311507283455,181.00000000000148,893.00000000000102),(716.00000041615874,176.00000000000148,888.00000000000091),(679.99999895958888,176.00000000000153,888.00000000000114),(753.96156421775424,181.00000000000142,893.00000000000102),(246.03844914491583,181.00000000000227,893.00000000000102),(748.96155690408489,176.00000000000142,888.00000000000102),(572.00000124848464,176.00000000000168,888.00000000000091),(558.7693452185116,181.00000000000176,893.00000000000102),(597.80779436343141,181.00000000000171,893.00000000000102),(421.92312175417368,181.00000000000196,893.0000000000008),(428.00000208081036,176.00000000000196,888.00000000000102),(392.00000062424039,176.00000000000199,888.00000000000102),(675.88466592791485,181.00000000000156,893.00000000000102),(267.51922076475142,179.56797512360097,889.49720775418052),(732.48077328324223,179.56797507640124,889.49720770610304),(324.11532070939921,181.00000000000213,893.00000000000102),(320.00000104040322,176.00000000000207,888.00000000000114),(701.03372180323902,179.50779681382662,889.43694491862504),(298.96627511728019,179.50779686482059,889.43694496882767),(608.00000270505461,176.00000000000165,888.00000000000114),(661.99999521318,179.41696091073075,889.34974273036244),(632.80154068047295,179.43725958398556,889.36885051914635),(337.99999854188252,179.4169609511502,889.3497427681981),(367.19845452904593,179.4372595728056,889.36885050856301),(392.53844580424629,181.00000000000202,893.00000000000102),(407.23077583766644,179.52117922146343,889.45016945610905),(438.36101097671809,179.67732866352705,889.61219039785146),(464.00000353738034,176.00000000000188,888.00000000000102),(451.30778434142297,181.0000000000019,893.0000000000008),(239.03987863347541,179.33044569489454,889.27063926746609),(760.96011828678138,179.33044553737113,889.27063912679296),(589.99999594241399,179.29409359106197,889.23849133812939),(560.95655568127643,179.42983030258159,889.36183231619304),(519.73089607359191,181.00000000000182,893.00000000000102),(535.99999979191455,176.00000000000173,888.00000000000102),(481.99999705803862,179.23767954130568,889.18982530744131),(511.60274396430123,179.47405478263579,889.40403790797916),(499.99999815445597,179.00000000000182,908.00000000000091),(653.99999907722588,179.00000000000156,908.00000000000091),(346.00000092276616,179.00000000000207,908.00000000000091),(499.99999829632878,181.00000000000182,906.00000000000102),(652.99999914816237,181.00000000000156,906.00000000000091),(347.00000085182967,181.00000000000207,906.00000000000102),(270.49999872224555,181.00000000000216,906.00000000000102),(269.0000023069212,179.00000000000222,908.00000000000091),(307.50000161484371,179.00000000000216,908.00000000000091),(308.74999978703761,181.00000000000213,906.00000000000114),(729.4999978704119,181.00000000000142,906.00000000000102),(731.00000138415089,179.00000000000148,908.00000000000091),(758.61984446063639,179.00000000000139,908.00000000000091),(767.74999893520385,181.00000000000139,906.00000000000114),(423.49999957407914,181.00000000000196,906.00000000000102),(422.99999953861112,179.00000000000193,908.00000000000091),(461.49999884653357,179.00000000000188,908.00000000000091),(461.74999723153667,181.0000000000019,906.00000000000102),(576.50000042591284,181.00000000000171,906.00000000000102),(576.99999677030098,179.00000000000171,908.00000000000091),(615.49999976930349,179.00000000000165,908.00000000000091),(614.75000149070479,181.00000000000162,906.00000000000091),(232.2499976574536,181.00000000000225,906.00000000000102),(230.49999930791864,179.00000000000225,908.00000000000091),(249.75000080741995,179.00000000000222,908.00000000000091),(783.30992223031626,179.00000000000136,908.00000000000091),(786.87499946759988,181.00000000000136,906.00000000000102),(216.69008146075603,179.00000000000227,908.00000000000091),(213.12499712505755,181.0000000000023,906.00000000000102),(691.24999680561984,181.00000000000148,906.00000000000114),(692.49999838514839,179.00000000000153,908.00000000000091),(711.74999988464958,179.00000000000148,908.00000000000091),(385.25000191662167,181.00000000000202,906.00000000000102),(384.50000023068861,179.00000000000202,908.0000000000008),(403.74999803910981,179.00000000000199,908.00000000000091),(538.49999746237836,179.00000000000173,908.00000000000091),(538.24999936112067,181.00000000000176,906.00000000000102),(519.12499882872476,181.00000000000176,906.00000000000102),(795.65496111515597,179.00000000000134,908.00000000000091),(204.34504257591618,179.00000000000227,908.00000000000091),(793.65496134988257,181.00000000000136,906.00000000000102),(790.26497988545395,180.37464685098647,907.45270300993684),(777.31249920140192,181.00000000000136,906.00000000000102),(770.96488334547632,179.00000000000139,908.00000000000091),(772.53124902277091,180.45883974561474,907.36813252158606),(748.62499840280793,181.00000000000142,906.00000000000102),(760.00810791231936,180.53710707407421,907.27957096045429),(744.80992292239375,179.00000000000145,908.00000000000091),(206.34503865010942,181.0000000000023,906.00000000000102),(209.73501964912808,180.37464680911089,907.4527030495633),(222.68749739125556,181.00000000000227,906.00000000000102),(227.4687497729941,180.44427521981834,907.38349885776177),(251.37499818984961,181.00000000000225,906.00000000000102),(241.68820526765495,180.46672954932461,907.35967070614447),(480.74999665495466,179.00000000000188,908.00000000000091),(480.87499776393275,181.00000000000182,906.00000000000102),(442.62499669914075,181.0000000000019,906.00000000000102),(442.25000103811237,179.0000000000019,908.00000000000091),(634.75000126880479,179.00000000000162,908.00000000000091),(633.87500202310082,181.00000000000162,906.00000000000102),(595.62500095830876,181.00000000000165,906.00000000000102),(596.24999826980218,179.00000000000168,908.00000000000091),(365.25000242226747,179.00000000000205,908.00000000000091),(366.1250013842257,181.00000000000202,906.00000000000102),(557.74999527079967,179.00000000000173,908.00000000000091),(557.37499989351682,181.00000000000173,906.00000000000102),(737.90495814838039,180.46432876565089,907.3622559473514),(289.62499925464164,181.00000000000216,906.00000000000102),(288.25000380642251,179.00000000000216,908.00000000000091),(327.87500031943364,181.0000000000021,906.00000000000102),(326.74999942326485,179.00000000000207,908.00000000000091),(672.12499627322381,181.00000000000156,906.00000000000102),(673.24999688564708,179.00000000000153,908.00000000000091),(725.9180114478844,180.38503246786914,907.44280458238643),(710.37499733801587,181.00000000000148,906.00000000000102),(749.01727955376896,180.33175562961688,907.49212162473123),(253.1730208097822,180.3952292692974,907.43294636539713),(404.3750024490177,181.00000000000196,906.00000000000102),(394.81249884413103,180.43968026386349,907.38827977650419),(519.24999965395727,179.00000000000182,908.00000000000091),(471.12499831264608,180.40361563807161,907.42473265582316),(490.37499819762348,180.40888951737836,907.41951763913994),(452.18749853064952,180.42466358657273,907.40368574300021),(433.06249863458464,180.42975624211391,907.39849815450168),(644.37499738434633,180.37307025551152,907.45419327238051),(624.31249768557393,180.44451297614955,907.38325061422108),(586.06249784529257,180.43476153997872,907.39336259581103),(605.8749975511231,180.38303759733634,907.44471692880006),(355.62499901782718,180.3730702697739,907.4541932589143),(374.87499889914375,180.37802648741038,907.44949749913678),(567.37499775277877,180.39322149264396,907.43489855824123),(547.81249802884929,180.42466356337818,907.40368576654123),(299.18749937394921,180.46299808265417,907.36368493801137),(310.64482457435781,180.40014145011224,907.42814702313387),(280.06249948054119,180.46741121508339,907.35893499692088),(337.43749916128513,180.45392338302943,907.37335603405995),(662.56249757905573,180.45392335352483,907.37335606529484),(682.87499730225193,180.36332552962006,907.46333301073037),(694.31504072911105,180.42770793722985,907.40058917815963),(714.27653286496889,180.43372331819802,907.39443086844142),(265.24182662220016,180.44395473507288,907.38383334367609),(413.37499866287493,180.38810287388381,907.4398508296083),(509.56249822444323,180.41421348707743,907.41421363767154),(528.87499797095904,180.40361564163268,907.42473265231467),(322.73300629339064,180.43693099740491,907.39112519519472),(672.76471188713037,180.50803966467845,907.31370330355219)));
#4732=IFCPOLYGONALFACESET(#4731,.T.,(#3740,#3741,#3742,#3743,#3744,#3745,#3746,#3747,#3748,#3749,#3750,#3751,#3752,#3753,#3754,#3755,#3756,#3757,#3758,#3759,#3760,#3761,#3762,#3763,#3764,#3765,#3766,#3767,#3768,#3769,#3770,#3771,#3772,#3773,#3774,#3775,#3776,#3777,#3778,#3779,#3780,#3781,#3782,#3783,#3784,#3785,#3786,#3787,#3788,#3789,#3790,#3791,#3792,#3793,#3794,#3795,#3796,#3797,#3798,#3799,#3800,#3801,#3802,#3803,#3804,#3805,#3806,#3807,#3808,#3809,#3810,#3811,#3812,#3813,#3814,#3815,#3816,#3817,#3818,#3819,#3820,#3821,#3822,#3823,#3824,#3825,#3826,#3827,#3828,#3829,#3830,#3831,#3832,#3833,#3834,#3835,#3836,#3837,#3838,#3839,#3840,#3841,#3842,#3843,#3844,#3845,#3846,#3847,#3848,#3849,#3850,#3851,#3852,#3853,#3854,#3855,#3856,#3857,#3858,#3859,#3860,#3861,#3862,#3863,#3864,#3865,#3866,#3867,#3868,#3869,#3870,#3871,#3872,#3873,#3874,#3875,#3876,#3877,#3878,#3879,#3880,#3881,#3882,#3883,#3884,#3885,#3886,#3887,#3888,#3889,#3890,#3891,#3892,#3893,#3894,#3895,#3896,#3897,#3898,#3899,#3900,#3901,#3902,#3903,#3904,#3905,#3906,#3907,#3908,#3909,#3910,#3911,#3912,#3913,#3914,#3915,#3916,#3917,#3918,#3919,#3920,#3921,#3922,#3923,#3924,#3925,#3926,#3927,#3928,#3929,#3930,#3931,#3932,#3933,#3934,#3935,#3936,#3937,#3938,#3939,#3940,#3941,#3942,#3943,#3944,#3945,#3946,#3947,#3948,#3949,#3950,#3951,#3952,#3953,#3954,#3955,#3956,#3957,#3958,#3959,#3960,#3961,#3962,#3963,#3964,#3965,#3966,#3967,#3968,#3969,#3970,#3971,#3972,#3973,#3974,#3975,#3976,#3977,#3978,#3979,#3980,#3981,#3982,#3983,#3984,#3985,#3986,#3987,#3988,#3989,#3990,#3991,#3992,#3993,#3994,#3995,#3996,#3997,#3998,#3999,#4000,#4001,#4002,#4003,#4004,#4005,#4006,#4007,#4008,#4009,#4010,#4011,#4012,#4013,#4014,#4015,#4016,#4017,#4018,#4019,#4020,#4021,#4022,#4023,#4024,#4025,#4026,#4027,#4028,#4029,#4030,#4031,#4032,#4033,#4034,#4035,#4036,#4037,#4038,#4039,#4040,#4041,#4042,#4043,#4044,#4045,#4046,#4047,#4048,#4049,#4050,#4051,#4052,#4053,#4054,#4055,#4056,#4057,#4058,#4059,#4060,#4061,#4062,#4063,#4064,#4065,#4066,#4067,#4068,#4069,#4070,#4071,#4072,#4073,#4074,#4075,#4076,#4077,#4078,#4079,#4080,#4081,#4082,#4083,#4084,#4085,#4086,#4087,#4088,#4089,#4090,#4091,#4092,#4093,#4094,#4095,#4096,#4097,#4098,#4099,#4100,#4101,#4102,#4103,#4104,#4105,#4106,#4107,#4108,#4109,#4110,#4111,#4112,#4113,#4114,#4115,#4116,#4117,#4118,#4119,#4120,#4121,#4122,#4123,#4124,#4125,#4126,#4127,#4128,#4129,#4130,#4131,#4132,#4133,#4134,#4135,#4136,#4137,#4138,#4139,#4140,#4141,#4142,#4143,#4144,#4145,#4146,#4147,#4148,#4149,#4150,#4151,#4152,#4153,#4154,#4155,#4156,#4157,#4158,#4159,#4160,#4161,#4162,#4163,#4164,#4165,#4166,#4167,#4168,#4169,#4170,#4171,#4172,#4173,#4174,#4175,#4176,#4177,#4178,#4179,#4180,#4181,#4182,#4183,#4184,#4185,#4186,#4187,#4188,#4189,#4190,#4191,#4192,#4193,#4194,#4195,#4196,#4197,#4198,#4199,#4200,#4201,#4202,#4203,#4204,#4205,#4206,#4207,#4208,#4209,#4210,#4211,#4212,#4213,#4214,#4215,#4216,#4217,#4218,#4219,#4220,#4221,#4222,#4223,#4224,#4225,#4226,#4227,#4228,#4229,#4230,#4231,#4232,#4233,#4234,#4235,#4236,#4237,#4238,#4239,#4240,#4241,#4242,#4243,#4244,#4245,#4246,#4247,#4248,#4249,#4250,#4251,#4252,#4253,#4254,#4255,#4256,#4257,#4258,#4259,#4260,#4261,#4262,#4263,#4264,#4265,#4266,#4267,#4268,#4269,#4270,#4271,#4272,#4273,#4274,#4275,#4276,#4277,#4278,#4279,#4280,#4281,#4282,#4283,#4284,#4285,#4286,#4287,#4288,#4289,#4290,#4291,#4292,#4293,#4294,#4295,#4296,#4297,#4298,#4299,#4300,#4301,#4302,#4303,#4304,#4305,#4306,#4307,#4308,#4309,#4310,#4311,#4312,#4313,#4314,#4315,#4316,#4317,#4318,#4319,#4320,#4321,#4322,#4323,#4324,#4325,#4326,#4327,#4328,#4329,#4330,#4331,#4332,#4333,#4334,#4335,#4336,#4337,#4338,#4339,#4340,#4341,#4342,#4343,#4344,#4345,#4346,#4347,#4348,#4349,#4350,#4351,#4352,#4353,#4354,#4355,#4356,#4357,#4358,#4359,#4360,#4361,#4362,#4363,#4364,#4365,#4366,#4367,#4368,#4369,#4370,#4371,#4372,#4373,#4374,#4375,#4376,#4377,#4378,#4379,#4380,#4381,#4382,#4383,#4384,#4385,#4386,#4387,#4388,#4389,#4390,#4391,#4392,#4393,#4394,#4395,#4396,#4397,#4398,#4399,#4400,#4401,#4402,#4403,#4404,#4405,#4406,#4407,#4408,#4409,#4410,#4411,#4412,#4413,#4414,#4415,#4416,#4417,#4418,#4419,#4420,#4421,#4422,#4423,#4424,#4425,#4426,#4427,#4428,#4429,#4430,#4431,#4432,#4433,#4434,#4435,#4436,#4437,#4438,#4439,#4440,#4441,#4442,#4443,#4444,#4445,#4446,#4447,#4448,#4449,#4450,#4451,#4452,#4453,#4454,#4455,#4456,#4457,#4458,#4459,#4460,#4461,#4462,#4463,#4464,#4465,#4466,#4467,#4468,#4469,#4470,#4471,#4472,#4473,#4474,#4475,#4476,#4477,#4478,#4479,#4480,#4481,#4482,#4483,#4484,#4485,#4486,#4487,#4488,#4489,#4490,#4491,#4492,#4493,#4494,#4495,#4496,#4497,#4498,#4499,#4500,#4501,#4502,#4503,#4504,#4505,#4506,#4507,#4508,#4509,#4510,#4511,#4512,#4513,#4514,#4515,#4516,#4517,#4518,#4519,#4520,#4521,#4522,#4523,#4524,#4525,#4526,#4527,#4528,#4529,#4530,#4531,#4532,#4533,#4534,#4535,#4536,#4537,#4538,#4539,#4540,#4541,#4542,#4543,#4544,#4545,#4546,#4547,#4548,#4549,#4550,#4551,#4552,#4553,#4554,#4555,#4556,#4557,#4558,#4559,#4560,#4561,#4562,#4563,#4564,#4565,#4566,#4567,#4568,#4569,#4570,#4571,#4572,#4573,#4574,#4575,#4576,#4577,#4578,#4579,#4580,#4581,#4582,#4583,#4584,#4585,#4586,#4587,#4588,#4589,#4590,#4591,#4592,#4593,#4594,#4595,#4596,#4597,#4598,#4599,#4600,#4601,#4602,#4603,#4604,#4605,#4606,#4607,#4608,#4609,#4610,#4611,#4612,#4613,#4614,#4615,#4616,#4617,#4618,#4619,#4620,#4621,#4622,#4623,#4624,#4625,#4626,#4627,#4628,#4629,#4630,#4631,#4632,#4633,#4634,#4635,#4636,#4637,#4638,#4639,#4640,#4641,#4642,#4643,#4644,#4645,#4646,#4647,#4648,#4649,#4650,#4651,#4652,#4653,#4654,#4655,#4656,#4657,#4658,#4659,#4660,#4661,#4662,#4663,#4664,#4665,#4666,#4667,#4668,#4669,#4670,#4671,#4672,#4673,#4674,#4675,#4676,#4677,#4678,#4679,#4680,#4681,#4682,#4683,#4684,#4685,#4686,#4687,#4688,#4689,#4690,#4691,#4692,#4693,#4694,#4695,#4696,#4697,#4698,#4699,#4700,#4701,#4702,#4703,#4704,#4705,#4706,#4707,#4708,#4709,#4710,#4711,#4712,#4713,#4714,#4715,#4716,#4717,#4718,#4719,#4720,#4721,#4722,#4723,#4724,#4725,#4726,#4727,#4728,#4729,#4730),$);
#4733=IFCINDEXEDCOLOURMAP(#4732,1.,#3739,(1,1,1,1,1,1,1,1,1,1,1,1,1,1,1,1,1,1,1,1,1,1,1,1,1,1,1,1,1,1,1,1,1,1,1,1,1,1,1,1,1,1,1,1,1,1,1,1,1,1,1,1,1,1,1,1,1,1,1,1,1,1,1,1,1,1,1,1,1,1,1,1,1,1,1,1,1,1,1,1,1,1,1,1,1,1,1,1,1,1,1,1,1,1,1,1,1,1,1,1,1,1,1,1,1,1,1,1,1,1,1,1,1,1,1,1,1,1,1,1,1,1,1,1,1,1,1,1,1,1,1,1,1,1,1,1,1,1,1,1,1,1,1,1,1,1,1,1,1,1,1,1,1,1,1,1,1,1,1,1,1,1,1,1,1,1,1,1,1,1,1,1,1,1,1,1,1,1,1,1,1,1,1,1,1,1,1,1,1,1,1,1,1,1,1,1,1,1,1,1,1,1,1,1,1,1,1,1,1,1,1,1,1,1,1,1,1,1,1,1,1,1,1,1,1,1,1,1,1,1,1,1,1,1,1,1,1,1,1,1,1,1,1,1,1,1,1,1,1,1,1,1,1,1,1,1,1,1,1,1,1,1,1,1,1,1,1,1,1,1,1,1,1,1,1,1,1,1,1,1,1,1,1,1,1,1,1,1,1,1,1,1,1,1,1,1,1,1,1,1,1,1,1,1,1,1,1,1,1,1,1,1,1,1,1,1,1,1,1,1,1,1,1,1,1,1,1,1,1,1,1,1,1,1,1,1,1,1,1,1,1,1,1,1,1,1,1,1,1,1,1,1,1,1,1,1,1,1,1,1,1,1,1,1,1,1,1,1,1,1,1,1,1,1,1,1,1,1,1,1,1,1,1,1,1,1,1,1,1,1,1,1,1,1,1,1,1,1,1,1,1,1,1,1,1,1,1,1,1,1,1,1,1,1,1,1,1,1,1,1,1,1,1,1,1,1,1,1,1,1,1,1,1,1,1,1,1,1,1,1,1,1,1,1,1,1,1,1,1,1,1,1,1,1,1,1,1,1,1,1,1,1,1,1,1,1,1,1,1,1,1,1,1,1,1,1,1,1,1,1,1,1,1,1,1,1,1,1,1,1,1,1,1,1,1,1,1,1,1,1,1,1,1,1,1,1,1,1,1,1,1,1,1,1,1,1,1,1,1,1,1,1,1,1,1,1,1,1,1,1,1,1,1,1,1,1,1,1,1,1,1,1,1,1,1,1,1,1,1,1,1,1,1,1,1,1,1,1,1,1,1,1,1,1,1,1,1,1,1,1,1,1,1,1,1,1,1,1,1,1,1,1,1,1,1,1,1,1,1,1,1,1,1,1,1,1,1,1,1,1,1,1,1,1,1,1,1,1,1,1,1,1,1,1,1,1,1,1,1,1,1,1,1,1,1,1,1,1,1,1,1,1,1,1,1,1,1,1,1,1,1,1,1,1,1,1,1,1,1,1,1,1,1,1,1,1,1,1,1,1,1,1,1,1,1,1,1,1,1,1,1,1,1,1,1,1,1,1,1,1,1,1,1,1,1,1,1,1,1,1,1,1,1,1,1,1,1,1,1,1,1,1,1,1,1,1,1,1,1,1,1,1,1,1,1,1,1,1,1,1,1,1,1,1,1,1,1,1,1,1,1,1,1,1,1,1,1,1,1,1,1,1,1,1,1,1,1,1,1,1,1,1,1,1,1,1,1,1,1,1,1,1,1,1,1,1,1,1,1,1,1,1,1,1,1,1,1,1,1,1,1,1,1,1,1,1,1,1,1,1,1,1,1,1,1,1,1,1,1,1,1,1,1,1,1,1,1,1,1,1,1,1,1,1,1,1,1,1,1,1,1,1,1,1,1,1,1,1,1,1,1,1,1,1,1,1,1,1,1,1,1,1,1,1,1,1,1,1,1,1,1,1,1,1,1,1,1,1,1,1,1,1,1,1,1,1,1,1,1,1,1,1,1,1,1,1,1,1,1,1,1,1,1,1,1,1,1,1,1,1,1,1,1,1,1,1,1,1,1,1,1,1,1,1,1,1,1,1,1,1,1,1,1,1,1,1,1,1,1,1,1,1,1,1,1,1,1,1,1,1,1,1,1,1,1,1,1,1,1,1,1,1,1,1,1,1,1,1,1,1,1,1,1,1,1,1,1,1,1,1,1,1,1,1,1,1,1,1,1,1,1,1,1,1,1,1,1,1,1,1,1,1,1,1,1,1,1,1,1,1,1));
#4734=IFCSTYLEDITEM(#4732,(#1469),$);
#4735=IFCCOLOURRGBLIST(((0.40784313725490196,0.40784313725490196,0.40784313725490196)));
#4736=IFCINDEXEDPOLYGONALFACE((1,2,3,4));
#4737=IFCINDEXEDPOLYGONALFACE((245,61,106,92,110,79,124,78,175,101,241,100,226,132,225,68,219,129,222,87,192,117,191,86,195,118,199,94,235,141,234,67,185,115,188,83,181,112,179,82,202,121,206,102,177,143,244,69,214,128,217,75,209,126,211,74,229,91,165,90,135,98,133,66,246));
#4738=IFCINDEXEDPOLYGONALFACE((250,249,411,412,423,422,446,420,438,428,442,418,450,431,437,419,426,425,435));
#4739=IFCINDEXEDPOLYGONALFACE((6,7,8,21,20,44,18,36,26,40,16,48,29,35,17,24,23,33,5));
#4740=IFCINDEXEDPOLYGONALFACE((248,247,409,410));
#4741=IFCINDEXEDPOLYGONALFACE((408,301,505,491,509,478,523,477,574,500,640,499,625,531,624,467,618,528,621,486,591,516,590,485,594,517,598,493,634,540,633,466,584,514,587,482,580,511,578,481,601,520,605,501,576,542,643,468,613,527,616,474,608,525,610,473,628,490,564,489,534,497,532,465,644));
#4742=IFCINDEXEDPOLYGONALFACE((52,32,19));
#4743=IFCINDEXEDPOLYGONALFACE((34,51,49));
#4744=IFCINDEXEDPOLYGONALFACE((33,55,56));
#4745=IFCINDEXEDPOLYGONALFACE((44,53,59));
#4746=IFCINDEXEDPOLYGONALFACE((55,33,23));
#4747=IFCINDEXEDPOLYGONALFACE((13,46,45));
#4748=IFCINDEXEDPOLYGONALFACE((24,17,49));
#4749=IFCINDEXEDPOLYGONALFACE((50,14,49));
#4750=IFCINDEXEDPOLYGONALFACE((26,36,38));
#4751=IFCINDEXEDPOLYGONALFACE((50,49,17));
#4752=IFCINDEXEDPOLYGONALFACE((15,41,42));
#4753=IFCINDEXEDPOLYGONALFACE((54,8,11));
#4754=IFCINDEXEDPOLYGONALFACE((32,52,54));
#4755=IFCINDEXEDPOLYGONALFACE((56,55,25));
#4756=IFCINDEXEDPOLYGONALFACE((41,15,37));
#4757=IFCINDEXEDPOLYGONALFACE((51,24,49));
#4758=IFCINDEXEDPOLYGONALFACE((5,33,56));
#4759=IFCINDEXEDPOLYGONALFACE((9,10,56));
#4760=IFCINDEXEDPOLYGONALFACE((38,39,26));
#4761=IFCINDEXEDPOLYGONALFACE((45,39,28));
#4762=IFCINDEXEDPOLYGONALFACE((35,57,50));
#4763=IFCINDEXEDPOLYGONALFACE((16,45,46));
#4764=IFCINDEXEDPOLYGONALFACE((57,30,31));
#4765=IFCINDEXEDPOLYGONALFACE((12,32,54));
#4766=IFCINDEXEDPOLYGONALFACE((52,20,21));
#4767=IFCINDEXEDPOLYGONALFACE((18,41,36));
#4768=IFCINDEXEDPOLYGONALFACE((51,22,55));
#4769=IFCINDEXEDPOLYGONALFACE((57,29,58));
#4770=IFCINDEXEDPOLYGONALFACE((38,27,39));
#4771=IFCINDEXEDPOLYGONALFACE((41,38,36));
#4772=IFCINDEXEDPOLYGONALFACE((37,27,38));
#4773=IFCINDEXEDPOLYGONALFACE((27,28,39));
#4774=IFCINDEXEDPOLYGONALFACE((41,18,42));
#4775=IFCINDEXEDPOLYGONALFACE((40,45,16));
#4776=IFCINDEXEDPOLYGONALFACE((40,26,39));
#4777=IFCINDEXEDPOLYGONALFACE((38,41,37));
#4778=IFCINDEXEDPOLYGONALFACE((44,20,53));
#4779=IFCINDEXEDPOLYGONALFACE((42,18,44));
#4780=IFCINDEXEDPOLYGONALFACE((20,52,53));
#4781=IFCINDEXEDPOLYGONALFACE((15,42,59));
#4782=IFCINDEXEDPOLYGONALFACE((39,45,40));
#4783=IFCINDEXEDPOLYGONALFACE((13,45,28));
#4784=IFCINDEXEDPOLYGONALFACE((30,57,58));
#4785=IFCINDEXEDPOLYGONALFACE((60,48,46));
#4786=IFCINDEXEDPOLYGONALFACE((13,47,60));
#4787=IFCINDEXEDPOLYGONALFACE((58,48,60));
#4788=IFCINDEXEDPOLYGONALFACE((48,16,46));
#4789=IFCINDEXEDPOLYGONALFACE((34,49,14));
#4790=IFCINDEXEDPOLYGONALFACE((35,50,17));
#4791=IFCINDEXEDPOLYGONALFACE((31,14,50));
#4792=IFCINDEXEDPOLYGONALFACE((22,51,34));
#4793=IFCINDEXEDPOLYGONALFACE((23,24,51));
#4794=IFCINDEXEDPOLYGONALFACE((52,21,54));
#4795=IFCINDEXEDPOLYGONALFACE((53,52,19));
#4796=IFCINDEXEDPOLYGONALFACE((19,43,53));
#4797=IFCINDEXEDPOLYGONALFACE((53,43,59));
#4798=IFCINDEXEDPOLYGONALFACE((8,54,21));
#4799=IFCINDEXEDPOLYGONALFACE((12,54,11));
#4800=IFCINDEXEDPOLYGONALFACE((51,55,23));
#4801=IFCINDEXEDPOLYGONALFACE((25,55,22));
#4802=IFCINDEXEDPOLYGONALFACE((9,56,25));
#4803=IFCINDEXEDPOLYGONALFACE((5,56,10));
#4804=IFCINDEXEDPOLYGONALFACE((50,57,31));
#4805=IFCINDEXEDPOLYGONALFACE((29,57,35));
#4806=IFCINDEXEDPOLYGONALFACE((48,58,29));
#4807=IFCINDEXEDPOLYGONALFACE((47,30,58));
#4808=IFCINDEXEDPOLYGONALFACE((15,59,43));
#4809=IFCINDEXEDPOLYGONALFACE((42,44,59));
#4810=IFCINDEXEDPOLYGONALFACE((13,60,46));
#4811=IFCINDEXEDPOLYGONALFACE((58,60,47));
#4812=IFCINDEXEDPOLYGONALFACE((105,64,65));
#4813=IFCINDEXEDPOLYGONALFACE((62,63,107));
#4814=IFCINDEXEDPOLYGONALFACE((114,147,184));
#4815=IFCINDEXEDPOLYGONALFACE((148,83,188));
#4816=IFCINDEXEDPOLYGONALFACE((216,217,159));
#4817=IFCINDEXEDPOLYGONALFACE((205,206,154));
#4818=IFCINDEXEDPOLYGONALFACE((155,123,140));
#4819=IFCINDEXEDPOLYGONALFACE((111,80,123));
#4820=IFCINDEXEDPOLYGONALFACE((161,130,221,88));
#4821=IFCINDEXEDPOLYGONALFACE((166,167,138));
#4822=IFCINDEXEDPOLYGONALFACE((108,107,93,109));
#4823=IFCINDEXEDPOLYGONALFACE((232,238,237,96));
#4824=IFCINDEXEDPOLYGONALFACE((230,211,157));
#4825=IFCINDEXEDPOLYGONALFACE((230,231,164));
#4826=IFCINDEXEDPOLYGONALFACE((212,209,156));
#4827=IFCINDEXEDPOLYGONALFACE((218,214,158));
#4828=IFCINDEXEDPOLYGONALFACE((78,139,171));
#4829=IFCINDEXEDPOLYGONALFACE((163,228,132));
#4830=IFCINDEXEDPOLYGONALFACE((80,111,109));
#4831=IFCINDEXEDPOLYGONALFACE((108,106,62));
#4832=IFCINDEXEDPOLYGONALFACE((183,180,145));
#4833=IFCINDEXEDPOLYGONALFACE((176,104,242));
#4834=IFCINDEXEDPOLYGONALFACE((187,182,146));
#4835=IFCINDEXEDPOLYGONALFACE((189,185,147));
#4836=IFCINDEXEDPOLYGONALFACE((238,232,169));
#4837=IFCINDEXEDPOLYGONALFACE((150,194,117));
#4838=IFCINDEXEDPOLYGONALFACE((150,117,192,87));
#4839=IFCINDEXEDPOLYGONALFACE((161,223,130));
#4840=IFCINDEXEDPOLYGONALFACE((133,134,65));
#4841=IFCINDEXEDPOLYGONALFACE((138,136,90));
#4842=IFCINDEXEDPOLYGONALFACE((92,108,111));
#4843=IFCINDEXEDPOLYGONALFACE((152,200,119));
#4844=IFCINDEXEDPOLYGONALFACE((152,119,198,95));
#4845=IFCINDEXEDPOLYGONALFACE((70,184,233,232));
#4846=IFCINDEXEDPOLYGONALFACE((135,134,133,98));
#4847=IFCINDEXEDPOLYGONALFACE((90,136,135));
#4848=IFCINDEXEDPOLYGONALFACE((101,173,174));
#4849=IFCINDEXEDPOLYGONALFACE((163,132,226,100));
#4850=IFCINDEXEDPOLYGONALFACE((163,240,99));
#4851=IFCINDEXEDPOLYGONALFACE((243,244,176));
#4852=IFCINDEXEDPOLYGONALFACE((207,202,153));
#4853=IFCINDEXEDPOLYGONALFACE((205,178,144));
#4854=IFCINDEXEDPOLYGONALFACE((105,134,97));
#4855=IFCINDEXEDPOLYGONALFACE((106,61,62));
#4856=IFCINDEXEDPOLYGONALFACE((65,66,133));
#4857=IFCINDEXEDPOLYGONALFACE((169,67,234,141));
#4858=IFCINDEXEDPOLYGONALFACE((185,67,147));
#4859=IFCINDEXEDPOLYGONALFACE((107,108,62));
#4860=IFCINDEXEDPOLYGONALFACE((92,106,108));
#4861=IFCINDEXEDPOLYGONALFACE((111,79,110,92));
#4862=IFCINDEXEDPOLYGONALFACE((111,108,109));
#4863=IFCINDEXEDPOLYGONALFACE((216,208,156));
#4864=IFCINDEXEDPOLYGONALFACE((203,179,145));
#4865=IFCINDEXEDPOLYGONALFACE((146,112,181,83));
#4866=IFCINDEXEDPOLYGONALFACE((233,184,147));
#4867=IFCINDEXEDPOLYGONALFACE((148,114,186));
#4868=IFCINDEXEDPOLYGONALFACE((116,149,194));
#4869=IFCINDEXEDPOLYGONALFACE((149,116,190,85));
#4870=IFCINDEXEDPOLYGONALFACE((153,81,201,120));
#4871=IFCINDEXEDPOLYGONALFACE((195,200,199,118));
#4872=IFCINDEXEDPOLYGONALFACE((200,195,151));
#4873=IFCINDEXEDPOLYGONALFACE((154,120,204,103));
#4874=IFCINDEXEDPOLYGONALFACE((111,123,79));
#4875=IFCINDEXEDPOLYGONALFACE((123,80,140));
#4876=IFCINDEXEDPOLYGONALFACE((124,139,78));
#4877=IFCINDEXEDPOLYGONALFACE((171,172,173));
#4878=IFCINDEXEDPOLYGONALFACE((79,123,155));
#4879=IFCINDEXEDPOLYGONALFACE((157,125,210,73));
#4880=IFCINDEXEDPOLYGONALFACE((243,213,158));
#4881=IFCINDEXEDPOLYGONALFACE((159,127,215));
#4882=IFCINDEXEDPOLYGONALFACE((129,160,223));
#4883=IFCINDEXEDPOLYGONALFACE((160,129,219,68));
#4884=IFCINDEXEDPOLYGONALFACE((131,162,228));
#4885=IFCINDEXEDPOLYGONALFACE((162,131,224,71));
#4886=IFCINDEXEDPOLYGONALFACE((127,158,213));
#4887=IFCINDEXEDPOLYGONALFACE((136,138,89));
#4888=IFCINDEXEDPOLYGONALFACE((65,134,105));
#4889=IFCINDEXEDPOLYGONALFACE((135,136,134));
#4890=IFCINDEXEDPOLYGONALFACE((89,97,136));
#4891=IFCINDEXEDPOLYGONALFACE((134,136,97));
#4892=IFCINDEXEDPOLYGONALFACE((164,91,229,74));
#4893=IFCINDEXEDPOLYGONALFACE((138,90,165));
#4894=IFCINDEXEDPOLYGONALFACE((138,165,166));
#4895=IFCINDEXEDPOLYGONALFACE((155,139,124));
#4896=IFCINDEXEDPOLYGONALFACE((139,122,168,77));
#4897=IFCINDEXEDPOLYGONALFACE((171,139,77));
#4898=IFCINDEXEDPOLYGONALFACE((155,140,122));
#4899=IFCINDEXEDPOLYGONALFACE((170,141,235));
#4900=IFCINDEXEDPOLYGONALFACE((202,207,121));
#4901=IFCINDEXEDPOLYGONALFACE((144,143,177,102));
#4902=IFCINDEXEDPOLYGONALFACE((176,144,104));
#4903=IFCINDEXEDPOLYGONALFACE((112,146,183));
#4904=IFCINDEXEDPOLYGONALFACE((203,81,153));
#4905=IFCINDEXEDPOLYGONALFACE((185,189,188,115));
#4906=IFCINDEXEDPOLYGONALFACE((146,182,183));
#4907=IFCINDEXEDPOLYGONALFACE((114,148,189));
#4908=IFCINDEXEDPOLYGONALFACE((233,67,169));
#4909=IFCINDEXEDPOLYGONALFACE((186,187,148));
#4910=IFCINDEXEDPOLYGONALFACE((148,188,189));
#4911=IFCINDEXEDPOLYGONALFACE((196,85,151));
#4912=IFCINDEXEDPOLYGONALFACE((196,191,149));
#4913=IFCINDEXEDPOLYGONALFACE((161,150,87));
#4914=IFCINDEXEDPOLYGONALFACE((150,88,193));
#4915=IFCINDEXEDPOLYGONALFACE((196,195,86,191));
#4916=IFCINDEXEDPOLYGONALFACE((179,203,202,82));
#4917=IFCINDEXEDPOLYGONALFACE((151,85,197));
#4918=IFCINDEXEDPOLYGONALFACE((180,81,145));
#4919=IFCINDEXEDPOLYGONALFACE((236,95,170));
#4920=IFCINDEXEDPOLYGONALFACE((236,199,152));
#4921=IFCINDEXEDPOLYGONALFACE((120,154,207));
#4922=IFCINDEXEDPOLYGONALFACE((153,202,203));
#4923=IFCINDEXEDPOLYGONALFACE((154,103,205));
#4924=IFCINDEXEDPOLYGONALFACE((207,154,121));
#4925=IFCINDEXEDPOLYGONALFACE((139,155,122));
#4926=IFCINDEXEDPOLYGONALFACE((79,155,124));
#4927=IFCINDEXEDPOLYGONALFACE((125,157,212));
#4928=IFCINDEXEDPOLYGONALFACE((214,218,128));
#4929=IFCINDEXEDPOLYGONALFACE((67,233,147));
#4930=IFCINDEXEDPOLYGONALFACE((212,157,126));
#4931=IFCINDEXEDPOLYGONALFACE((127,159,218));
#4932=IFCINDEXEDPOLYGONALFACE((76,208,216,215));
#4933=IFCINDEXEDPOLYGONALFACE((218,159,128));
#4934=IFCINDEXEDPOLYGONALFACE((162,160,68));
#4935=IFCINDEXEDPOLYGONALFACE((160,71,220));
#4936=IFCINDEXEDPOLYGONALFACE((150,161,88));
#4937=IFCINDEXEDPOLYGONALFACE((161,87,222));
#4938=IFCINDEXEDPOLYGONALFACE((160,162,71));
#4939=IFCINDEXEDPOLYGONALFACE((162,68,225));
#4940=IFCINDEXEDPOLYGONALFACE((214,69,158));
#4941=IFCINDEXEDPOLYGONALFACE((240,100,174));
#4942=IFCINDEXEDPOLYGONALFACE((163,99,227));
#4943=IFCINDEXEDPOLYGONALFACE((164,74,230));
#4944=IFCINDEXEDPOLYGONALFACE((166,164,137));
#4945=IFCINDEXEDPOLYGONALFACE((164,166,91));
#4946=IFCINDEXEDPOLYGONALFACE((166,165,91));
#4947=IFCINDEXEDPOLYGONALFACE((167,166,137));
#4948=IFCINDEXEDPOLYGONALFACE((167,89,138));
#4949=IFCINDEXEDPOLYGONALFACE((238,141,170));
#4950=IFCINDEXEDPOLYGONALFACE((236,235,94,199));
#4951=IFCINDEXEDPOLYGONALFACE((170,95,237));
#4952=IFCINDEXEDPOLYGONALFACE((172,142,173));
#4953=IFCINDEXEDPOLYGONALFACE((173,175,171));
#4954=IFCINDEXEDPOLYGONALFACE((171,77,172));
#4955=IFCINDEXEDPOLYGONALFACE((174,173,142));
#4956=IFCINDEXEDPOLYGONALFACE((78,171,175));
#4957=IFCINDEXEDPOLYGONALFACE((174,142,239));
#4958=IFCINDEXEDPOLYGONALFACE((174,100,241,101));
#4959=IFCINDEXEDPOLYGONALFACE((173,101,175));
#4960=IFCINDEXEDPOLYGONALFACE((72,213,243,242));
#4961=IFCINDEXEDPOLYGONALFACE((144,176,143));
#4962=IFCINDEXEDPOLYGONALFACE((180,183,182,113));
#4963=IFCINDEXEDPOLYGONALFACE((178,104,144));
#4964=IFCINDEXEDPOLYGONALFACE((179,112,145));
#4965=IFCINDEXEDPOLYGONALFACE((112,183,145));
#4966=IFCINDEXEDPOLYGONALFACE((182,187,186,84));
#4967=IFCINDEXEDPOLYGONALFACE((83,187,146));
#4968=IFCINDEXEDPOLYGONALFACE((83,148,187));
#4969=IFCINDEXEDPOLYGONALFACE((114,189,147));
#4970=IFCINDEXEDPOLYGONALFACE((194,149,191));
#4971=IFCINDEXEDPOLYGONALFACE((194,191,117));
#4972=IFCINDEXEDPOLYGONALFACE((194,193,116));
#4973=IFCINDEXEDPOLYGONALFACE((193,194,150));
#4974=IFCINDEXEDPOLYGONALFACE((85,196,149));
#4975=IFCINDEXEDPOLYGONALFACE((195,196,151));
#4976=IFCINDEXEDPOLYGONALFACE((200,151,197));
#4977=IFCINDEXEDPOLYGONALFACE((200,197,119));
#4978=IFCINDEXEDPOLYGONALFACE((199,200,152));
#4979=IFCINDEXEDPOLYGONALFACE((81,203,145));
#4980=IFCINDEXEDPOLYGONALFACE((178,205,103));
#4981=IFCINDEXEDPOLYGONALFACE((102,205,144));
#4982=IFCINDEXEDPOLYGONALFACE((206,205,102));
#4983=IFCINDEXEDPOLYGONALFACE((206,121,154));
#4984=IFCINDEXEDPOLYGONALFACE((120,207,153));
#4985=IFCINDEXEDPOLYGONALFACE((209,212,126));
#4986=IFCINDEXEDPOLYGONALFACE((208,125,156));
#4987=IFCINDEXEDPOLYGONALFACE((209,75,156));
#4988=IFCINDEXEDPOLYGONALFACE((211,126,157));
#4989=IFCINDEXEDPOLYGONALFACE((125,212,156));
#4990=IFCINDEXEDPOLYGONALFACE((75,216,156));
#4991=IFCINDEXEDPOLYGONALFACE((215,216,159));
#4992=IFCINDEXEDPOLYGONALFACE((217,216,75));
#4993=IFCINDEXEDPOLYGONALFACE((217,128,159));
#4994=IFCINDEXEDPOLYGONALFACE((127,218,158));
#4995=IFCINDEXEDPOLYGONALFACE((223,160,220));
#4996=IFCINDEXEDPOLYGONALFACE((223,220,130));
#4997=IFCINDEXEDPOLYGONALFACE((223,222,129));
#4998=IFCINDEXEDPOLYGONALFACE((222,223,161));
#4999=IFCINDEXEDPOLYGONALFACE((228,162,225));
#5000=IFCINDEXEDPOLYGONALFACE((228,225,132));
#5001=IFCINDEXEDPOLYGONALFACE((228,227,131));
#5002=IFCINDEXEDPOLYGONALFACE((227,228,163));
#5003=IFCINDEXEDPOLYGONALFACE((211,230,74));
#5004=IFCINDEXEDPOLYGONALFACE((73,230,157));
#5005=IFCINDEXEDPOLYGONALFACE((231,230,73));
#5006=IFCINDEXEDPOLYGONALFACE((231,137,164));
#5007=IFCINDEXEDPOLYGONALFACE((232,233,169));
#5008=IFCINDEXEDPOLYGONALFACE((95,236,152));
#5009=IFCINDEXEDPOLYGONALFACE((235,236,170));
#5010=IFCINDEXEDPOLYGONALFACE((141,238,169));
#5011=IFCINDEXEDPOLYGONALFACE((237,238,170));
#5012=IFCINDEXEDPOLYGONALFACE((100,240,163));
#5013=IFCINDEXEDPOLYGONALFACE((240,239,99));
#5014=IFCINDEXEDPOLYGONALFACE((239,240,174));
#5015=IFCINDEXEDPOLYGONALFACE((69,243,158));
#5016=IFCINDEXEDPOLYGONALFACE((242,243,176));
#5017=IFCINDEXEDPOLYGONALFACE((244,243,69));
#5018=IFCINDEXEDPOLYGONALFACE((244,143,176));
#5019=IFCINDEXEDPOLYGONALFACE((4,3,247,248));
#5020=IFCINDEXEDPOLYGONALFACE((246,66,340,327,345,314,349,313,333,332,374,303,360,322,363,321,366,337,381,302,356,318,359,317,336,335,364,304,372,310,370,309,326,325,329,341,301,408));
#5021=IFCINDEXEDPOLYGONALFACE((411,6,5,653,652,670,650,665,664,681,648,688,660,673,649,656,655,659,412));
#5022=IFCINDEXEDPOLYGONALFACE((7,249,250,261,260,278,258,273,272,289,256,296,268,281,257,264,263,267,8));
#5023=IFCINDEXEDPOLYGONALFACE((410,409,2,1));
#5024=IFCINDEXEDPOLYGONALFACE((644,465,729,716,734,703,738,702,722,721,763,692,749,711,752,710,755,726,770,691,745,707,748,706,725,724,753,693,761,699,759,698,715,714,718,730,61,245));
#5025=IFCINDEXEDPOLYGONALFACE((280,260,275));
#5026=IFCINDEXEDPOLYGONALFACE((274,282,254));
#5027=IFCINDEXEDPOLYGONALFACE((255,284,277));
#5028=IFCINDEXEDPOLYGONALFACE((263,276,267));
#5029=IFCINDEXEDPOLYGONALFACE((260,261,275));
#5030=IFCINDEXEDPOLYGONALFACE((275,259,280));
#5031=IFCINDEXEDPOLYGONALFACE((276,263,279));
#5032=IFCINDEXEDPOLYGONALFACE((285,258,284));
#5033=IFCINDEXEDPOLYGONALFACE((257,282,264));
#5034=IFCINDEXEDPOLYGONALFACE((284,258,278));
#5035=IFCINDEXEDPOLYGONALFACE((296,298,294));
#5036=IFCINDEXEDPOLYGONALFACE((288,290,297));
#5037=IFCINDEXEDPOLYGONALFACE((283,270,254));
#5038=IFCINDEXEDPOLYGONALFACE((285,255,286));
#5039=IFCINDEXEDPOLYGONALFACE((291,250,251));
#5040=IFCINDEXEDPOLYGONALFACE((275,291,266));
#5041=IFCINDEXEDPOLYGONALFACE((282,283,254));
#5042=IFCINDEXEDPOLYGONALFACE((252,266,291));
#5043=IFCINDEXEDPOLYGONALFACE((265,12,292));
#5044=IFCINDEXEDPOLYGONALFACE((276,279,262));
#5045=IFCINDEXEDPOLYGONALFACE((8,267,292));
#5046=IFCINDEXEDPOLYGONALFACE((250,291,261));
#5047=IFCINDEXEDPOLYGONALFACE((12,11,292));
#5048=IFCINDEXEDPOLYGONALFACE((267,276,292));
#5049=IFCINDEXEDPOLYGONALFACE((269,293,294));
#5050=IFCINDEXEDPOLYGONALFACE((269,270,293));
#5051=IFCINDEXEDPOLYGONALFACE((288,287,271));
#5052=IFCINDEXEDPOLYGONALFACE((272,287,288));
#5053=IFCINDEXEDPOLYGONALFACE((287,285,286));
#5054=IFCINDEXEDPOLYGONALFACE((291,275,261));
#5055=IFCINDEXEDPOLYGONALFACE((279,274,262));
#5056=IFCINDEXEDPOLYGONALFACE((277,280,259));
#5057=IFCINDEXEDPOLYGONALFACE((266,259,275));
#5058=IFCINDEXEDPOLYGONALFACE((262,265,276));
#5059=IFCINDEXEDPOLYGONALFACE((255,285,284));
#5060=IFCINDEXEDPOLYGONALFACE((284,280,277));
#5061=IFCINDEXEDPOLYGONALFACE((263,264,279));
#5062=IFCINDEXEDPOLYGONALFACE((278,260,280));
#5063=IFCINDEXEDPOLYGONALFACE((279,264,282));
#5064=IFCINDEXEDPOLYGONALFACE((282,257,283));
#5065=IFCINDEXEDPOLYGONALFACE((268,293,281));
#5066=IFCINDEXEDPOLYGONALFACE((279,282,274));
#5067=IFCINDEXEDPOLYGONALFACE((257,281,283));
#5068=IFCINDEXEDPOLYGONALFACE((273,258,285));
#5069=IFCINDEXEDPOLYGONALFACE((283,281,293));
#5070=IFCINDEXEDPOLYGONALFACE((280,284,278));
#5071=IFCINDEXEDPOLYGONALFACE((271,287,286));
#5072=IFCINDEXEDPOLYGONALFACE((273,285,287));
#5073=IFCINDEXEDPOLYGONALFACE((272,273,287));
#5074=IFCINDEXEDPOLYGONALFACE((288,271,290));
#5075=IFCINDEXEDPOLYGONALFACE((289,297,256));
#5076=IFCINDEXEDPOLYGONALFACE((289,272,288));
#5077=IFCINDEXEDPOLYGONALFACE((297,290,253));
#5078=IFCINDEXEDPOLYGONALFACE((291,251,252));
#5079=IFCINDEXEDPOLYGONALFACE((265,292,276));
#5080=IFCINDEXEDPOLYGONALFACE((8,292,11));
#5081=IFCINDEXEDPOLYGONALFACE((293,268,294));
#5082=IFCINDEXEDPOLYGONALFACE((283,293,270));
#5083=IFCINDEXEDPOLYGONALFACE((298,256,297));
#5084=IFCINDEXEDPOLYGONALFACE((294,295,269));
#5085=IFCINDEXEDPOLYGONALFACE((294,268,296));
#5086=IFCINDEXEDPOLYGONALFACE((297,253,298));
#5087=IFCINDEXEDPOLYGONALFACE((288,297,289));
#5088=IFCINDEXEDPOLYGONALFACE((298,253,295));
#5089=IFCINDEXEDPOLYGONALFACE((294,298,295));
#5090=IFCINDEXEDPOLYGONALFACE((296,256,298));
#5091=IFCINDEXEDPOLYGONALFACE((329,325,353));
#5092=IFCINDEXEDPOLYGONALFACE((357,319,382));
#5093=IFCINDEXEDPOLYGONALFACE((339,405,338));
#5094=IFCINDEXEDPOLYGONALFACE((311,394,395));
#5095=IFCINDEXEDPOLYGONALFACE((317,403,336));
#5096=IFCINDEXEDPOLYGONALFACE((368,377,347));
#5097=IFCINDEXEDPOLYGONALFACE((346,348,345));
#5098=IFCINDEXEDPOLYGONALFACE((387,361,323));
#5099=IFCINDEXEDPOLYGONALFACE((355,353,325));
#5100=IFCINDEXEDPOLYGONALFACE((348,346,315));
#5101=IFCINDEXEDPOLYGONALFACE((339,404,405));
#5102=IFCINDEXEDPOLYGONALFACE((396,309,370));
#5103=IFCINDEXEDPOLYGONALFACE((354,378,402));
#5104=IFCINDEXEDPOLYGONALFACE((394,370,310));
#5105=IFCINDEXEDPOLYGONALFACE((304,397,372));
#5106=IFCINDEXEDPOLYGONALFACE((374,398,303));
#5107=IFCINDEXEDPOLYGONALFACE((375,313,368));
#5108=IFCINDEXEDPOLYGONALFACE((399,407,374));
#5109=IFCINDEXEDPOLYGONALFACE((351,300,341));
#5110=IFCINDEXEDPOLYGONALFACE((343,342,328,344));
#5111=IFCINDEXEDPOLYGONALFACE((350,351,352,330));
#5112=IFCINDEXEDPOLYGONALFACE((385,317,359));
#5113=IFCINDEXEDPOLYGONALFACE((365,391,334));
#5114=IFCINDEXEDPOLYGONALFACE((384,359,318));
#5115=IFCINDEXEDPOLYGONALFACE((366,393,337));
#5116=IFCINDEXEDPOLYGONALFACE((305,357,383));
#5117=IFCINDEXEDPOLYGONALFACE((305,404,339));
#5118=IFCINDEXEDPOLYGONALFACE((350,299,300));
#5119=IFCINDEXEDPOLYGONALFACE((65,64,342));
#5120=IFCINDEXEDPOLYGONALFACE((363,389,388));
#5121=IFCINDEXEDPOLYGONALFACE((389,363,322));
#5122=IFCINDEXEDPOLYGONALFACE((361,387,386));
#5123=IFCINDEXEDPOLYGONALFACE((343,340,65));
#5124=IFCINDEXEDPOLYGONALFACE((325,326,355));
#5125=IFCINDEXEDPOLYGONALFACE((353,324,352));
#5126=IFCINDEXEDPOLYGONALFACE((300,351,350));
#5127=IFCINDEXEDPOLYGONALFACE((314,377,349));
#5128=IFCINDEXEDPOLYGONALFACE((399,374,332));
#5129=IFCINDEXEDPOLYGONALFACE((401,333,375));
#5130=IFCINDEXEDPOLYGONALFACE((316,379,403));
#5131=IFCINDEXEDPOLYGONALFACE((307,390,365));
#5132=IFCINDEXEDPOLYGONALFACE((361,386,306));
#5133=IFCINDEXEDPOLYGONALFACE((335,336,380));
#5134=IFCINDEXEDPOLYGONALFACE((367,393,392));
#5135=IFCINDEXEDPOLYGONALFACE((393,367,338));
#5136=IFCINDEXEDPOLYGONALFACE((384,319,358));
#5137=IFCINDEXEDPOLYGONALFACE((404,305,383));
#5138=IFCINDEXEDPOLYGONALFACE((340,66,65));
#5139=IFCINDEXEDPOLYGONALFACE((300,301,341));
#5140=IFCINDEXEDPOLYGONALFACE((302,381,404));
#5141=IFCINDEXEDPOLYGONALFACE((342,343,65));
#5142=IFCINDEXEDPOLYGONALFACE((327,340,343));
#5143=IFCINDEXEDPOLYGONALFACE((341,329,351));
#5144=IFCINDEXEDPOLYGONALFACE((343,344,346));
#5145=IFCINDEXEDPOLYGONALFACE((344,315,346));
#5146=IFCINDEXEDPOLYGONALFACE((346,327,343));
#5147=IFCINDEXEDPOLYGONALFACE((327,346,345));
#5148=IFCINDEXEDPOLYGONALFACE((348,314,345));
#5149=IFCINDEXEDPOLYGONALFACE((315,347,348));
#5150=IFCINDEXEDPOLYGONALFACE((368,312,375));
#5151=IFCINDEXEDPOLYGONALFACE((368,313,349));
#5152=IFCINDEXEDPOLYGONALFACE((348,377,314));
#5153=IFCINDEXEDPOLYGONALFACE((353,351,329));
#5154=IFCINDEXEDPOLYGONALFACE((353,352,351));
#5155=IFCINDEXEDPOLYGONALFACE((354,355,378));
#5156=IFCINDEXEDPOLYGONALFACE((378,355,326));
#5157=IFCINDEXEDPOLYGONALFACE((324,353,355));
#5158=IFCINDEXEDPOLYGONALFACE((354,324,355));
#5159=IFCINDEXEDPOLYGONALFACE((382,318,356));
#5160=IFCINDEXEDPOLYGONALFACE((405,381,337));
#5161=IFCINDEXEDPOLYGONALFACE((302,383,356));
#5162=IFCINDEXEDPOLYGONALFACE((316,385,358));
#5163=IFCINDEXEDPOLYGONALFACE((360,386,387));
#5164=IFCINDEXEDPOLYGONALFACE((360,303,386));
#5165=IFCINDEXEDPOLYGONALFACE((390,304,364));
#5166=IFCINDEXEDPOLYGONALFACE((362,388,389));
#5167=IFCINDEXEDPOLYGONALFACE((362,320,388));
#5168=IFCINDEXEDPOLYGONALFACE((335,391,364));
#5169=IFCINDEXEDPOLYGONALFACE((366,392,393));
#5170=IFCINDEXEDPOLYGONALFACE((366,321,392));
#5171=IFCINDEXEDPOLYGONALFACE((377,368,349));
#5172=IFCINDEXEDPOLYGONALFACE((347,312,368));
#5173=IFCINDEXEDPOLYGONALFACE((394,311,369));
#5174=IFCINDEXEDPOLYGONALFACE((308,396,369));
#5175=IFCINDEXEDPOLYGONALFACE((397,307,371));
#5176=IFCINDEXEDPOLYGONALFACE((373,306,398));
#5177=IFCINDEXEDPOLYGONALFACE((406,311,395));
#5178=IFCINDEXEDPOLYGONALFACE((373,398,407));
#5179=IFCINDEXEDPOLYGONALFACE((399,400,331));
#5180=IFCINDEXEDPOLYGONALFACE((333,313,375));
#5181=IFCINDEXEDPOLYGONALFACE((312,376,401));
#5182=IFCINDEXEDPOLYGONALFACE((401,400,333));
#5183=IFCINDEXEDPOLYGONALFACE((347,377,348));
#5184=IFCINDEXEDPOLYGONALFACE((326,309,378));
#5185=IFCINDEXEDPOLYGONALFACE((402,378,309));
#5186=IFCINDEXEDPOLYGONALFACE((380,334,391));
#5187=IFCINDEXEDPOLYGONALFACE((334,380,379));
#5188=IFCINDEXEDPOLYGONALFACE((403,380,336));
#5189=IFCINDEXEDPOLYGONALFACE((382,356,383));
#5190=IFCINDEXEDPOLYGONALFACE((384,382,319));
#5191=IFCINDEXEDPOLYGONALFACE((383,302,404));
#5192=IFCINDEXEDPOLYGONALFACE((382,383,357));
#5193=IFCINDEXEDPOLYGONALFACE((384,358,385));
#5194=IFCINDEXEDPOLYGONALFACE((382,384,318));
#5195=IFCINDEXEDPOLYGONALFACE((385,316,403));
#5196=IFCINDEXEDPOLYGONALFACE((384,385,359));
#5197=IFCINDEXEDPOLYGONALFACE((398,386,303));
#5198=IFCINDEXEDPOLYGONALFACE((389,387,323));
#5199=IFCINDEXEDPOLYGONALFACE((360,387,322));
#5200=IFCINDEXEDPOLYGONALFACE((392,388,320));
#5201=IFCINDEXEDPOLYGONALFACE((363,388,321));
#5202=IFCINDEXEDPOLYGONALFACE((387,389,322));
#5203=IFCINDEXEDPOLYGONALFACE((362,389,323));
#5204=IFCINDEXEDPOLYGONALFACE((390,364,391));
#5205=IFCINDEXEDPOLYGONALFACE((397,390,307));
#5206=IFCINDEXEDPOLYGONALFACE((391,335,380));
#5207=IFCINDEXEDPOLYGONALFACE((390,391,365));
#5208=IFCINDEXEDPOLYGONALFACE((388,392,321));
#5209=IFCINDEXEDPOLYGONALFACE((367,392,320));
#5210=IFCINDEXEDPOLYGONALFACE((405,393,338));
#5211=IFCINDEXEDPOLYGONALFACE((394,369,396));
#5212=IFCINDEXEDPOLYGONALFACE((395,394,310));
#5213=IFCINDEXEDPOLYGONALFACE((372,406,310));
#5214=IFCINDEXEDPOLYGONALFACE((395,310,406));
#5215=IFCINDEXEDPOLYGONALFACE((396,308,402));
#5216=IFCINDEXEDPOLYGONALFACE((394,396,370));
#5217=IFCINDEXEDPOLYGONALFACE((397,371,406));
#5218=IFCINDEXEDPOLYGONALFACE((390,397,304));
#5219=IFCINDEXEDPOLYGONALFACE((386,398,306));
#5220=IFCINDEXEDPOLYGONALFACE((400,399,332));
#5221=IFCINDEXEDPOLYGONALFACE((373,399,331));
#5222=IFCINDEXEDPOLYGONALFACE((333,400,332));
#5223=IFCINDEXEDPOLYGONALFACE((376,331,400));
#5224=IFCINDEXEDPOLYGONALFACE((312,401,375));
#5225=IFCINDEXEDPOLYGONALFACE((400,401,376));
#5226=IFCINDEXEDPOLYGONALFACE((396,402,309));
#5227=IFCINDEXEDPOLYGONALFACE((354,402,308));
#5228=IFCINDEXEDPOLYGONALFACE((403,317,385));
#5229=IFCINDEXEDPOLYGONALFACE((380,403,379));
#5230=IFCINDEXEDPOLYGONALFACE((405,404,381));
#5231=IFCINDEXEDPOLYGONALFACE((393,405,337));
#5232=IFCINDEXEDPOLYGONALFACE((397,406,372));
#5233=IFCINDEXEDPOLYGONALFACE((311,406,371));
#5234=IFCINDEXEDPOLYGONALFACE((374,407,398));
#5235=IFCINDEXEDPOLYGONALFACE((399,373,407));
#5236=IFCINDEXEDPOLYGONALFACE((454,434,421));
#5237=IFCINDEXEDPOLYGONALFACE((436,453,451));
#5238=IFCINDEXEDPOLYGONALFACE((435,457,458));
#5239=IFCINDEXEDPOLYGONALFACE((446,455,461));
#5240=IFCINDEXEDPOLYGONALFACE((457,435,425));
#5241=IFCINDEXEDPOLYGONALFACE((415,448,447));
#5242=IFCINDEXEDPOLYGONALFACE((426,419,451));
#5243=IFCINDEXEDPOLYGONALFACE((452,416,451));
#5244=IFCINDEXEDPOLYGONALFACE((428,438,440));
#5245=IFCINDEXEDPOLYGONALFACE((452,451,419));
#5246=IFCINDEXEDPOLYGONALFACE((417,443,444));
#5247=IFCINDEXEDPOLYGONALFACE((456,412,413));
#5248=IFCINDEXEDPOLYGONALFACE((434,454,456));
#5249=IFCINDEXEDPOLYGONALFACE((458,457,427));
#5250=IFCINDEXEDPOLYGONALFACE((443,417,439));
#5251=IFCINDEXEDPOLYGONALFACE((453,426,451));
#5252=IFCINDEXEDPOLYGONALFACE((250,435,458));
#5253=IFCINDEXEDPOLYGONALFACE((252,251,458));
#5254=IFCINDEXEDPOLYGONALFACE((440,441,428));
#5255=IFCINDEXEDPOLYGONALFACE((447,441,430));
#5256=IFCINDEXEDPOLYGONALFACE((437,459,452));
#5257=IFCINDEXEDPOLYGONALFACE((418,447,448));
#5258=IFCINDEXEDPOLYGONALFACE((459,432,433));
#5259=IFCINDEXEDPOLYGONALFACE((414,434,456));
#5260=IFCINDEXEDPOLYGONALFACE((454,422,423));
#5261=IFCINDEXEDPOLYGONALFACE((420,443,438));
#5262=IFCINDEXEDPOLYGONALFACE((453,424,457));
#5263=IFCINDEXEDPOLYGONALFACE((459,431,460));
#5264=IFCINDEXEDPOLYGONALFACE((440,429,441));
#5265=IFCINDEXEDPOLYGONALFACE((443,440,438));
#5266=IFCINDEXEDPOLYGONALFACE((439,429,440));
#5267=IFCINDEXEDPOLYGONALFACE((429,430,441));
#5268=IFCINDEXEDPOLYGONALFACE((443,420,444));
#5269=IFCINDEXEDPOLYGONALFACE((442,447,418));
#5270=IFCINDEXEDPOLYGONALFACE((442,428,441));
#5271=IFCINDEXEDPOLYGONALFACE((440,443,439));
#5272=IFCINDEXEDPOLYGONALFACE((446,422,455));
#5273=IFCINDEXEDPOLYGONALFACE((444,420,446));
#5274=IFCINDEXEDPOLYGONALFACE((422,454,455));
#5275=IFCINDEXEDPOLYGONALFACE((417,444,461));
#5276=IFCINDEXEDPOLYGONALFACE((441,447,442));
#5277=IFCINDEXEDPOLYGONALFACE((415,447,430));
#5278=IFCINDEXEDPOLYGONALFACE((432,459,460));
#5279=IFCINDEXEDPOLYGONALFACE((462,450,448));
#5280=IFCINDEXEDPOLYGONALFACE((415,449,462));
#5281=IFCINDEXEDPOLYGONALFACE((460,450,462));
#5282=IFCINDEXEDPOLYGONALFACE((450,418,448));
#5283=IFCINDEXEDPOLYGONALFACE((436,451,416));
#5284=IFCINDEXEDPOLYGONALFACE((437,452,419));
#5285=IFCINDEXEDPOLYGONALFACE((433,416,452));
#5286=IFCINDEXEDPOLYGONALFACE((424,453,436));
#5287=IFCINDEXEDPOLYGONALFACE((425,426,453));
#5288=IFCINDEXEDPOLYGONALFACE((454,423,456));
#5289=IFCINDEXEDPOLYGONALFACE((455,454,421));
#5290=IFCINDEXEDPOLYGONALFACE((421,445,455));
#5291=IFCINDEXEDPOLYGONALFACE((455,445,461));
#5292=IFCINDEXEDPOLYGONALFACE((412,456,423));
#5293=IFCINDEXEDPOLYGONALFACE((414,456,413));
#5294=IFCINDEXEDPOLYGONALFACE((453,457,425));
#5295=IFCINDEXEDPOLYGONALFACE((427,457,424));
#5296=IFCINDEXEDPOLYGONALFACE((252,458,427));
#5297=IFCINDEXEDPOLYGONALFACE((250,458,251));
#5298=IFCINDEXEDPOLYGONALFACE((452,459,433));
#5299=IFCINDEXEDPOLYGONALFACE((431,459,437));
#5300=IFCINDEXEDPOLYGONALFACE((450,460,431));
#5301=IFCINDEXEDPOLYGONALFACE((449,432,460));
#5302=IFCINDEXEDPOLYGONALFACE((417,461,445));
#5303=IFCINDEXEDPOLYGONALFACE((444,446,461));
#5304=IFCINDEXEDPOLYGONALFACE((415,462,448));
#5305=IFCINDEXEDPOLYGONALFACE((460,462,449));
#5306=IFCINDEXEDPOLYGONALFACE((504,463,464));
#5307=IFCINDEXEDPOLYGONALFACE((300,299,506));
#5308=IFCINDEXEDPOLYGONALFACE((583,513,546));
#5309=IFCINDEXEDPOLYGONALFACE((547,482,587));
#5310=IFCINDEXEDPOLYGONALFACE((615,616,558));
#5311=IFCINDEXEDPOLYGONALFACE((604,605,553));
#5312=IFCINDEXEDPOLYGONALFACE((554,522,539));
#5313=IFCINDEXEDPOLYGONALFACE((510,479,522));
#5314=IFCINDEXEDPOLYGONALFACE((560,529,620,487));
#5315=IFCINDEXEDPOLYGONALFACE((565,566,537));
#5316=IFCINDEXEDPOLYGONALFACE((507,506,492,508));
#5317=IFCINDEXEDPOLYGONALFACE((631,637,636,495));
#5318=IFCINDEXEDPOLYGONALFACE((629,610,556));
#5319=IFCINDEXEDPOLYGONALFACE((629,630,563));
#5320=IFCINDEXEDPOLYGONALFACE((611,608,555));
#5321=IFCINDEXEDPOLYGONALFACE((617,613,557));
#5322=IFCINDEXEDPOLYGONALFACE((477,538,570));
#5323=IFCINDEXEDPOLYGONALFACE((562,627,531));
#5324=IFCINDEXEDPOLYGONALFACE((479,510,508));
#5325=IFCINDEXEDPOLYGONALFACE((507,505,300));
#5326=IFCINDEXEDPOLYGONALFACE((582,579,544));
#5327=IFCINDEXEDPOLYGONALFACE((575,503,641));
#5328=IFCINDEXEDPOLYGONALFACE((586,581,545));
#5329=IFCINDEXEDPOLYGONALFACE((588,584,546));
#5330=IFCINDEXEDPOLYGONALFACE((637,631,568));
#5331=IFCINDEXEDPOLYGONALFACE((549,593,516));
#5332=IFCINDEXEDPOLYGONALFACE((549,516,591,486));
#5333=IFCINDEXEDPOLYGONALFACE((560,622,529));
#5334=IFCINDEXEDPOLYGONALFACE((532,533,464));
#5335=IFCINDEXEDPOLYGONALFACE((537,535,489));
#5336=IFCINDEXEDPOLYGONALFACE((491,507,510));
#5337=IFCINDEXEDPOLYGONALFACE((551,599,518));
#5338=IFCINDEXEDPOLYGONALFACE((551,518,597,494));
#5339=IFCINDEXEDPOLYGONALFACE((469,583,632,631));
#5340=IFCINDEXEDPOLYGONALFACE((534,533,532,497));
#5341=IFCINDEXEDPOLYGONALFACE((489,535,534));
#5342=IFCINDEXEDPOLYGONALFACE((500,572,573));
#5343=IFCINDEXEDPOLYGONALFACE((562,531,625,499));
#5344=IFCINDEXEDPOLYGONALFACE((562,639,498));
#5345=IFCINDEXEDPOLYGONALFACE((642,643,575));
#5346=IFCINDEXEDPOLYGONALFACE((606,601,552));
#5347=IFCINDEXEDPOLYGONALFACE((604,577,543));
#5348=IFCINDEXEDPOLYGONALFACE((504,533,496));
#5349=IFCINDEXEDPOLYGONALFACE((505,301,300));
#5350=IFCINDEXEDPOLYGONALFACE((464,465,532));
#5351=IFCINDEXEDPOLYGONALFACE((568,466,633,540));
#5352=IFCINDEXEDPOLYGONALFACE((584,466,546));
#5353=IFCINDEXEDPOLYGONALFACE((506,507,300));
#5354=IFCINDEXEDPOLYGONALFACE((491,505,507));
#5355=IFCINDEXEDPOLYGONALFACE((510,478,509,491));
#5356=IFCINDEXEDPOLYGONALFACE((510,507,508));
#5357=IFCINDEXEDPOLYGONALFACE((615,607,555));
#5358=IFCINDEXEDPOLYGONALFACE((602,578,544));
#5359=IFCINDEXEDPOLYGONALFACE((545,511,580,482));
#5360=IFCINDEXEDPOLYGONALFACE((632,583,546));
#5361=IFCINDEXEDPOLYGONALFACE((547,513,585));
#5362=IFCINDEXEDPOLYGONALFACE((515,548,593));
#5363=IFCINDEXEDPOLYGONALFACE((548,515,589,484));
#5364=IFCINDEXEDPOLYGONALFACE((552,480,600,519));
#5365=IFCINDEXEDPOLYGONALFACE((594,599,598,517));
#5366=IFCINDEXEDPOLYGONALFACE((599,594,550));
#5367=IFCINDEXEDPOLYGONALFACE((553,519,603,502));
#5368=IFCINDEXEDPOLYGONALFACE((510,522,478));
#5369=IFCINDEXEDPOLYGONALFACE((522,479,539));
#5370=IFCINDEXEDPOLYGONALFACE((523,538,477));
#5371=IFCINDEXEDPOLYGONALFACE((570,571,572));
#5372=IFCINDEXEDPOLYGONALFACE((478,522,554));
#5373=IFCINDEXEDPOLYGONALFACE((556,524,609,472));
#5374=IFCINDEXEDPOLYGONALFACE((642,612,557));
#5375=IFCINDEXEDPOLYGONALFACE((558,526,614));
#5376=IFCINDEXEDPOLYGONALFACE((528,559,622));
#5377=IFCINDEXEDPOLYGONALFACE((559,528,618,467));
#5378=IFCINDEXEDPOLYGONALFACE((530,561,627));
#5379=IFCINDEXEDPOLYGONALFACE((561,530,623,470));
#5380=IFCINDEXEDPOLYGONALFACE((612,526,557));
#5381=IFCINDEXEDPOLYGONALFACE((535,537,488));
#5382=IFCINDEXEDPOLYGONALFACE((464,533,504));
#5383=IFCINDEXEDPOLYGONALFACE((534,535,533));
#5384=IFCINDEXEDPOLYGONALFACE((488,496,535));
#5385=IFCINDEXEDPOLYGONALFACE((533,535,496));
#5386=IFCINDEXEDPOLYGONALFACE((563,490,628,473));
#5387=IFCINDEXEDPOLYGONALFACE((537,489,564));
#5388=IFCINDEXEDPOLYGONALFACE((537,564,565));
#5389=IFCINDEXEDPOLYGONALFACE((554,538,523));
#5390=IFCINDEXEDPOLYGONALFACE((538,521,567,476));
#5391=IFCINDEXEDPOLYGONALFACE((570,538,476));
#5392=IFCINDEXEDPOLYGONALFACE((554,539,521));
#5393=IFCINDEXEDPOLYGONALFACE((569,540,634));
#5394=IFCINDEXEDPOLYGONALFACE((601,606,520));
#5395=IFCINDEXEDPOLYGONALFACE((543,542,576,501));
#5396=IFCINDEXEDPOLYGONALFACE((575,543,503));
#5397=IFCINDEXEDPOLYGONALFACE((511,545,582));
#5398=IFCINDEXEDPOLYGONALFACE((602,480,552));
#5399=IFCINDEXEDPOLYGONALFACE((584,588,587,514));
#5400=IFCINDEXEDPOLYGONALFACE((545,581,582));
#5401=IFCINDEXEDPOLYGONALFACE((513,547,588));
#5402=IFCINDEXEDPOLYGONALFACE((632,466,568));
#5403=IFCINDEXEDPOLYGONALFACE((585,586,547));
#5404=IFCINDEXEDPOLYGONALFACE((547,587,588));
#5405=IFCINDEXEDPOLYGONALFACE((595,484,550));
#5406=IFCINDEXEDPOLYGONALFACE((595,590,548));
#5407=IFCINDEXEDPOLYGONALFACE((560,549,486));
#5408=IFCINDEXEDPOLYGONALFACE((549,487,592));
#5409=IFCINDEXEDPOLYGONALFACE((595,594,485,590));
#5410=IFCINDEXEDPOLYGONALFACE((578,602,601,481));
#5411=IFCINDEXEDPOLYGONALFACE((550,484,596));
#5412=IFCINDEXEDPOLYGONALFACE((579,480,544));
#5413=IFCINDEXEDPOLYGONALFACE((635,494,569));
#5414=IFCINDEXEDPOLYGONALFACE((635,598,551));
#5415=IFCINDEXEDPOLYGONALFACE((519,553,606));
#5416=IFCINDEXEDPOLYGONALFACE((552,601,602));
#5417=IFCINDEXEDPOLYGONALFACE((553,502,604));
#5418=IFCINDEXEDPOLYGONALFACE((606,553,520));
#5419=IFCINDEXEDPOLYGONALFACE((538,554,521));
#5420=IFCINDEXEDPOLYGONALFACE((478,554,523));
#5421=IFCINDEXEDPOLYGONALFACE((524,556,611));
#5422=IFCINDEXEDPOLYGONALFACE((613,617,527));
#5423=IFCINDEXEDPOLYGONALFACE((466,632,546));
#5424=IFCINDEXEDPOLYGONALFACE((611,556,525));
#5425=IFCINDEXEDPOLYGONALFACE((526,558,617));
#5426=IFCINDEXEDPOLYGONALFACE((475,607,615,614));
#5427=IFCINDEXEDPOLYGONALFACE((617,558,527));
#5428=IFCINDEXEDPOLYGONALFACE((561,559,467));
#5429=IFCINDEXEDPOLYGONALFACE((559,470,619));
#5430=IFCINDEXEDPOLYGONALFACE((549,560,487));
#5431=IFCINDEXEDPOLYGONALFACE((560,486,621));
#5432=IFCINDEXEDPOLYGONALFACE((559,561,470));
#5433=IFCINDEXEDPOLYGONALFACE((561,467,624));
#5434=IFCINDEXEDPOLYGONALFACE((613,468,557));
#5435=IFCINDEXEDPOLYGONALFACE((639,499,573));
#5436=IFCINDEXEDPOLYGONALFACE((562,498,626));
#5437=IFCINDEXEDPOLYGONALFACE((563,473,629));
#5438=IFCINDEXEDPOLYGONALFACE((565,563,536));
#5439=IFCINDEXEDPOLYGONALFACE((563,565,490));
#5440=IFCINDEXEDPOLYGONALFACE((565,564,490));
#5441=IFCINDEXEDPOLYGONALFACE((566,565,536));
#5442=IFCINDEXEDPOLYGONALFACE((566,488,537));
#5443=IFCINDEXEDPOLYGONALFACE((637,540,569));
#5444=IFCINDEXEDPOLYGONALFACE((635,634,493,598));
#5445=IFCINDEXEDPOLYGONALFACE((569,494,636));
#5446=IFCINDEXEDPOLYGONALFACE((571,541,572));
#5447=IFCINDEXEDPOLYGONALFACE((572,574,570));
#5448=IFCINDEXEDPOLYGONALFACE((570,476,571));
#5449=IFCINDEXEDPOLYGONALFACE((573,572,541));
#5450=IFCINDEXEDPOLYGONALFACE((477,570,574));
#5451=IFCINDEXEDPOLYGONALFACE((573,541,638));
#5452=IFCINDEXEDPOLYGONALFACE((573,499,640,500));
#5453=IFCINDEXEDPOLYGONALFACE((572,500,574));
#5454=IFCINDEXEDPOLYGONALFACE((471,612,642,641));
#5455=IFCINDEXEDPOLYGONALFACE((543,575,542));
#5456=IFCINDEXEDPOLYGONALFACE((579,582,581,512));
#5457=IFCINDEXEDPOLYGONALFACE((577,503,543));
#5458=IFCINDEXEDPOLYGONALFACE((511,544,578));
#5459=IFCINDEXEDPOLYGONALFACE((511,582,544));
#5460=IFCINDEXEDPOLYGONALFACE((581,586,585,483));
#5461=IFCINDEXEDPOLYGONALFACE((482,586,545));
#5462=IFCINDEXEDPOLYGONALFACE((482,547,586));
#5463=IFCINDEXEDPOLYGONALFACE((513,588,546));
#5464=IFCINDEXEDPOLYGONALFACE((593,548,590));
#5465=IFCINDEXEDPOLYGONALFACE((593,590,516));
#5466=IFCINDEXEDPOLYGONALFACE((593,592,515));
#5467=IFCINDEXEDPOLYGONALFACE((592,593,549));
#5468=IFCINDEXEDPOLYGONALFACE((484,595,548));
#5469=IFCINDEXEDPOLYGONALFACE((594,595,550));
#5470=IFCINDEXEDPOLYGONALFACE((599,550,596));
#5471=IFCINDEXEDPOLYGONALFACE((599,596,518));
#5472=IFCINDEXEDPOLYGONALFACE((598,599,551));
#5473=IFCINDEXEDPOLYGONALFACE((480,602,544));
#5474=IFCINDEXEDPOLYGONALFACE((577,604,502));
#5475=IFCINDEXEDPOLYGONALFACE((501,604,543));
#5476=IFCINDEXEDPOLYGONALFACE((605,604,501));
#5477=IFCINDEXEDPOLYGONALFACE((605,520,553));
#5478=IFCINDEXEDPOLYGONALFACE((519,606,552));
#5479=IFCINDEXEDPOLYGONALFACE((608,611,525));
#5480=IFCINDEXEDPOLYGONALFACE((607,524,555));
#5481=IFCINDEXEDPOLYGONALFACE((608,474,555));
#5482=IFCINDEXEDPOLYGONALFACE((610,525,556));
#5483=IFCINDEXEDPOLYGONALFACE((524,611,555));
#5484=IFCINDEXEDPOLYGONALFACE((474,615,555));
#5485=IFCINDEXEDPOLYGONALFACE((614,615,558));
#5486=IFCINDEXEDPOLYGONALFACE((616,615,474));
#5487=IFCINDEXEDPOLYGONALFACE((616,527,558));
#5488=IFCINDEXEDPOLYGONALFACE((526,617,557));
#5489=IFCINDEXEDPOLYGONALFACE((622,559,619));
#5490=IFCINDEXEDPOLYGONALFACE((622,619,529));
#5491=IFCINDEXEDPOLYGONALFACE((622,621,528));
#5492=IFCINDEXEDPOLYGONALFACE((621,622,560));
#5493=IFCINDEXEDPOLYGONALFACE((627,561,624));
#5494=IFCINDEXEDPOLYGONALFACE((627,624,531));
#5495=IFCINDEXEDPOLYGONALFACE((627,626,530));
#5496=IFCINDEXEDPOLYGONALFACE((626,627,562));
#5497=IFCINDEXEDPOLYGONALFACE((610,629,473));
#5498=IFCINDEXEDPOLYGONALFACE((472,629,556));
#5499=IFCINDEXEDPOLYGONALFACE((630,629,472));
#5500=IFCINDEXEDPOLYGONALFACE((630,536,563));
#5501=IFCINDEXEDPOLYGONALFACE((631,632,568));
#5502=IFCINDEXEDPOLYGONALFACE((494,635,551));
#5503=IFCINDEXEDPOLYGONALFACE((634,635,569));
#5504=IFCINDEXEDPOLYGONALFACE((540,637,568));
#5505=IFCINDEXEDPOLYGONALFACE((636,637,569));
#5506=IFCINDEXEDPOLYGONALFACE((499,639,562));
#5507=IFCINDEXEDPOLYGONALFACE((639,638,498));
#5508=IFCINDEXEDPOLYGONALFACE((638,639,573));
#5509=IFCINDEXEDPOLYGONALFACE((468,642,557));
#5510=IFCINDEXEDPOLYGONALFACE((641,642,575));
#5511=IFCINDEXEDPOLYGONALFACE((643,642,468));
#5512=IFCINDEXEDPOLYGONALFACE((643,542,575));
#5513=IFCINDEXEDPOLYGONALFACEWITHVOIDS((644,245,246,408),((247,3,2,409)));
#5514=IFCINDEXEDPOLYGONALFACEWITHVOIDS((410,1,4,248),((249,7,6,411)));
#5515=IFCINDEXEDPOLYGONALFACE((672,652,667));
#5516=IFCINDEXEDPOLYGONALFACE((666,674,646));
#5517=IFCINDEXEDPOLYGONALFACE((647,676,669));
#5518=IFCINDEXEDPOLYGONALFACE((655,668,659));
#5519=IFCINDEXEDPOLYGONALFACE((652,653,667));
#5520=IFCINDEXEDPOLYGONALFACE((667,651,672));
#5521=IFCINDEXEDPOLYGONALFACE((668,655,671));
#5522=IFCINDEXEDPOLYGONALFACE((677,650,676));
#5523=IFCINDEXEDPOLYGONALFACE((649,674,656));
#5524=IFCINDEXEDPOLYGONALFACE((676,650,670));
#5525=IFCINDEXEDPOLYGONALFACE((688,690,686));
#5526=IFCINDEXEDPOLYGONALFACE((680,682,689));
#5527=IFCINDEXEDPOLYGONALFACE((675,662,646));
#5528=IFCINDEXEDPOLYGONALFACE((677,647,678));
#5529=IFCINDEXEDPOLYGONALFACE((683,5,10));
#5530=IFCINDEXEDPOLYGONALFACE((667,683,658));
#5531=IFCINDEXEDPOLYGONALFACE((674,675,646));
#5532=IFCINDEXEDPOLYGONALFACE((9,658,683));
#5533=IFCINDEXEDPOLYGONALFACE((657,414,684));
#5534=IFCINDEXEDPOLYGONALFACE((668,671,654));
#5535=IFCINDEXEDPOLYGONALFACE((412,659,684));
#5536=IFCINDEXEDPOLYGONALFACE((5,683,653));
#5537=IFCINDEXEDPOLYGONALFACE((414,413,684));
#5538=IFCINDEXEDPOLYGONALFACE((659,668,684));
#5539=IFCINDEXEDPOLYGONALFACE((661,685,686));
#5540=IFCINDEXEDPOLYGONALFACE((661,662,685));
#5541=IFCINDEXEDPOLYGONALFACE((680,679,663));
#5542=IFCINDEXEDPOLYGONALFACE((664,679,680));
#5543=IFCINDEXEDPOLYGONALFACE((679,677,678));
#5544=IFCINDEXEDPOLYGONALFACE((683,667,653));
#5545=IFCINDEXEDPOLYGONALFACE((671,666,654));
#5546=IFCINDEXEDPOLYGONALFACE((669,672,651));
#5547=IFCINDEXEDPOLYGONALFACE((658,651,667));
#5548=IFCINDEXEDPOLYGONALFACE((654,657,668));
#5549=IFCINDEXEDPOLYGONALFACE((647,677,676));
#5550=IFCINDEXEDPOLYGONALFACE((676,672,669));
#5551=IFCINDEXEDPOLYGONALFACE((655,656,671));
#5552=IFCINDEXEDPOLYGONALFACE((670,652,672));
#5553=IFCINDEXEDPOLYGONALFACE((671,656,674));
#5554=IFCINDEXEDPOLYGONALFACE((674,649,675));
#5555=IFCINDEXEDPOLYGONALFACE((660,685,673));
#5556=IFCINDEXEDPOLYGONALFACE((671,674,666));
#5557=IFCINDEXEDPOLYGONALFACE((649,673,675));
#5558=IFCINDEXEDPOLYGONALFACE((665,650,677));
#5559=IFCINDEXEDPOLYGONALFACE((675,673,685));
#5560=IFCINDEXEDPOLYGONALFACE((672,676,670));
#5561=IFCINDEXEDPOLYGONALFACE((663,679,678));
#5562=IFCINDEXEDPOLYGONALFACE((665,677,679));
#5563=IFCINDEXEDPOLYGONALFACE((664,665,679));
#5564=IFCINDEXEDPOLYGONALFACE((680,663,682));
#5565=IFCINDEXEDPOLYGONALFACE((681,689,648));
#5566=IFCINDEXEDPOLYGONALFACE((681,664,680));
#5567=IFCINDEXEDPOLYGONALFACE((689,682,645));
#5568=IFCINDEXEDPOLYGONALFACE((683,10,9));
#5569=IFCINDEXEDPOLYGONALFACE((657,684,668));
#5570=IFCINDEXEDPOLYGONALFACE((412,684,413));
#5571=IFCINDEXEDPOLYGONALFACE((685,660,686));
#5572=IFCINDEXEDPOLYGONALFACE((675,685,662));
#5573=IFCINDEXEDPOLYGONALFACE((690,648,689));
#5574=IFCINDEXEDPOLYGONALFACE((686,687,661));
#5575=IFCINDEXEDPOLYGONALFACE((686,660,688));
#5576=IFCINDEXEDPOLYGONALFACE((689,645,690));
#5577=IFCINDEXEDPOLYGONALFACE((680,689,681));
#5578=IFCINDEXEDPOLYGONALFACE((690,645,687));
#5579=IFCINDEXEDPOLYGONALFACE((686,690,687));
#5580=IFCINDEXEDPOLYGONALFACE((688,648,690));
#5581=IFCINDEXEDPOLYGONALFACEWITHVOIDS((299,350,330,352,324,354,308,369,311,371,307,365,334,379,316,358,319,357,305,339,338,367,320,362,323,361,306,373,331,376,312,347,315,344,328,342,64,105,97,89,167,137,231,73,210,125,208,76,215,127,213,72,242,104,178,103,204,120,201,81,180,113,182,84,186,114,184,70,232,96,237,95,198,119,197,85,190,116,193,88,221,130,220,71,224,131,227,99,239,142,172,77,168,122,140,80,109,93,107,63,739,719,741,713,743,697,758,700,760,696,754,723,768,705,747,708,746,694,728,727,756,709,751,712,750,695,762,720,765,701,736,704,733,717,731,463,504,496,488,566,536,630,472,609,524,607,475,614,526,612,471,641,503,577,502,603,519,600,480,579,512,581,483,585,513,583,469,631,495,636,494,597,518,596,484,589,515,592,487,620,529,619,470,623,530,626,498,638,541,571,476,567,521,539,479,508,492,506),((427,424,436,416,433,432,449,415,430,429,439,417,445,421,434,414,657,654,666,646,662,661,687,645,682,663,678,647,669,651,658,9,25,22,34,14,31,30,47,13,28,27,37,15,43,19,32,12,265,262,274,254,270,269,295,253,290,271,286,255,277,259,266,252)));
#5582=IFCINDEXEDPOLYGONALFACE((718,714,742));
#5583=IFCINDEXEDPOLYGONALFACE((746,708,771));
#5584=IFCINDEXEDPOLYGONALFACE((728,794,727));
#5585=IFCINDEXEDPOLYGONALFACE((700,783,784));
#5586=IFCINDEXEDPOLYGONALFACE((706,792,725));
#5587=IFCINDEXEDPOLYGONALFACE((757,766,736));
#5588=IFCINDEXEDPOLYGONALFACE((735,737,734));
#5589=IFCINDEXEDPOLYGONALFACE((776,750,712));
#5590=IFCINDEXEDPOLYGONALFACE((744,742,714));
#5591=IFCINDEXEDPOLYGONALFACE((737,735,704));
#5592=IFCINDEXEDPOLYGONALFACE((728,793,794));
#5593=IFCINDEXEDPOLYGONALFACE((785,698,759));
#5594=IFCINDEXEDPOLYGONALFACE((743,767,791));
#5595=IFCINDEXEDPOLYGONALFACE((783,759,699));
#5596=IFCINDEXEDPOLYGONALFACE((693,786,761));
#5597=IFCINDEXEDPOLYGONALFACE((763,787,692));
#5598=IFCINDEXEDPOLYGONALFACE((764,702,757));
#5599=IFCINDEXEDPOLYGONALFACE((788,796,763));
#5600=IFCINDEXEDPOLYGONALFACE((740,62,730));
#5601=IFCINDEXEDPOLYGONALFACE((732,731,717,733));
#5602=IFCINDEXEDPOLYGONALFACE((739,740,741,719));
#5603=IFCINDEXEDPOLYGONALFACE((774,706,748));
#5604=IFCINDEXEDPOLYGONALFACE((754,780,723));
#5605=IFCINDEXEDPOLYGONALFACE((773,748,707));
#5606=IFCINDEXEDPOLYGONALFACE((755,782,726));
#5607=IFCINDEXEDPOLYGONALFACE((694,746,772));
#5608=IFCINDEXEDPOLYGONALFACE((694,793,728));
#5609=IFCINDEXEDPOLYGONALFACE((739,63,62));
#5610=IFCINDEXEDPOLYGONALFACE((464,463,731));
#5611=IFCINDEXEDPOLYGONALFACE((752,778,777));
#5612=IFCINDEXEDPOLYGONALFACE((778,752,711));
#5613=IFCINDEXEDPOLYGONALFACE((750,776,775));
#5614=IFCINDEXEDPOLYGONALFACE((732,729,464));
#5615=IFCINDEXEDPOLYGONALFACE((714,715,744));
#5616=IFCINDEXEDPOLYGONALFACE((742,713,741));
#5617=IFCINDEXEDPOLYGONALFACE((62,740,739));
#5618=IFCINDEXEDPOLYGONALFACE((703,766,738));
#5619=IFCINDEXEDPOLYGONALFACE((788,763,721));
#5620=IFCINDEXEDPOLYGONALFACE((790,722,764));
#5621=IFCINDEXEDPOLYGONALFACE((705,768,792));
#5622=IFCINDEXEDPOLYGONALFACE((696,779,754));
#5623=IFCINDEXEDPOLYGONALFACE((750,775,695));
#5624=IFCINDEXEDPOLYGONALFACE((724,725,769));
#5625=IFCINDEXEDPOLYGONALFACE((756,782,781));
#5626=IFCINDEXEDPOLYGONALFACE((782,756,727));
#5627=IFCINDEXEDPOLYGONALFACE((773,708,747));
#5628=IFCINDEXEDPOLYGONALFACE((793,694,772));
#5629=IFCINDEXEDPOLYGONALFACE((729,465,464));
#5630=IFCINDEXEDPOLYGONALFACE((62,61,730));
#5631=IFCINDEXEDPOLYGONALFACE((691,770,793));
#5632=IFCINDEXEDPOLYGONALFACE((731,732,464));
#5633=IFCINDEXEDPOLYGONALFACE((716,729,732));
#5634=IFCINDEXEDPOLYGONALFACE((730,718,740));
#5635=IFCINDEXEDPOLYGONALFACE((732,733,735));
#5636=IFCINDEXEDPOLYGONALFACE((733,704,735));
#5637=IFCINDEXEDPOLYGONALFACE((735,716,732));
#5638=IFCINDEXEDPOLYGONALFACE((716,735,734));
#5639=IFCINDEXEDPOLYGONALFACE((737,703,734));
#5640=IFCINDEXEDPOLYGONALFACE((704,736,737));
#5641=IFCINDEXEDPOLYGONALFACE((757,701,764));
#5642=IFCINDEXEDPOLYGONALFACE((757,702,738));
#5643=IFCINDEXEDPOLYGONALFACE((737,766,703));
#5644=IFCINDEXEDPOLYGONALFACE((742,740,718));
#5645=IFCINDEXEDPOLYGONALFACE((742,741,740));
#5646=IFCINDEXEDPOLYGONALFACE((743,744,767));
#5647=IFCINDEXEDPOLYGONALFACE((767,744,715));
#5648=IFCINDEXEDPOLYGONALFACE((713,742,744));
#5649=IFCINDEXEDPOLYGONALFACE((743,713,744));
#5650=IFCINDEXEDPOLYGONALFACE((771,707,745));
#5651=IFCINDEXEDPOLYGONALFACE((794,770,726));
#5652=IFCINDEXEDPOLYGONALFACE((691,772,745));
#5653=IFCINDEXEDPOLYGONALFACE((705,774,747));
#5654=IFCINDEXEDPOLYGONALFACE((749,775,776));
#5655=IFCINDEXEDPOLYGONALFACE((749,692,775));
#5656=IFCINDEXEDPOLYGONALFACE((779,693,753));
#5657=IFCINDEXEDPOLYGONALFACE((751,777,778));
#5658=IFCINDEXEDPOLYGONALFACE((751,709,777));
#5659=IFCINDEXEDPOLYGONALFACE((724,780,753));
#5660=IFCINDEXEDPOLYGONALFACE((755,781,782));
#5661=IFCINDEXEDPOLYGONALFACE((755,710,781));
#5662=IFCINDEXEDPOLYGONALFACE((766,757,738));
#5663=IFCINDEXEDPOLYGONALFACE((736,701,757));
#5664=IFCINDEXEDPOLYGONALFACE((783,700,758));
#5665=IFCINDEXEDPOLYGONALFACE((697,785,758));
#5666=IFCINDEXEDPOLYGONALFACE((786,696,760));
#5667=IFCINDEXEDPOLYGONALFACE((762,695,787));
#5668=IFCINDEXEDPOLYGONALFACE((795,700,784));
#5669=IFCINDEXEDPOLYGONALFACE((762,787,796));
#5670=IFCINDEXEDPOLYGONALFACE((788,789,720));
#5671=IFCINDEXEDPOLYGONALFACE((722,702,764));
#5672=IFCINDEXEDPOLYGONALFACE((701,765,790));
#5673=IFCINDEXEDPOLYGONALFACE((790,789,722));
#5674=IFCINDEXEDPOLYGONALFACE((736,766,737));
#5675=IFCINDEXEDPOLYGONALFACE((715,698,767));
#5676=IFCINDEXEDPOLYGONALFACE((791,767,698));
#5677=IFCINDEXEDPOLYGONALFACE((769,723,780));
#5678=IFCINDEXEDPOLYGONALFACE((723,769,768));
#5679=IFCINDEXEDPOLYGONALFACE((792,769,725));
#5680=IFCINDEXEDPOLYGONALFACE((771,745,772));
#5681=IFCINDEXEDPOLYGONALFACE((773,771,708));
#5682=IFCINDEXEDPOLYGONALFACE((772,691,793));
#5683=IFCINDEXEDPOLYGONALFACE((771,772,746));
#5684=IFCINDEXEDPOLYGONALFACE((773,747,774));
#5685=IFCINDEXEDPOLYGONALFACE((771,773,707));
#5686=IFCINDEXEDPOLYGONALFACE((774,705,792));
#5687=IFCINDEXEDPOLYGONALFACE((773,774,748));
#5688=IFCINDEXEDPOLYGONALFACE((787,775,692));
#5689=IFCINDEXEDPOLYGONALFACE((778,776,712));
#5690=IFCINDEXEDPOLYGONALFACE((749,776,711));
#5691=IFCINDEXEDPOLYGONALFACE((781,777,709));
#5692=IFCINDEXEDPOLYGONALFACE((752,777,710));
#5693=IFCINDEXEDPOLYGONALFACE((776,778,711));
#5694=IFCINDEXEDPOLYGONALFACE((751,778,712));
#5695=IFCINDEXEDPOLYGONALFACE((779,753,780));
#5696=IFCINDEXEDPOLYGONALFACE((786,779,696));
#5697=IFCINDEXEDPOLYGONALFACE((780,724,769));
#5698=IFCINDEXEDPOLYGONALFACE((779,780,754));
#5699=IFCINDEXEDPOLYGONALFACE((777,781,710));
#5700=IFCINDEXEDPOLYGONALFACE((756,781,709));
#5701=IFCINDEXEDPOLYGONALFACE((794,782,727));
#5702=IFCINDEXEDPOLYGONALFACE((783,758,785));
#5703=IFCINDEXEDPOLYGONALFACE((784,783,699));
#5704=IFCINDEXEDPOLYGONALFACE((761,795,699));
#5705=IFCINDEXEDPOLYGONALFACE((784,699,795));
#5706=IFCINDEXEDPOLYGONALFACE((785,697,791));
#5707=IFCINDEXEDPOLYGONALFACE((783,785,759));
#5708=IFCINDEXEDPOLYGONALFACE((786,760,795));
#5709=IFCINDEXEDPOLYGONALFACE((779,786,693));
#5710=IFCINDEXEDPOLYGONALFACE((775,787,695));
#5711=IFCINDEXEDPOLYGONALFACE((789,788,721));
#5712=IFCINDEXEDPOLYGONALFACE((762,788,720));
#5713=IFCINDEXEDPOLYGONALFACE((722,789,721));
#5714=IFCINDEXEDPOLYGONALFACE((765,720,789));
#5715=IFCINDEXEDPOLYGONALFACE((701,790,764));
#5716=IFCINDEXEDPOLYGONALFACE((789,790,765));
#5717=IFCINDEXEDPOLYGONALFACE((785,791,698));
#5718=IFCINDEXEDPOLYGONALFACE((743,791,697));
#5719=IFCINDEXEDPOLYGONALFACE((792,706,774));
#5720=IFCINDEXEDPOLYGONALFACE((769,792,768));
#5721=IFCINDEXEDPOLYGONALFACE((794,793,770));
#5722=IFCINDEXEDPOLYGONALFACE((782,794,726));
#5723=IFCINDEXEDPOLYGONALFACE((786,795,761));
#5724=IFCINDEXEDPOLYGONALFACE((700,795,760));
#5725=IFCINDEXEDPOLYGONALFACE((763,796,787));
#5726=IFCINDEXEDPOLYGONALFACE((788,762,796));
#5727=IFCCARTESIANPOINTLIST3D(((799.99999999999545,142.5000000000019,900.00000000000102),(799.99999999999545,130.0000000000019,900.00000000000102),(799.99999999999545,130.0000000000019,249.99999999999773),(799.99999999999545,142.50000000000193,249.99999999999758),(787.99999999999545,129.0000000000019,888.00000000000102),(787.99999999999545,142.50000000000188,888.00000000000102),(787.99999999999545,142.5000000000019,261.99999999999767),(787.99999999999545,129.00000000000193,261.99999999999767),(792.99999999999534,124.0000000000019,893.00000000000102),(789.46446609406269,125.46446609406921,889.46446609406826),(789.46446609406257,125.46446609406924,260.53553390593044),(792.99999999999534,124.0000000000019,256.99999999999773),(792.99999999999534,124.0000000000019,580.69246409495213),(792.99999999999534,124.0000000000019,736.84622417938203),(792.99999999999534,124.0000000000019,413.15377582061666),(787.99999999999545,129.00000000000193,574.99999999999932),(787.99999999999545,129.00000000000193,731.49999813319016),(787.99999999999545,129.00000000000193,418.50000186680842),(792.99999999999534,124.0000000000019,335.07689577840176),(787.99999999999545,129.00000000000193,340.24999906659309),(787.99999999999545,129.00000000000193,301.03844115862103),(792.99999999999534,124.0000000000019,814.92311995778607),(787.99999999999545,129.00000000000193,809.75000093340566),(787.99999999999545,129.00000000000193,770.62499953329791),(792.99999999999534,124.0000000000019,853.96155211079906),(787.99999999999545,129.00000000000193,496.75000093340395),(792.99999999999534,124.0000000000019,496.92312782587891),(792.99999999999534,124.0000000000019,538.80779596041555),(787.99999999999545,129.00000000000193,653.24999906659491),(792.99999999999534,124.0000000000019,658.76934413716708),(792.99999999999534,124.0000000000019,697.80779202636916),(792.99999999999534,124.0000000000019,296.03844788919974),(787.99999999999534,129.00000000000193,848.87499859989327),(792.99999999999534,124.0000000000019,775.884672068584),(787.99999999999545,129.00000000000193,692.37500046670266),(787.99999999999545,129.00000000000193,457.62499953329632),(792.99999999999534,124.0000000000019,455.03845969134227),(789.47052013463372,125.4584224023759,477.18749774491522),(789.46137580171944,125.46755908989805,506.87951516267168),(787.99999999999545,129.00000000000193,535.87500233351147),(789.38144105244544,125.54948827808212,438.06249813407339),(789.40221183524272,125.52783636307971,409.21964975197),(792.99999999999534,124.0000000000019,374.1153279314147),(787.99999999999545,129.00000000000193,379.37500046670073),(789.37136004116485,125.56009127313455,555.43749698142949),(789.40023088932321,125.52989015305896,584.25091670670531),(792.99999999999545,124.0000000000019,619.73089624796512),(787.99999999999545,129.00000000000193,614.12499766648716),(789.30759794102698,125.62862534936959,751.06249509312534),(789.60664036187416,125.32779216732557,719.50403160436213),(789.40293769683308,125.52708439677036,779.89178406272822),(789.31141925435031,125.62444492226194,320.64422078052513),(789.5996511001523,125.33426305372006,352.09127521382078),(789.40509424556114,125.52485214462442,291.80364141821639),(789.31179931087263,125.62402966885951,829.31249472697255),(789.40402281601587,125.5259608389823,858.15896760601129),(789.63046748826184,125.30591680489509,678.28855818494196),(789.52924750984835,125.40085049600273,649.46841014337213),(789.49858028352674,125.43067793984474,380.37512894794082),(789.50745843505763,125.42199029945857,612.64108710902372),(807.99999999999557,126.00000000000195,908.00000000000114),(807.41421356236867,124.58578643762885,907.41421356237413),(805.99999999999545,124.00000000000196,906.00000000000114),(805.99999999999545,124.00000000000196,243.99999999999773),(807.41421356236845,124.58578643762883,242.58578643762453),(807.99999999999557,126.00000000000195,241.99999999999778),(807.99999999999557,126.00000000000195,574.99999797502403),(807.99999999999557,126.00000000000195,741.49999898751253),(807.99999999999557,126.00000000000195,408.50000101248628),(805.99999999999545,124.00000000000196,574.99999815412787),(805.99999999999545,124.00000000000196,740.49999907706456),(805.99999999999545,124.00000000000196,409.5000009229343),(805.99999999999545,124.00000000000196,326.74999861559439),(807.99999999999557,126.00000000000195,325.24999848126663),(807.99999999999557,126.00000000000195,366.87499974687648),(805.99999999999545,124.00000000000196,368.12499976926438),(805.99999999999545,124.00000000000196,823.24999769266117),(807.99999999999557,126.00000000000195,824.74999746878143),(807.99999999999557,126.00000000000195,858.61984113575579),(805.99999999999545,124.00000000000196,864.62499884633121),(805.99999999999545,124.00000000000196,492.24999953853109),(807.99999999999557,126.00000000000195,491.74999949375518),(807.99999999999557,126.00000000000195,533.37500075936498),(805.99999999999545,124.00000000000196,533.62500069220107),(805.99999999999545,124.00000000000196,657.75000046146783),(807.99999999999557,126.00000000000195,658.25000050624374),(807.99999999999557,126.00000000000195,699.87499772190279),(805.99999999999545,124.00000000000196,699.12499792339463),(805.99999999999545,124.00000000000196,285.37500115366771),(807.99999999999557,126.00000000000195,283.62500126560758),(807.99999999999557,126.00000000000195,304.4374998734371),(807.99999999999557,126.00000000000195,883.30992056787841),(805.99999999999545,124.00000000000196,885.31249757729461),(807.99999999999557,126.00000000000195,616.62499924063377),(805.99999999999545,124.00000000000196,616.37499930779768),(805.99999999999545,124.00000000000196,595.6875005768344),(805.99999999999545,124.00000000000196,268.69007929289722),(807.99999999999557,126.00000000000195,262.81249860782731),(805.99999999999545,124.00000000000196,781.8750002307346),(807.99999999999557,126.00000000000195,783.12500025312249),(807.99999999999557,126.00000000000195,803.93749886095191),(807.99999999999557,126.00000000000195,450.12499822814533),(805.99999999999545,124.00000000000196,450.87499838486116),(805.99999999999545,124.00000000000196,430.18749965389782),(805.99999999999545,124.00000000000196,256.34503780057588),(807.99999999999557,126.00000000000195,895.65496028393977),(805.99999999999545,124.00000000000196,893.65495850767979),(807.45943751660593,124.63250516084918,889.48372988346341),(805.99999999999545,124.00000000000196,874.96875005768459),(807.99999999999557,126.00000000000195,870.96488085181716),(807.3566780523347,124.53050190122767,869.79687394433165),(807.99999999999557,126.00000000000195,512.56249810158465),(805.99999999999545,124.00000000000196,512.93749826949443),(805.99999999999545,124.00000000000196,554.31249942316447),(807.99999999999557,126.00000000000195,554.1874993671945),(805.99999999999545,124.00000000000196,678.43749919243123),(807.99999999999557,126.00000000000195,679.06249911407326),(807.99999999999557,126.00000000000195,637.43749784846341),(805.99999999999545,124.00000000000196,637.0624980387613),(805.99999999999545,124.00000000000196,471.56250080756774),(807.99999999999557,126.00000000000195,470.93750088592566),(805.99999999999545,124.00000000000196,843.93750011536781),(807.29881985271459,124.47912295362954,857.45931601636312),(807.99999999999557,126.00000000000195,841.68491930226855),(805.99999999999545,124.00000000000196,347.43750103830098),(807.99999999999557,126.00000000000195,346.0625011390469),(805.99999999999545,124.00000000000196,388.81249850022783),(807.99999999999557,126.00000000000195,387.68749835470601),(807.99999999999557,126.00000000000195,720.68750037968289),(805.99999999999545,124.00000000000196,719.81250034610116),(805.99999999999545,124.00000000000196,761.18749780802796),(807.99999999999557,126.00000000000195,762.31249759534217),(807.99999999999557,126.00000000000195,254.34503971605906),(807.44267170324758,124.61482912367086,258.57876971683271),(807.99999999999557,126.00000000000195,273.21874993671747),(807.36614420433693,124.53929810949045,278.42187482150621),(805.99999999999545,124.00000000000196,306.06249988463105),(807.46938320281549,124.64319750764349,291.73719706009888),(807.35143022661975,124.52567427528369,833.21745803048532),(805.99999999999545,124.00000000000196,854.28124763497783),(807.99999999999557,126.00000000000195,595.81250063280436),(805.99999999999545,124.00000000000196,802.56249896169777),(807.99999999999557,126.00000000000195,429.3124996203158),(807.45245544013801,124.62509156872359,439.71874887625353),(807.43660829557439,124.60854155467412,502.15624851574773),(807.43114666875852,124.60292476491682,522.96874839652583),(807.41421362396238,124.58578649922261,564.65624829567878),(807.40848867659759,124.58008463355105,543.96874840053226),(807.39159971524907,124.56352854796891,668.09374779880579),(807.4472619563852,124.61962583710738,689.46874749156939),(807.43660830119961,124.60854156048207,647.84374770247098),(807.40281078769829,124.57447487082867,626.71874799023362),(807.39159968038314,124.56352851419204,481.90624871931186),(807.38606829944422,124.55819048787383,461.21874882654021),(807.44474923671339,124.61699615221157,845.894319251468),(807.35918725077136,124.53282243156377,357.78124936674214),(807.35397196018789,124.52800817563183,337.09374947531984),(807.3697811679308,124.54270814454893,399.15624915003116),(807.3644572501031,124.5377221835017,378.4687492583044),(807.45756104447435,124.63050527506958,731.09374731130595),(807.38058756114503,124.55294160933522,709.46874762829577),(807.36978120490085,124.54270817929886,750.84374750524239),(807.46751139487196,124.64117318767174,772.71874720712697),(807.48179563359099,124.65676446583183,314.84374960430318),(807.99999999999557,126.00000000000195,294.03125259449774),(807.39875689770633,124.57049689013955,303.12197309733625),(805.99999999999545,124.00000000000196,295.71874867327779),(805.99999999999545,124.00000000000196,833.59374890401466),(807.4142136397387,124.58578651499903,585.34374819213053),(807.42559417818791,124.59725938281571,606.21874792772633),(807.428594073863,124.6003146881869,821.8324152670026),(805.99999999999545,124.00000000000196,812.90625017305115),(807.3865373831967,124.55864158344298,807.734372579519),(807.42136736381508,124.5929766110463,792.92674365243261),(807.99999999999557,126.00000000000195,814.34374613989132),(807.37515819870464,124.54778103286132,419.84374904195278),(807.99999999999557,126.00000000000195,439.71874689925522),(805.99999999999545,124.00000000000196,440.53125086525108),(807.99999999999557,126.00000000000195,502.15624677269454),(805.99999999999545,124.00000000000196,502.59375074988441),(807.99999999999557,126.00000000000195,522.96874943047476),(805.99999999999545,124.00000000000196,523.28124948084769),(807.33927251491673,124.514621553014,512.55999484485358),(805.99999999999545,124.00000000000196,564.65625063451773),(807.99999999999557,126.00000000000195,564.59374664613392),(805.99999999999545,124.00000000000196,543.96874821181109),(807.34780827710483,124.52236240973988,533.4610042285467),(807.99999999999534,126.00000000000195,543.7812520882552),(807.49149034142272,124.66753740712032,554.31019368933096),(805.99999999999545,124.00000000000196,668.09374798107785),(807.99999999999557,126.00000000000195,668.65625183513384),(807.99999999999557,126.00000000000195,689.46874639301268),(805.99999999999545,124.00000000000196,688.7812504037845),(807.36589577076893,124.53906579772482,678.79528720150427),(807.99999999999557,126.00000000000195,647.84374917735352),(807.51030001100855,124.68889593215152,657.99116807617963),(805.99999999999545,124.00000000000196,647.40624925011457),(805.99999999999545,124.00000000000196,626.71875051915106),(807.99999999999557,126.00000000000195,627.0312465195733),(807.47258603277817,124.64667432742598,637.27245849630481),(805.99999999999545,124.00000000000196,481.90624832717788),(807.99999999999557,126.00000000000195,481.34375221481582),(807.51030000563094,124.68889592595698,492.00882826605397),(805.99999999999545,124.00000000000196,461.21874959621448),(807.37193232811717,124.5447331217097,450.45395589980501),(807.99999999999557,126.00000000000195,460.53124955703555),(807.49128423942147,124.66730674300719,471.55971877830854),(805.99999999999545,124.00000000000196,357.78124855791123),(807.99999999999557,126.00000000000195,356.46875246793707),(805.99999999999545,124.00000000000196,337.09374982694771),(807.99999999999557,126.00000000000195,335.65624981015679),(807.49419453909616,124.67057054368561,347.43408620048933),(805.99999999999545,124.00000000000196,399.15624971158115),(807.99999999999557,126.00000000000195,398.09374968359617),(805.99999999999545,124.00000000000196,378.4687509806177),(807.32954502778716,124.50590829629887,368.1257677704096),(807.99999999999557,126.00000000000195,377.28124702581584),(807.49280158366923,124.66900659964985,388.80928579060139),(807.99999999999557,126.00000000000195,731.09375170857311),(805.99999999999545,124.00000000000196,730.15624786571118),(805.99999999999545,124.00000000000196,709.46874913474778),(807.99999999999557,126.00000000000195,710.28124905079289),(807.44963038801291,124.62211330722336,720.27022015228135),(805.99999999999545,124.00000000000196,750.84375028841771),(807.99999999999557,126.00000000000195,751.90624626645183),(807.99999999999557,126.00000000000195,772.71874892423216),(805.99999999999545,124.00000000000196,771.53124901938111),(807.39005868209529,124.56203725350294,761.79453198200611),(807.99999999999557,126.00000000000195,314.84374715237647),(807.41979682747876,124.59139183281407,325.96901468286131),(805.99999999999545,124.00000000000196,316.40625109598437),(805.99999999999545,124.00000000000196,585.34374936548113),(807.33230974546507,124.50837312235231,574.99999825233454),(807.99999999999557,126.00000000000195,585.40624930391414),(807.99999999999557,126.00000000000195,606.21875196169447),(807.49972210496617,124.67680930782562,616.47868387305448),(805.99999999999545,124.00000000000196,606.03124809644453),(807.34178762612703,124.5168931372439,595.78548285288321),(805.99999999999545,124.00000000000196,792.21874775034451),(807.30891354748462,124.48780116215048,782.79142051754707),(807.99999999999557,126.00000000000195,793.5312515820126),(805.99999999999545,124.00000000000196,419.84374844254455),(807.3299121211727,124.50623504193608,409.50104356408116),(807.99999999999557,126.00000000000195,418.90625234137644),(807.99999999999534,130.00000000000196,908.00000000000091),(807.99999999999534,130.00000000000196,241.99999999999778),(199.99999999999551,130.00000000000387,249.99999999999773),(199.99999999999565,142.50000000000387,249.99999999999778),(211.99999999999574,142.50000000000375,261.99999999999773),(211.99999999999559,129.00000000000378,261.99999999999761),(210.53553390592842,125.46446609407114,260.53553390593049),(206.99999999999551,124.00000000000381,256.99999999999773),(480.69246029134968,124.00000000000293,256.99999999999773),(636.84623014567251,124.00000000000242,256.99999999999773),(363.15378321699643,124.00000000000331,256.99999999999773),(499.99999999999551,129.00000000000284,261.99999999999773),(644.00000166464702,129.00000000000239,261.99999999999773),(355.99999833534412,129.00000000000333,261.99999999999773),(285.07688492715693,124.00000000000355,256.99999999999773),(283.99999916766984,129.00000000000355,261.99999999999778),(251.03844134611006,129.00000000000367,261.99999999999773),(714.92311507283398,124.00000000000216,256.99999999999773),(716.00000083232112,129.00000000000216,261.99999999999778),(680.00000124848407,129.00000000000227,261.99999999999767),(753.96155085507576,124.00000000000205,256.99999999999773),(246.0384357822372,124.00000000000368,256.99999999999773),(748.96155865388096,129.00000000000205,261.99999999999773),(572.00000249697268,129.00000000000261,261.99999999999773),(558.76934521851115,124.00000000000267,256.99999999999773),(597.80778100075281,124.00000000000254,256.99999999999773),(421.92312175417305,124.00000000000311,256.99999999999773),(427.99999750301834,129.0000000000031,261.99999999999778),(391.99999791918117,129.00000000000321,261.99999999999773),(675.8846792905922,124.0000000000023,256.99999999999773),(267.51922076475097,125.43202487640487,260.50279224581823),(732.48077328324155,125.43202492360234,260.50279229389554),(324.11533407207673,124.00000000000344,256.99999999999773),(319.99999875150701,129.00000000000344,261.99999999999773),(701.03372180323868,125.49220318617709,260.56305508137359),(298.96627511727968,125.49220313518509,260.56305503117107),(608.00000208080985,129.00000000000253,261.99999999999773),(661.99999521317955,125.58303908927314,260.6502572696362),(632.8015406804725,125.56274041601847,260.63114948085229),(337.99999854188212,125.5830390488553,260.65025723180059),(367.19845452904548,125.56274042719974,260.63114949143574),(392.53844580424567,124.00000000000321,256.99999999999773),(407.23077583766582,125.47882077854167,260.54983054388964),(438.36101097671718,125.32267133647794,260.38780960214729),(463.99999708685539,129.00000000000298,261.99999999999773),(451.30779770410032,124.00000000000301,256.99999999999773),(239.03987863347493,125.66955430511143,260.72936073253265),(760.96011828678093,125.66955446263229,260.72936087320562),(589.99999594241353,125.70590640894228,260.76150866186936),(560.95655568127609,125.57016969742278,260.6381676838057),(519.73090943626937,124.00000000000281,256.99999999999773),(536.00000291313563,129.00000000000276,261.99999999999773),(481.99999705803816,125.76232045869908,260.81017469255744),(511.60274396430071,125.52594521736889,260.59596209201953),(193.99999999999557,124.00000000000394,243.99999999999773),(192.58578643762243,124.58578643763082,242.58578643762459),(191.99999999999548,126.00000000000392,241.9999999999977),(499.99999999999545,126.00000000000293,241.9999999999977),(653.9999981544554,126.00000000000244,241.9999999999977),(346.00000184553539,126.00000000000344,241.9999999999977),(499.99999829632867,124.00000000000294,243.9999999999977),(652.99999914816203,124.00000000000246,243.9999999999977),(346.99999744449525,124.00000000000345,243.99999999999773),(270.50000042591222,124.00000000000368,243.99999999999773),(269.00000276830531,126.00000000000367,241.9999999999977),(307.50000230692029,126.00000000000355,241.9999999999977),(308.74999893520379,124.00000000000357,243.99999999999773),(729.49999957407874,124.0000000000022,243.99999999999767),(730.9999972316856,126.00000000000219,241.9999999999977),(758.61983782569439,126.0000000000021,241.9999999999977),(767.75000149070388,124.00000000000207,243.99999999999767),(423.49999787041202,124.0000000000032,243.9999999999977),(423.00000092276537,126.00000000000318,241.9999999999977),(461.50000046138041,126.00000000000307,241.9999999999977),(461.7499997870371,124.00000000000308,243.99999999999773),(576.49999872224532,124.0000000000027,243.99999999999767),(576.99999907722554,126.00000000000269,241.9999999999977),(615.49999861584058,126.00000000000256,241.9999999999977),(614.75000063887057,124.00000000000257,243.9999999999977),(232.25000191662076,124.00000000000382,243.9999999999977),(230.50000322969029,126.00000000000381,241.9999999999977),(249.75000299899779,126.00000000000374,241.9999999999977),(783.30992075838481,126.00000000000202,241.9999999999977),(786.87500074534967,124.00000000000203,243.99999999999767),(216.6900829326859,126.00000000000384,241.99999999999767),(213.12499925464127,124.00000000000388,243.99999999999773),(691.2499976574536,124.00000000000233,243.99999999999767),(692.49999769307055,126.00000000000232,241.9999999999977),(711.74999746237813,126.00000000000225,241.9999999999977),(385.24999595378677,124.00000000000331,243.99999999999773),(384.50000138415038,126.0000000000033,241.9999999999977),(403.75000115345784,126.00000000000323,241.9999999999977),(538.4999995386105,126.00000000000281,241.9999999999977),(538.24999680562019,124.00000000000283,243.99999999999773),(519.1249975509744,124.0000000000029,243.9999999999977),(795.65495853365019,126.00000000000198,241.9999999999977),(204.34504146634069,126.00000000000389,241.99999999999775),(793.6549609667336,124.00000000000199,243.9999999999977),(790.2649798854535,124.62535314901689,242.54729699006182),(777.31249941435999,124.00000000000205,243.99999999999767),(770.96487929203965,126.00000000000206,241.9999999999977),(772.53124902277057,124.54116025438873,242.6318674784126),(748.62499882872442,124.00000000000215,243.99999999999767),(760.00810791231891,124.4628929259293,242.7204290395444),(744.80991752868999,126.00000000000215,241.9999999999977),(206.34503903325754,124.00000000000389,243.99999999999773),(209.73501964912759,124.62535319089528,242.54729695043542),(222.687500585631,124.00000000000384,243.99999999999773),(227.46874977299348,124.55572478018775,242.61650114223698),(251.37500117126649,124.00000000000375,243.99999999999773),(241.68820526765433,124.5332704506814,242.64032929385425),(480.75000023068793,126.000000000003,241.9999999999977),(480.87499904168294,124.00000000000301,243.9999999999977),(442.62499712505769,124.00000000000313,243.99999999999773),(442.25000069207289,126.00000000000311,241.9999999999977),(634.74999838514793,126.00000000000249,241.9999999999977),(633.87499989351636,124.00000000000252,243.99999999999767),(595.62499797689111,124.00000000000264,243.99999999999767),(596.249998846533,126.00000000000263,241.9999999999977),(365.25000161484286,126.00000000000337,241.9999999999977),(366.12499669914109,124.00000000000338,243.9999999999977),(557.74999930791796,126.00000000000276,241.9999999999977),(557.37499946759965,124.00000000000276,243.9999999999977),(737.90495814837982,124.53567123435276,242.63774405264726),(289.62499968055801,124.00000000000362,243.99999999999773),(288.25000253761283,126.00000000000361,241.9999999999977),(327.87499818984952,124.0000000000035,243.9999999999977),(326.75000207622782,126.00000000000348,241.9999999999977),(672.12499840280782,124.0000000000024,243.99999999999767),(673.24999792376298,126.00000000000239,241.9999999999977),(725.91801144788394,124.61496753213457,242.55719541761226),(710.37500031943296,124.00000000000226,243.99999999999767),(749.0172795537685,124.6682443703867,242.50787837526747),(253.17302080978166,124.60477073070851,242.56705363460159),(404.37499861576617,124.00000000000325,243.99999999999773),(394.81249884413057,124.56031973614179,242.61172022349453),(519.24999976930303,126.00000000000287,241.9999999999977),(471.1249983126454,124.59638436193329,242.57526734417553),(490.37499819762286,124.59111048262646,242.58048236085878),(452.18749853064907,124.57533641343228,242.59631425699851),(433.06249863458419,124.57024375789113,242.60150184549707),(644.37499738434576,124.62692974449253,242.54580672761819),(624.31249768557336,124.55548702385461,242.61674938577761),(586.062497845292,124.5652384600256,242.60663740418758),(605.87499755112242,124.61696240266794,242.55528307119857),(355.62499901782655,124.62692973023155,242.5458067410845),(374.87499889914318,124.62197351259496,242.55050250086191),(567.3749977527782,124.60677850736047,242.56510144175755),(547.81249802884872,124.57533643662637,242.59631423345749),(299.18749937394875,124.53700191735156,242.63631506198726),(310.64482457435741,124.59985854989341,242.57185297686476),(280.06249948054074,124.53258878492241,242.64106500307776),(337.43749916128468,124.54607661697609,242.62664396593871),(662.56249757905528,124.54607664647915,242.62664393470374),(682.87499730225136,124.63667447038382,242.53666698926833),(694.31504072911048,124.57229206277395,242.59941082183903),(714.27653286496866,124.56627668180575,242.60556913155725),(265.24182662219965,124.55604526493302,242.6161666563226),(413.37499866287436,124.61189712612138,242.56014917039036),(509.56249822444278,124.58578651292727,242.58578636232713),(528.87499797095836,124.59638435837192,242.57526734768393),(322.73300629339025,124.56306900260068,242.60887480480392),(672.76471188712992,124.49196033532549,242.68629669644656),(191.99999999999548,130.00000000000395,241.99999999999775),(199.99999999999562,130.00000000000387,900.00000000000102),(199.99999999999571,142.50000000000384,900.00000000000102),(211.99999999999574,142.50000000000375,888.00000000000091),(211.99999999999559,129.00000000000378,888.00000000000102),(210.53553390592836,125.46446609407106,889.46446609406826),(206.99999999999554,124.00000000000381,893.00000000000114),(206.99999999999557,124.00000000000381,569.30753872195373),(206.99999999999565,124.00000000000381,413.15376149288517),(206.99999999999557,124.00000000000381,736.84622277093251),(211.99999999999562,129.00000000000378,574.99999999999943),(211.99999999999562,129.00000000000378,418.49999813318874),(211.99999999999562,129.00000000000378,731.50000186681007),(206.99999999999557,124.00000000000381,814.92311138546688),(211.99999999999562,129.00000000000378,809.75000093340566),(211.99999999999562,129.00000000000378,848.96155510775782),(206.99999999999562,124.00000000000381,335.07687287835085),(211.99999999999565,129.00000000000378,340.24999906659326),(211.99999999999562,129.00000000000378,379.3750004667009),(206.99999999999565,124.00000000000381,296.03842857108373),(211.99999999999562,129.00000000000378,653.2499990665948),(206.99999999999562,124.00000000000381,653.07688074644307),(206.99999999999557,124.00000000000381,611.19221760228902),(211.99999999999559,129.00000000000381,496.75000093340395),(206.99999999999557,124.00000000000381,491.23065010741948),(206.99999999999562,124.00000000000381,452.19220580015229),(206.99999999999554,124.00000000000381,853.96155569273401),(211.99999999999562,129.00000000000378,301.12499766648563),(206.99999999999562,124.00000000000381,374.1153171856181),(211.99999999999562,129.00000000000381,457.62499953329637),(211.99999999999565,129.00000000000378,692.37500046670243),(206.99999999999557,124.00000000000382,694.96154389059723),(210.52947986535725,125.45842240237774,672.81250225508347),(210.53862419827158,125.46755908989989,643.12048483732656),(211.99999999999562,129.00000000000381,614.12500140010707),(210.61855894754552,125.54948827808396,711.93750186592547),(210.59778816474835,125.52783636308156,740.78035024802932),(206.99999999999554,124.00000000000381,775.88466707819964),(211.99999999999562,129.00000000000378,770.62499953329791),(210.62863995882608,125.56009127313639,594.56250301856937),(210.59976911066772,125.5298901530608,565.7490832932931),(206.99999999999562,124.00000000000381,530.26909441468661),(211.99999999999562,129.00000000000381,535.8749985998918),(210.69240205896392,125.62862534937142,398.93750490687336),(210.39335963811683,125.32779216732742,430.49596839563685),(210.59706230315783,125.52708439677222,370.10821593727036),(210.68858074564068,125.62444492226378,829.35577921947356),(210.4003488998386,125.33426305372187,797.90872478617712),(210.5949057544299,125.52485214462625,858.19635858178299),(210.68820068911842,125.62402966886137,320.6875052730262),(210.59597718397521,125.52596083898416,291.84103239398746),(210.36953251172912,125.30591680489695,471.71144181505679),(210.4707524901427,125.40085049600458,500.53158985662697),(210.5014197164642,125.43067793984657,769.62487105205651),(210.49254156493328,125.42199029946042,537.35891289097447),(193.99999999999557,124.00000000000394,906.00000000000102),(192.58578643762252,124.58578643763079,907.41421356237402),(191.99999999999554,126.00000000000392,908.00000000000125),(191.99999999999554,126.00000000000392,574.99999797502414),(191.99999999999554,126.00000000000392,408.49999696253565),(191.99999999999554,126.00000000000392,741.49999898751264),(193.99999999999557,124.00000000000394,575.00000184587145),(193.99999999999557,124.00000000000394,409.50000092293459),(193.99999999999557,124.00000000000394,740.50000276880814),(193.99999999999557,124.00000000000394,823.25000323027666),(191.99999999999554,126.00000000000392,824.74999949375706),(191.99999999999554,126.00000000000392,783.12499924063479),(193.99999999999557,124.00000000000392,781.87500299954252),(193.99999999999557,124.00000000000392,326.75000046146619),(191.99999999999554,126.00000000000392,325.24999645629129),(191.99999999999554,126.00000000000392,291.38015361316786),(193.99999999999557,124.00000000000394,285.37500023073193),(193.99999999999557,124.00000000000394,657.75000230733986),(191.99999999999554,126.00000000000392,658.24999848126834),(191.99999999999554,126.00000000000392,616.6249982281463),(193.99999999999557,124.00000000000394,616.3750020766056),(193.99999999999557,124.00000000000394,492.25000138440294),(191.99999999999554,126.00000000000392,491.74999746877984),(191.99999999999554,126.00000000000392,450.12499721565774),(193.99999999999557,124.00000000000394,450.87500115366873),(193.99999999999557,124.00000000000394,864.62500346101092),(191.99999999999554,126.00000000000392,866.37499974687898),(191.99999999999554,126.00000000000392,845.56250164529342),(191.99999999999554,126.00000000000392,266.69007478160739),(193.99999999999557,124.00000000000394,264.68750011536486),(191.99999999999554,126.00000000000392,533.37499772190188),(193.99999999999557,124.00000000000394,533.62500161513719),(193.99999999999557,124.00000000000394,554.31250173050444),(193.99999999999557,124.00000000000394,881.30992203231779),(191.99999999999554,126.00000000000392,887.18749784846489),(193.99999999999557,124.00000000000394,368.12500069220033),(191.99999999999554,126.00000000000392,366.87499670941338),(191.99999999999554,126.00000000000392,346.06249860782776),(191.99999999999554,126.00000000000392,699.87499873439049),(193.99999999999557,124.00000000000394,699.125002538074),(193.99999999999557,124.00000000000394,719.81250265344113),(193.99999999999557,124.00000000000394,893.65495917028727),(191.99999999999554,126.00000000000392,254.34503941577793),(193.99999999999557,124.00000000000394,256.34503713796727),(192.54056248338497,124.63250516085114,260.51627011653551),(193.99999999999557,124.00000000000394,275.03125017304842),(191.99999999999554,126.00000000000392,279.03511419738766),(192.6433219476564,124.53050190122963,280.2031260556671),(191.99999999999554,126.00000000000392,637.43749632973197),(193.99999999999557,124.00000000000394,637.06250219197273),(193.99999999999557,124.00000000000394,595.68750196123858),(191.99999999999554,126.00000000000392,595.81250012656062),(193.99999999999557,124.00000000000394,471.56250126903586),(191.99999999999554,126.00000000000392,470.93749531724342),(191.99999999999554,126.00000000000392,512.56249962031632),(193.99999999999557,124.00000000000394,512.93750149977006),(193.99999999999557,124.00000000000394,678.43750242270698),(191.99999999999554,126.00000000000392,679.0625006328047),(193.99999999999557,124.00000000000394,306.062500346099),(192.70118014727643,124.47912295363149,292.54068398363614),(191.99999999999554,126.00000000000392,308.3150750347296),(193.99999999999557,124.00000000000394,802.56250311490953),(191.99999999999559,126.00000000000392,803.93749734222047),(193.99999999999557,124.00000000000394,761.18750288417539),(191.99999999999554,126.00000000000392,762.31250113904923),(191.99999999999554,126.00000000000392,429.31249911407201),(193.99999999999557,124.00000000000392,430.18750103830166),(193.99999999999557,124.00000000000394,388.81250080756752),(191.99999999999554,126.00000000000392,387.68749481099911),(191.99999999999554,126.00000000000392,895.65495653427035),(192.55732829674349,124.61482912367283,891.42123028316632),(191.99999999999554,126.00000000000392,876.78124677269659),(192.633855795654,124.53929810949242,871.57812517849277),(193.99999999999557,124.00000000000394,843.93750334564379),(192.53061679717541,124.64319750764547,858.2628029399001),(192.64856977337121,124.52567427528565,316.7825419695136),(193.99999999999557,124.00000000000394,295.71875028841549),(191.99999999999554,126.00000000000392,554.18749582348778),(193.99999999999557,124.00000000000394,347.43750057683326),(191.99999999999554,126.00000000000392,720.68749683597616),(192.54754455985304,124.62509156872557,710.28125112374539),(192.56339170441674,124.60854155467612,647.84375148425136),(192.56885333123242,124.6029247649188,627.03125160347304),(192.58578637602875,124.58578649922457,585.34375170432008),(192.59151132339338,124.58008463355301,606.03125159946649),(192.60840028474192,124.56352854797089,481.90625220119301),(192.55273804360581,124.61962583710934,460.53125250842942),(192.56339169879138,124.60854156048403,502.156252297528),(192.5971892122927,124.57447487083064,523.28125200976513),(192.60840031960794,124.563528514194,668.09375128068689),(192.6139317005468,124.55819048787579,688.7812511734586),(192.55525076327771,124.61699615221353,304.10568074853126),(192.64081274921963,124.53282243156573,792.2187506332566),(192.6460280398031,124.52800817563379,812.90625052467885),(192.63021883206022,124.54270814455089,750.84375084996759),(192.63554274988795,124.53772218350366,771.53125074169429),(192.5424389555167,124.63050527507154,418.90625268869286),(192.61941243884596,124.55294160933721,440.53125237170292),(192.63021879509026,124.54270817930083,399.15625249475653),(192.53248860511903,124.6411731876737,377.28125279287195),(192.51820436640006,124.65676446583382,835.15625039569579),(191.99999999999554,126.00000000000392,855.96875272106161),(192.60124310228468,124.57049689014154,846.87802690266267),(193.99999999999557,124.00000000000394,854.28125340332724),(193.99999999999557,124.00000000000394,316.40625040378256),(192.58578636025231,124.585786515001,564.6562518078681),(192.5744058218032,124.59725938281768,543.78125207227254),(192.57140592612811,124.60031468818887,328.16758473299643),(193.99999999999557,124.00000000000394,337.09375051914969),(192.61346261679435,124.55864158344494,342.26562742047986),(192.57863263617588,124.59297661104824,357.07325634756637),(191.99999999999554,126.00000000000392,335.65624753205947),(192.62484180128644,124.54778103286328,730.15625095804592),(191.99999999999554,126.00000000000392,710.28124576020798),(193.99999999999557,124.00000000000394,709.46875259575768),(191.99999999999554,126.00000000000392,647.84374740550015),(193.99999999999557,124.00000000000394,647.40625224965629),(191.99999999999554,126.00000000000392,627.03124525396379),(193.99999999999557,124.00000000000394,626.71875213428916),(192.66072748507429,124.51462155301596,637.4400051551454),(193.99999999999557,124.00000000000394,585.34375190355502),(191.99999999999554,126.00000000000392,585.40624905079233),(193.99999999999557,124.00000000000394,606.03125201892203),(192.65219172288622,124.52236240974185,616.53899577145216),(191.99999999999554,126.00000000000392,606.2187512023288),(192.50850965856819,124.6675374071223,595.6898063106679),(193.99999999999557,124.00000000000394,481.90625132671943),(191.99999999999554,126.00000000000392,481.34374639301166),(191.99999999999554,126.00000000000392,460.53124424147524),(193.99999999999557,124.00000000000392,461.21875121135236),(192.63410422922212,124.53906579772678,471.2047127984946),(191.99999999999554,126.00000000000392,502.15624854454808),(192.48969998898247,124.68889593215351,492.00883192381929),(193.99999999999557,124.00000000000394,502.59375144208656),(193.99999999999557,124.00000000000394,523.28125155745374),(191.99999999999554,126.00000000000392,522.9687506960845),(192.52741396721282,124.64667432742797,512.72754150369394),(193.99999999999557,124.00000000000394,668.09375236502331),(191.99999999999554,126.00000000000392,668.65624955703652),(192.48969999436005,124.68889592595899,657.99117173394484),(193.99999999999557,124.00000000000392,688.78125248039044),(192.62806767187385,124.54473312171167,699.54604410019374),(191.99999999999559,126.00000000000392,689.46875170857288),(192.50871576056949,124.66730674300916,678.44028122169027),(193.99999999999557,124.00000000000394,792.21875305722597),(191.99999999999554,126.00000000000392,793.53124626645229),(193.99999999999557,124.00000000000394,812.90625317259298),(191.99999999999554,126.00000000000392,814.34374841798865),(192.50580546089483,124.67057054368759,802.56591379950942),(193.99999999999557,124.00000000000394,750.84375282649182),(191.99999999999554,126.00000000000392,751.90625006328094),(193.99999999999557,124.00000000000394,771.53125294185884),(192.67045497220386,124.50590829630084,781.87423222958921),(191.99999999999554,126.00000000000392,772.71875221481741),(192.50719841632173,124.66900659965182,761.19071420939736),(191.99999999999554,126.00000000000392,418.90624803830383),(193.99999999999557,124.00000000000392,419.84375098061815),(193.99999999999557,124.00000000000394,440.53125109598523),(191.99999999999554,126.00000000000392,439.71875018984019),(192.55036961197808,124.62211330722533,429.72977984771745),(193.99999999999557,124.00000000000394,399.15625086525097),(191.99999999999554,126.00000000000392,398.09374588676729),(191.99999999999554,126.00000000000392,377.28124373523099),(193.99999999999557,124.00000000000394,378.4687507498839),(192.60994131789582,124.56203725350487,388.2054680179927),(191.99999999999554,126.00000000000392,835.15625056952524),(192.58020317251231,124.59139183281604,824.03098531713749),(193.99999999999557,124.00000000000394,833.59375328796011),(193.99999999999557,124.00000000000394,564.65625178818789),(192.66769025452598,124.50837312235427,575.00000174766433),(191.99999999999554,126.00000000000392,564.59374689925596),(191.99999999999554,126.00000000000392,543.7812447477196),(192.50027789502482,124.6768093078276,533.52131612694438),(193.99999999999557,124.00000000000394,543.96875167282076),(192.65821237386393,124.51689313724584,554.21451714711566),(193.99999999999557,124.00000000000394,357.78125063451682),(192.69108645250643,124.48780116215242,367.20857948245191),(191.99999999999554,126.00000000000392,356.46874968359595),(193.99999999999557,124.00000000000392,730.15625271112469),(192.67008787881824,124.50623504193804,740.49895643591765),(191.99999999999554,126.00000000000392,731.09374791174446),(191.99999999999559,130.00000000000395,908.00000000000091),(519.30753970864123,124.00000000000281,893.00000000000102),(363.15376985431828,124.0000000000033,893.00000000000102),(636.84623014567251,124.00000000000242,893.00000000000114),(499.99999833534395,129.00000000000284,888.00000000000114),(355.99999916766978,129.00000000000333,888.00000000000102),(643.99999750301811,129.00000000000239,888.00000000000114),(714.92311507283387,124.00000000000216,893.00000000000102),(715.99999708685516,129.00000000000216,888.00000000000102),(748.96155509893424,129.00000000000205,888.00000000000102),(285.07688492715693,124.00000000000355,893.00000000000102),(283.99999958383262,129.00000000000355,888.00000000000091),(319.99999937575114,129.00000000000344,888.00000000000102),(246.03844914491529,124.00000000000368,893.00000000000102),(753.96156421775368,124.00000000000205,893.00000000000102),(251.03844157175368,129.00000000000367,888.00000000000102),(427.99999875150684,129.0000000000031,888.00000000000114),(441.23065478147981,124.00000000000304,893.00000000000102),(402.19221899923809,124.00000000000318,893.00000000000102),(578.07689160849588,124.0000000000026,893.00000000000102),(571.99999791918106,129.00000000000261,888.00000000000102),(607.99999771109958,129.00000000000253,888.00000000000114),(324.1153207093987,124.00000000000344,893.0000000000008),(732.48077923524011,125.43202487640337,889.49720775418052),(267.51922671674924,125.43202492360385,889.49720770610315),(675.88466592791417,124.0000000000023,893.0000000000008),(679.99999729493675,129.00000000000227,888.00000000000091),(298.96627819675223,125.4922031861784,889.43694491862504),(701.03372488271145,125.49220313518379,889.43694496882767),(391.99999895958831,129.00000000000321,888.00000000000102),(338.00000478681142,125.58303908927418,889.34974273036244),(367.19845931951841,125.56274041601934,889.36885051914635),(662.00000145810895,125.58303904885425,889.3497427681981),(632.80154547094548,125.56274042719888,889.36885050856301),(607.46155419574518,124.0000000000025,893.00000000000102),(592.76922416232492,125.47882077854111,889.45016945610905),(561.63898902327355,125.32267133647755,889.61219039785146),(535.99999812726253,129.00000000000276,888.00000000000102),(548.69221565856844,124.0000000000027,893.0000000000008),(760.96012136651609,125.66955430510974,889.27063926746609),(239.03988171321009,125.66955446263398,889.27063912679307),(410.00000405757743,125.70590640894288,889.23849133812939),(439.04344431871488,125.57016969742317,889.36183231619304),(480.26909056372148,124.00000000000293,893.00000000000102),(463.99999854342536,129.00000000000298,888.00000000000091),(518.00000294195286,125.76232045869898,889.18982530744131),(488.39725603569036,125.52594521736894,889.40403790797916),(499.99999815445551,126.00000000000293,908.00000000000091),(346.00000092276559,126.00000000000344,908.00000000000091),(653.99999907722554,126.00000000000246,908.00000000000091),(499.99999999999551,124.00000000000294,906.00000000000114),(346.99999829632748,124.00000000000345,906.00000000000114),(653.00000170366366,124.00000000000246,906.00000000000114),(729.50000085182955,124.0000000000022,906.00000000000114),(731.00000138415055,126.0000000000022,908.00000000000091),(692.49999838514805,126.00000000000232,908.00000000000091),(691.25000127774649,124.00000000000233,906.00000000000114),(270.49999914816146,124.00000000000368,906.00000000000102),(269.00000230692063,126.00000000000367,908.00000000000091),(241.38015923043511,126.00000000000378,908.00000000000091),(232.24999957407854,124.00000000000381,906.00000000000102),(576.50000255549764,124.0000000000027,906.00000000000114),(576.99999677030041,126.00000000000269,908.00000000000091),(538.49999746237802,126.00000000000283,908.00000000000091),(538.25000298141458,124.00000000000283,906.00000000000114),(423.49999744449337,124.0000000000032,906.00000000000114),(422.99999953861055,126.00000000000318,908.00000000000091),(384.5000002306881,126.0000000000033,908.00000000000091),(385.24999787041037,124.00000000000331,906.00000000000114),(767.75000042591239,124.00000000000207,906.00000000000114),(769.50000069207306,126.00000000000209,908.00000000000091),(750.25000288365186,126.00000000000215,908.00000000000091),(216.69008146075547,126.00000000000384,908.00000000000091),(213.12499978703704,124.00000000000388,906.00000000000102),(783.30992223031581,126.00000000000203,908.00000000000091),(786.87500021295398,124.00000000000203,906.00000000000114),(308.74999872224447,124.00000000000357,906.00000000000114),(307.50000161484314,126.00000000000355,908.00000000000091),(288.25000380642194,126.00000000000361,908.00000000000091),(614.75000212958059,124.00000000000257,906.00000000000114),(615.49999976930303,126.00000000000256,908.0000000000008),(596.24999826980172,126.00000000000263,908.00000000000091),(461.49999884653306,126.00000000000307,908.00000000000091),(461.74999701857632,124.00000000000308,906.00000000000114),(480.87500021295398,124.00000000000301,906.00000000000114),(204.34504257591558,126.00000000000388,908.00000000000091),(795.65496111515563,126.000000000002,908.00000000000091),(206.34503795254281,124.00000000000389,906.00000000000102),(209.73502011453749,124.62535314901875,907.45270300993684),(222.68750138422587,124.00000000000384,906.00000000000102),(229.03512034559526,126.00000000000381,908.00000000000091),(227.46875097722045,124.54116025439046,907.36813252158606),(251.37499936112002,124.00000000000375,906.00000000000102),(239.99189208767211,124.46289292593097,907.27957096045429),(255.19008076867786,126.00000000000372,908.00000000000091),(793.65496204744807,124.00000000000199,906.00000000000114),(790.26498035086342,124.62535319089349,907.45270304956341),(777.31249861576509,124.00000000000206,906.00000000000114),(772.53125022699749,124.55572478018604,907.38349885776177),(748.62500063887103,124.00000000000215,906.00000000000114),(758.31179473233703,124.53327045067981,907.35967070614458),(519.24999965395682,126.00000000000287,908.00000000000091),(519.12499978703704,124.00000000000287,906.00000000000114),(557.37500276845617,124.00000000000277,906.00000000000114),(557.7499952707991,126.00000000000276,908.00000000000091),(365.2500024222669,126.00000000000337,908.00000000000091),(366.12499808336889,124.00000000000338,906.00000000000114),(404.37499765745184,124.00000000000325,906.00000000000114),(403.74999803910924,126.00000000000325,908.00000000000091),(634.75000126880434,126.00000000000252,908.00000000000091),(633.87500191662207,124.00000000000252,906.00000000000114),(442.25000103811186,126.00000000000313,908.00000000000091),(442.62499723153479,124.00000000000314,906.00000000000114),(262.09504185161109,124.5356712343543,907.3622559473514),(710.37500106478797,124.00000000000226,906.00000000000114),(711.74999988464924,126.00000000000225,908.00000000000091),(672.12500149070513,124.0000000000024,906.00000000000114),(673.24999688564674,126.00000000000239,908.00000000000091),(327.87499850928589,124.0000000000035,906.00000000000114),(326.74999942326434,126.00000000000348,908.00000000000091),(274.08198855210702,124.61496753213602,907.44280458238643),(289.624998935203,124.00000000000362,906.00000000000102),(250.98272044622249,124.66824437038831,907.49212162473123),(746.8269791902103,124.60477073070697,907.43294636539713),(595.62500234253912,124.00000000000264,906.00000000000114),(605.18750115586045,124.56031973614115,907.38827977650419),(480.7499966549542,126.000000000003,908.00000000000091),(528.87500168734562,124.59638436193313,907.42473265582316),(509.62500180236805,124.59111048262642,907.41951763913994),(547.81250146934201,124.575336413432,907.40368574300021),(566.93750136540689,124.57024375789075,907.39849815450168),(355.6250026156452,124.62692974449347,907.45419327238051),(375.6875023144176,124.55548702385542,907.38325061422108),(413.93750215469902,124.56523846002617,907.39336259581103),(394.12500244886854,124.61696240266863,907.44471692880006),(644.37500098216435,124.62692973023067,907.4541932589143),(625.12500110084784,124.62197351259421,907.44949749913678),(432.62500224721276,124.60677850736093,907.43489855824123),(452.18750197114224,124.57533643662669,907.40368576654123),(700.81250062604227,124.53700191735032,907.36368493801149),(689.35517542563412,124.59985854989223,907.42814702313399),(719.93750051945028,124.53258878492105,907.35893499692088),(662.56250083870634,124.5460766169751,907.37335603405995),(337.43750242093574,124.5460766464802,907.37335606529484),(317.12500269773972,124.636674470385,907.46333301073037),(305.6849592708806,124.57229206277522,907.40058917815963),(285.72346713502236,124.56627668180711,907.39443086844142),(734.75817337779233,124.55604526493154,907.3838333436762),(586.62500133711671,124.61189712612085,907.4398508296083),(490.43750177554818,124.58578651292736,907.41421363767165),(471.1250020290326,124.59638435837212,907.42473265231479),(677.2669937066014,124.5630690025996,907.39112519519472),(327.23528811286116,124.4919603353266,907.31370330355219)));
#5728=IFCPOLYGONALFACESET(#5727,.T.,(#4736,#4737,#4738,#4739,#4740,#4741,#4742,#4743,#4744,#4745,#4746,#4747,#4748,#4749,#4750,#4751,#4752,#4753,#4754,#4755,#4756,#4757,#4758,#4759,#4760,#4761,#4762,#4763,#4764,#4765,#4766,#4767,#4768,#4769,#4770,#4771,#4772,#4773,#4774,#4775,#4776,#4777,#4778,#4779,#4780,#4781,#4782,#4783,#4784,#4785,#4786,#4787,#4788,#4789,#4790,#4791,#4792,#4793,#4794,#4795,#4796,#4797,#4798,#4799,#4800,#4801,#4802,#4803,#4804,#4805,#4806,#4807,#4808,#4809,#4810,#4811,#4812,#4813,#4814,#4815,#4816,#4817,#4818,#4819,#4820,#4821,#4822,#4823,#4824,#4825,#4826,#4827,#4828,#4829,#4830,#4831,#4832,#4833,#4834,#4835,#4836,#4837,#4838,#4839,#4840,#4841,#4842,#4843,#4844,#4845,#4846,#4847,#4848,#4849,#4850,#4851,#4852,#4853,#4854,#4855,#4856,#4857,#4858,#4859,#4860,#4861,#4862,#4863,#4864,#4865,#4866,#4867,#4868,#4869,#4870,#4871,#4872,#4873,#4874,#4875,#4876,#4877,#4878,#4879,#4880,#4881,#4882,#4883,#4884,#4885,#4886,#4887,#4888,#4889,#4890,#4891,#4892,#4893,#4894,#4895,#4896,#4897,#4898,#4899,#4900,#4901,#4902,#4903,#4904,#4905,#4906,#4907,#4908,#4909,#4910,#4911,#4912,#4913,#4914,#4915,#4916,#4917,#4918,#4919,#4920,#4921,#4922,#4923,#4924,#4925,#4926,#4927,#4928,#4929,#4930,#4931,#4932,#4933,#4934,#4935,#4936,#4937,#4938,#4939,#4940,#4941,#4942,#4943,#4944,#4945,#4946,#4947,#4948,#4949,#4950,#4951,#4952,#4953,#4954,#4955,#4956,#4957,#4958,#4959,#4960,#4961,#4962,#4963,#4964,#4965,#4966,#4967,#4968,#4969,#4970,#4971,#4972,#4973,#4974,#4975,#4976,#4977,#4978,#4979,#4980,#4981,#4982,#4983,#4984,#4985,#4986,#4987,#4988,#4989,#4990,#4991,#4992,#4993,#4994,#4995,#4996,#4997,#4998,#4999,#5000,#5001,#5002,#5003,#5004,#5005,#5006,#5007,#5008,#5009,#5010,#5011,#5012,#5013,#5014,#5015,#5016,#5017,#5018,#5019,#5020,#5021,#5022,#5023,#5024,#5025,#5026,#5027,#5028,#5029,#5030,#5031,#5032,#5033,#5034,#5035,#5036,#5037,#5038,#5039,#5040,#5041,#5042,#5043,#5044,#5045,#5046,#5047,#5048,#5049,#5050,#5051,#5052,#5053,#5054,#5055,#5056,#5057,#5058,#5059,#5060,#5061,#5062,#5063,#5064,#5065,#5066,#5067,#5068,#5069,#5070,#5071,#5072,#5073,#5074,#5075,#5076,#5077,#5078,#5079,#5080,#5081,#5082,#5083,#5084,#5085,#5086,#5087,#5088,#5089,#5090,#5091,#5092,#5093,#5094,#5095,#5096,#5097,#5098,#5099,#5100,#5101,#5102,#5103,#5104,#5105,#5106,#5107,#5108,#5109,#5110,#5111,#5112,#5113,#5114,#5115,#5116,#5117,#5118,#5119,#5120,#5121,#5122,#5123,#5124,#5125,#5126,#5127,#5128,#5129,#5130,#5131,#5132,#5133,#5134,#5135,#5136,#5137,#5138,#5139,#5140,#5141,#5142,#5143,#5144,#5145,#5146,#5147,#5148,#5149,#5150,#5151,#5152,#5153,#5154,#5155,#5156,#5157,#5158,#5159,#5160,#5161,#5162,#5163,#5164,#5165,#5166,#5167,#5168,#5169,#5170,#5171,#5172,#5173,#5174,#5175,#5176,#5177,#5178,#5179,#5180,#5181,#5182,#5183,#5184,#5185,#5186,#5187,#5188,#5189,#5190,#5191,#5192,#5193,#5194,#5195,#5196,#5197,#5198,#5199,#5200,#5201,#5202,#5203,#5204,#5205,#5206,#5207,#5208,#5209,#5210,#5211,#5212,#5213,#5214,#5215,#5216,#5217,#5218,#5219,#5220,#5221,#5222,#5223,#5224,#5225,#5226,#5227,#5228,#5229,#5230,#5231,#5232,#5233,#5234,#5235,#5236,#5237,#5238,#5239,#5240,#5241,#5242,#5243,#5244,#5245,#5246,#5247,#5248,#5249,#5250,#5251,#5252,#5253,#5254,#5255,#5256,#5257,#5258,#5259,#5260,#5261,#5262,#5263,#5264,#5265,#5266,#5267,#5268,#5269,#5270,#5271,#5272,#5273,#5274,#5275,#5276,#5277,#5278,#5279,#5280,#5281,#5282,#5283,#5284,#5285,#5286,#5287,#5288,#5289,#5290,#5291,#5292,#5293,#5294,#5295,#5296,#5297,#5298,#5299,#5300,#5301,#5302,#5303,#5304,#5305,#5306,#5307,#5308,#5309,#5310,#5311,#5312,#5313,#5314,#5315,#5316,#5317,#5318,#5319,#5320,#5321,#5322,#5323,#5324,#5325,#5326,#5327,#5328,#5329,#5330,#5331,#5332,#5333,#5334,#5335,#5336,#5337,#5338,#5339,#5340,#5341,#5342,#5343,#5344,#5345,#5346,#5347,#5348,#5349,#5350,#5351,#5352,#5353,#5354,#5355,#5356,#5357,#5358,#5359,#5360,#5361,#5362,#5363,#5364,#5365,#5366,#5367,#5368,#5369,#5370,#5371,#5372,#5373,#5374,#5375,#5376,#5377,#5378,#5379,#5380,#5381,#5382,#5383,#5384,#5385,#5386,#5387,#5388,#5389,#5390,#5391,#5392,#5393,#5394,#5395,#5396,#5397,#5398,#5399,#5400,#5401,#5402,#5403,#5404,#5405,#5406,#5407,#5408,#5409,#5410,#5411,#5412,#5413,#5414,#5415,#5416,#5417,#5418,#5419,#5420,#5421,#5422,#5423,#5424,#5425,#5426,#5427,#5428,#5429,#5430,#5431,#5432,#5433,#5434,#5435,#5436,#5437,#5438,#5439,#5440,#5441,#5442,#5443,#5444,#5445,#5446,#5447,#5448,#5449,#5450,#5451,#5452,#5453,#5454,#5455,#5456,#5457,#5458,#5459,#5460,#5461,#5462,#5463,#5464,#5465,#5466,#5467,#5468,#5469,#5470,#5471,#5472,#5473,#5474,#5475,#5476,#5477,#5478,#5479,#5480,#5481,#5482,#5483,#5484,#5485,#5486,#5487,#5488,#5489,#5490,#5491,#5492,#5493,#5494,#5495,#5496,#5497,#5498,#5499,#5500,#5501,#5502,#5503,#5504,#5505,#5506,#5507,#5508,#5509,#5510,#5511,#5512,#5513,#5514,#5515,#5516,#5517,#5518,#5519,#5520,#5521,#5522,#5523,#5524,#5525,#5526,#5527,#5528,#5529,#5530,#5531,#5532,#5533,#5534,#5535,#5536,#5537,#5538,#5539,#5540,#5541,#5542,#5543,#5544,#5545,#5546,#5547,#5548,#5549,#5550,#5551,#5552,#5553,#5554,#5555,#5556,#5557,#5558,#5559,#5560,#5561,#5562,#5563,#5564,#5565,#5566,#5567,#5568,#5569,#5570,#5571,#5572,#5573,#5574,#5575,#5576,#5577,#5578,#5579,#5580,#5581,#5582,#5583,#5584,#5585,#5586,#5587,#5588,#5589,#5590,#5591,#5592,#5593,#5594,#5595,#5596,#5597,#5598,#5599,#5600,#5601,#5602,#5603,#5604,#5605,#5606,#5607,#5608,#5609,#5610,#5611,#5612,#5613,#5614,#5615,#5616,#5617,#5618,#5619,#5620,#5621,#5622,#5623,#5624,#5625,#5626,#5627,#5628,#5629,#5630,#5631,#5632,#5633,#5634,#5635,#5636,#5637,#5638,#5639,#5640,#5641,#5642,#5643,#5644,#5645,#5646,#5647,#5648,#5649,#5650,#5651,#5652,#5653,#5654,#5655,#5656,#5657,#5658,#5659,#5660,#5661,#5662,#5663,#5664,#5665,#5666,#5667,#5668,#5669,#5670,#5671,#5672,#5673,#5674,#5675,#5676,#5677,#5678,#5679,#5680,#5681,#5682,#5683,#5684,#5685,#5686,#5687,#5688,#5689,#5690,#5691,#5692,#5693,#5694,#5695,#5696,#5697,#5698,#5699,#5700,#5701,#5702,#5703,#5704,#5705,#5706,#5707,#5708,#5709,#5710,#5711,#5712,#5713,#5714,#5715,#5716,#5717,#5718,#5719,#5720,#5721,#5722,#5723,#5724,#5725,#5726),$);
#5729=IFCINDEXEDCOLOURMAP(#5728,1.,#4735,(1,1,1,1,1,1,1,1,1,1,1,1,1,1,1,1,1,1,1,1,1,1,1,1,1,1,1,1,1,1,1,1,1,1,1,1,1,1,1,1,1,1,1,1,1,1,1,1,1,1,1,1,1,1,1,1,1,1,1,1,1,1,1,1,1,1,1,1,1,1,1,1,1,1,1,1,1,1,1,1,1,1,1,1,1,1,1,1,1,1,1,1,1,1,1,1,1,1,1,1,1,1,1,1,1,1,1,1,1,1,1,1,1,1,1,1,1,1,1,1,1,1,1,1,1,1,1,1,1,1,1,1,1,1,1,1,1,1,1,1,1,1,1,1,1,1,1,1,1,1,1,1,1,1,1,1,1,1,1,1,1,1,1,1,1,1,1,1,1,1,1,1,1,1,1,1,1,1,1,1,1,1,1,1,1,1,1,1,1,1,1,1,1,1,1,1,1,1,1,1,1,1,1,1,1,1,1,1,1,1,1,1,1,1,1,1,1,1,1,1,1,1,1,1,1,1,1,1,1,1,1,1,1,1,1,1,1,1,1,1,1,1,1,1,1,1,1,1,1,1,1,1,1,1,1,1,1,1,1,1,1,1,1,1,1,1,1,1,1,1,1,1,1,1,1,1,1,1,1,1,1,1,1,1,1,1,1,1,1,1,1,1,1,1,1,1,1,1,1,1,1,1,1,1,1,1,1,1,1,1,1,1,1,1,1,1,1,1,1,1,1,1,1,1,1,1,1,1,1,1,1,1,1,1,1,1,1,1,1,1,1,1,1,1,1,1,1,1,1,1,1,1,1,1,1,1,1,1,1,1,1,1,1,1,1,1,1,1,1,1,1,1,1,1,1,1,1,1,1,1,1,1,1,1,1,1,1,1,1,1,1,1,1,1,1,1,1,1,1,1,1,1,1,1,1,1,1,1,1,1,1,1,1,1,1,1,1,1,1,1,1,1,1,1,1,1,1,1,1,1,1,1,1,1,1,1,1,1,1,1,1,1,1,1,1,1,1,1,1,1,1,1,1,1,1,1,1,1,1,1,1,1,1,1,1,1,1,1,1,1,1,1,1,1,1,1,1,1,1,1,1,1,1,1,1,1,1,1,1,1,1,1,1,1,1,1,1,1,1,1,1,1,1,1,1,1,1,1,1,1,1,1,1,1,1,1,1,1,1,1,1,1,1,1,1,1,1,1,1,1,1,1,1,1,1,1,1,1,1,1,1,1,1,1,1,1,1,1,1,1,1,1,1,1,1,1,1,1,1,1,1,1,1,1,1,1,1,1,1,1,1,1,1,1,1,1,1,1,1,1,1,1,1,1,1,1,1,1,1,1,1,1,1,1,1,1,1,1,1,1,1,1,1,1,1,1,1,1,1,1,1,1,1,1,1,1,1,1,1,1,1,1,1,1,1,1,1,1,1,1,1,1,1,1,1,1,1,1,1,1,1,1,1,1,1,1,1,1,1,1,1,1,1,1,1,1,1,1,1,1,1,1,1,1,1,1,1,1,1,1,1,1,1,1,1,1,1,1,1,1,1,1,1,1,1,1,1,1,1,1,1,1,1,1,1,1,1,1,1,1,1,1,1,1,1,1,1,1,1,1,1,1,1,1,1,1,1,1,1,1,1,1,1,1,1,1,1,1,1,1,1,1,1,1,1,1,1,1,1,1,1,1,1,1,1,1,1,1,1,1,1,1,1,1,1,1,1,1,1,1,1,1,1,1,1,1,1,1,1,1,1,1,1,1,1,1,1,1,1,1,1,1,1,1,1,1,1,1,1,1,1,1,1,1,1,1,1,1,1,1,1,1,1,1,1,1,1,1,1,1,1,1,1,1,1,1,1,1,1,1,1,1,1,1,1,1,1,1,1,1,1,1,1,1,1,1,1,1,1,1,1,1,1,1,1,1,1,1,1,1,1,1,1,1,1,1,1,1,1,1,1,1,1,1,1,1,1,1,1,1,1,1,1,1,1,1,1,1,1,1,1,1,1,1,1,1,1,1,1,1,1,1,1,1,1,1,1,1,1,1,1,1,1,1,1,1,1,1,1,1,1,1,1,1,1,1,1,1,1,1,1,1,1,1,1,1,1,1,1,1,1,1,1,1,1,1,1,1,1,1,1,1,1,1,1,1,1,1,1,1,1,1,1,1,1,1,1,1,1,1,1,1,1,1,1,1,1,1,1,1,1,1,1,1,1,1,1,1,1,1,1,1,1,1,1,1,1,1,1,1,1));
#5730=IFCSTYLEDITEM(#5728,(#1469),$);
#5731=IFCSHAPEREPRESENTATION(#15,'Body','Tessellation',(#1033,#1047,#1119,#1398,#1429,#1446,#1465,#1491,#1502,#1516,#2626,#3736,#4732,#5728));
#5732=IFCAXIS2PLACEMENT3D(#10,$,$);
#5733=IFCREPRESENTATIONMAP(#5732,#5731);
#5734=IFCDOORLININGPROPERTIES('3NXxKOaPjBK8ngCnguN_ug',#6,'M_Door-Exterior-Single-Two_Lite:900 x 2000mm:1674180',$,$,$,$,$,$,$,15.,$,$,$,$,$,$);
#5735=IFCDOORPANELPROPERTIES('3NXxKOaPjBK8ngCncuN_ug',#6,'M_Door-Exterior-Single-Two_Lite:900 x 2000mm:1674180:1',$,$,.SWINGING.,$,.NOTDEFINED.,$);
#5736=IFCDOORTYPE('0oxQsnpiXpDWHBKEhCp12H',#6,'M_Door-Exterior-Single-Two_Lite:900 x 2000mm',$,$,(#5734,#5735),(#5733),'1448341',$,.DOOR.,.SINGLE_SWING_RIGHT.,.F.,$);
#5737=IFCMATERIAL('Cherry',$,'Wood');
#5738=IFCSTYLEDITEM($,(#1037),$);
#5739=IFCSTYLEDREPRESENTATION(#13,'Style','Material',(#5738));
#5740=IFCMATERIALDEFINITIONREPRESENTATION($,$,(#5739),#5737);
#5741=IFCMATERIAL('Metal - Stainless Steel',$,'Metal');
#5742=IFCSTYLEDITEM($,(#1051),$);
#5743=IFCSTYLEDREPRESENTATION(#13,'Style','Material',(#5742));
#5744=IFCMATERIALDEFINITIONREPRESENTATION($,$,(#5743),#5741);
#5745=IFCMATERIAL('Metal - Painted - Grey',$,'Paint');
#5746=IFCSTYLEDITEM($,(#1469),$);
#5747=IFCSTYLEDREPRESENTATION(#13,'Style','Material',(#5746));
#5748=IFCMATERIALDEFINITIONREPRESENTATION($,$,(#5747),#5745);
#5749=IFCMATERIAL('Glass',$,'Glass');
#5750=IFCSTYLEDITEM($,(#1506),$);
#5751=IFCSTYLEDREPRESENTATION(#13,'Style','Material',(#5750));
#5752=IFCMATERIALDEFINITIONREPRESENTATION($,$,(#5751),#5749);
#5753=IFCMATERIALCONSTITUENT('Threshold',$,#5737,0.0034877356743769753,'Wood');
#5754=IFCSHAPEREPRESENTATION(#15,'Body','Tessellation',(#1033));
#5755=IFCSHAPEASPECT((#5754),'Threshold',$,.U.,#5733);
#5756=IFCMATERIALCONSTITUENT('Hardware',$,#5741,0.0072205913414363039,'Metal');
#5757=IFCSHAPEREPRESENTATION(#15,'Body','Tessellation',(#1047,#1119,#1398,#1429,#1446));
#5758=IFCSHAPEASPECT((#5757),'Hardware',$,.U.,#5733);
#5759=IFCMATERIALCONSTITUENT('Panel',$,#5745,0.31126832302462581,'Paint');
#5760=IFCSHAPEREPRESENTATION(#15,'Body','Tessellation',(#1465));
#5761=IFCSHAPEASPECT((#5760),'Panel',$,.U.,#5733);
#5762=IFCMATERIALCONSTITUENT('Frame/Mullion',$,#5745,0.31126832302462581,'Paint');
#5763=IFCSHAPEREPRESENTATION(#15,'Body','Tessellation',(#1491));
#5764=IFCSHAPEASPECT((#5763),'Frame/Mullion',$,.U.,#5733);
#5765=IFCMATERIALCONSTITUENT('Glass',$,#5749,0.055486703910309361,'Glass');
#5766=IFCSHAPEREPRESENTATION(#15,'Body','Tessellation',(#1502,#1516));
#5767=IFCSHAPEASPECT((#5766),'Glass',$,.U.,#5733);
#5768=IFCMATERIALCONSTITUENT('Metal - Painted - Grey',$,#5745,0.31126832302462581,'Paint');
#5769=IFCSHAPEREPRESENTATION(#15,'Body','Tessellation',(#2626,#3736,#4732,#5728));
#5770=IFCSHAPEASPECT((#5769),'Metal - Painted - Grey',$,.U.,#5733);
#5771=IFCMATERIALCONSTITUENTSET($,$,(#5753,#5756,#5759,#5762,#5765,#5768));
#5772=IFCMAPPEDITEM(#5733,#772);
#5773=IFCSHAPEREPRESENTATION(#15,'Body','MappedRepresentation',(#5772));
#5774=IFCPRODUCTDEFINITIONSHAPE($,$,(#5773));
#5775=IFCCARTESIANPOINT((5500.,9900.,0.));
#5776=IFCAXIS2PLACEMENT3D(#5775,$,$);
#5777=IFCLOCALPLACEMENT(#24,#5776);
#5778=IFCDOOR('3NXxKOaPjBK8ngCnkuN_ug',#6,'M_Door-Exterior-Single-Two_Lite:900 x 2000mm:1674180',$,$,#5777,#5774,'1674180',2100.0000000000086,1019.0500000000031,.DOOR.,$,$);
#5779=IFCMATERIALCONSTITUENT('Cherry',$,#5737,0.0092399318711932649,'Wood');
#5780=IFCMATERIALCONSTITUENT('Metal - Stainless Steel',$,#5741,0.019129251266014426,'Metal');
#5781=IFCMATERIALCONSTITUENT('Metal - Painted - Grey',$,#5745,0.82463190073079062,'Paint');
#5782=IFCMATERIALCONSTITUENT('Glass',$,#5749,0.14699891613200169,'Glass');
#5783=IFCMATERIALCONSTITUENTSET($,$,(#5779,#5780,#5781,#5782));
#5784=IFCPROPERTYSINGLEVALUE('Reference',$,IFCIDENTIFIER('900 x 2000mm'),$);
#5785=IFCPROPERTYSET('3S3FOoC6w3Xo$WXT0fDzo_',#6,'Pset_DoorCommon',$,(#993,#5784));
#5786=IFCPROPERTYSET('26kclXs_TtnwNQUdH44_X4',#6,'Pset_EnvironmentalImpactIndicators',$,(#5784));
#5787=IFCRELDEFINESBYPROPERTIES('0o8a4QjJhM6Rv1VmDWu0Ev',#6,$,$,(#5778),#5785);
#5788=IFCRELDEFINESBYPROPERTIES('38o$l_Q5fOuscuJm6mTaFO',#6,$,$,(#5778),#5786);
#5789=IFCCARTESIANPOINT((3039.6875000000036,0.,3000.));
#5790=IFCDIRECTION((-1.,0.,0.));
#5791=IFCAXIS2PLACEMENT3D(#5789,#5790,#70);
#5792=IFCLOCALPLACEMENT(#37,#5791);
#5793=IFCDISTRIBUTIONPORT('0_1CNSF7Y072vu7RFYBtFp',#6,'Port_1674136_0','Flow',$,#5792,$,.SOURCEANDSINK.,.PIPE.,.DOMESTICCOLDWATER.);
#5794=IFCCARTESIANPOINT((39.687500000003432,-0.,-0.));
#5795=IFCAXIS2PLACEMENT3D(#5794,#43,#70);
#5796=IFCLOCALPLACEMENT(#955,#5795);
#5797=IFCDISTRIBUTIONPORT('2D$ZC6rEo8wMA81OmS_gyJ',#6,'Port_1674150_2','Flow',$,#5796,$,.SOURCEANDSINK.,.PIPE.,.DOMESTICCOLDWATER.);
#5798=IFCRELCONNECTSPORTS('2pO3VwhI_NWtiIG$SDCI0C',#6,'0_1CNSF7Y072vu7RFYBtFp|2D$ZC6rEo8wMA81OmS_gyJ','Flow',#5793,#5797,$);
#5799=IFCCARTESIANPOINT((5966.6625000000076,-0.,3000.));
#5800=IFCAXIS2PLACEMENT3D(#5799,#43,#44);
#5801=IFCLOCALPLACEMENT(#37,#5800);
#5802=IFCDISTRIBUTIONPORT('0ufjzbOvtbJB8nAerk99kM',#6,'Port_1674136_1','Flow',$,#5801,$,.SOURCEANDSINK.,.PIPE.,.DOMESTICCOLDWATER.);
#5803=IFCCARTESIANPOINT((-33.337499999992424,-0.,-0.));
#5804=IFCAXIS2PLACEMENT3D(#5803,#5790,#44);
#5805=IFCLOCALPLACEMENT(#778,#5804);
#5806=IFCDISTRIBUTIONPORT('20Ag5Atjvu2A9B6WeDBQIo',#6,'Port_1674142_1','Flow',$,#5805,$,.SOURCEANDSINK.,.PIPE.,.DOMESTICCOLDWATER.);
#5807=IFCRELCONNECTSPORTS('2DfYotoDdKCfqTdbXlowXR',#6,'0ufjzbOvtbJB8nAerk99kM|20Ag5Atjvu2A9B6WeDBQIo','Flow',#5802,#5806,$);
#5808=IFCCARTESIANPOINT((6000.,33.300000000000004,3000.));
#5809=IFCAXIS2PLACEMENT3D(#5808,#44,#5790);
#5810=IFCLOCALPLACEMENT(#65,#5809);
#5811=IFCDISTRIBUTIONPORT('1OWwKtmkJ9BGTNn2lZshpQ',#6,'Port_1674139_0','Flow',$,#5810,$,.SOURCEANDSINK.,.PIPE.,.DOMESTICCOLDWATER.);
#5812=IFCCARTESIANPOINT((0.,33.337499999996446,-0.));
#5813=IFCAXIS2PLACEMENT3D(#5812,#70,#5790);
#5814=IFCLOCALPLACEMENT(#778,#5813);
#5815=IFCDISTRIBUTIONPORT('1Da8y1W1yHpWkYKFopHE$8',#6,'Port_1674142_2','Flow',$,#5814,$,.SOURCEANDSINK.,.PIPE.,.DOMESTICCOLDWATER.);
#5816=IFCRELCONNECTSPORTS('22LKRYQPeN2pRVHmSLoJLE',#6,'1OWwKtmkJ9BGTNn2lZshpQ|1Da8y1W1yHpWkYKFopHE$8','Flow',#5811,#5815,$);
#5817=IFCCARTESIANPOINT((6000.,4000.,3000.));
#5818=IFCAXIS2PLACEMENT3D(#5817,#70,#43);
#5819=IFCLOCALPLACEMENT(#65,#5818);
#5820=IFCDISTRIBUTIONPORT('0wrymq7gL1C6Tt6udBnC0b',#6,'Port_1674139_1','Flow',$,#5819,$,.SOURCEANDSINK.,.PIPE.,.DOMESTICCOLDWATER.);
#5821=IFCCARTESIANPOINT((0.,0.,3000.));
#5822=IFCAXIS2PLACEMENT3D(#5821,#5790,#70);
#5823=IFCLOCALPLACEMENT(#785,#5822);
#5824=IFCDISTRIBUTIONPORT('2l0HOXbD5flUpatmNIQ6Yy',#6,'Port_1674145_0','Flow',$,#5823,$,.SOURCEANDSINK.,.PIPE.,.DOMESTICCOLDWATER.);
#5825=IFCCARTESIANPOINT((2960.3125000000082,0.,3000.));
#5826=IFCAXIS2PLACEMENT3D(#5825,#43,#44);
#5827=IFCLOCALPLACEMENT(#785,#5826);
#5828=IFCDISTRIBUTIONPORT('0$SQG8RFED9FJxu5y1eREC',#6,'Port_1674145_1','Flow',$,#5827,$,.SOURCEANDSINK.,.PIPE.,.DOMESTICCOLDWATER.);
#5829=IFCCARTESIANPOINT((-39.687499999992063,-0.,-0.));
#5830=IFCAXIS2PLACEMENT3D(#5829,#5790,#44);
#5831=IFCLOCALPLACEMENT(#955,#5830);
#5832=IFCDISTRIBUTIONPORT('0tT4hz03IAbCQ$aNaWtOVa',#6,'Port_1674150_1','Flow',$,#5831,$,.SOURCEANDSINK.,.PIPE.,.DOMESTICCOLDWATER.);
#5833=IFCRELCONNECTSPORTS('0F3QfG7ppqFYRtw9b3TCjv',#6,'0$SQG8RFED9FJxu5y1eREC|0tT4hz03IAbCQ$aNaWtOVa','Flow',#5828,#5832,$);
#5834=IFCCARTESIANPOINT((3000.,39.687500000006672,3000.));
#5835=IFCAXIS2PLACEMENT3D(#5834,#44,#5790);
#5836=IFCLOCALPLACEMENT(#803,#5835);
#5837=IFCDISTRIBUTIONPORT('3hc31yraC$Kkiiv9x5xMJg',#6,'Port_1674147_0','Flow',$,#5836,$,.SOURCEANDSINK.,.PIPE.,.DOMESTICCOLDWATER.);
#5838=IFCCARTESIANPOINT((0.,-39.687500000006672,-0.));
#5839=IFCAXIS2PLACEMENT3D(#5838,#44,#43);
#5840=IFCLOCALPLACEMENT(#955,#5839);
#5841=IFCDISTRIBUTIONPORT('0XDsEAbUnSZt6GeBUH5DBn',#6,'Port_1674150_3','Flow',$,#5840,$,.SOURCEANDSINK.,.PIPE.,.DOMESTICCOLDWATER.);
#5842=IFCRELCONNECTSPORTS('2HhUfR2T5hJjNt1I7OAUkd',#6,'3hc31yraC$Kkiiv9x5xMJg|0XDsEAbUnSZt6GeBUH5DBn','Flow',#5837,#5841,$);
#5843=IFCCARTESIANPOINT((3000.,3000.,3000.));
#5844=IFCAXIS2PLACEMENT3D(#5843,#70,#43);
#5845=IFCLOCALPLACEMENT(#803,#5844);
#5846=IFCDISTRIBUTIONPORT('0fFkoFdycZwDdGwMBZVrAI',#6,'Port_1674147_1','Flow',$,#5845,$,.SOURCEANDSINK.,.PIPE.,.DOMESTICCOLDWATER.);
#5847=IFCRELNESTS('29xcjWVKbU_IbGxtuSIb97',#6,'NestedPorts','Flow',#55,(#5793,#5802));
#5848=IFCRELNESTS('2k0EHcsln455gAojD4203a',#6,'NestedPorts','Flow',#956,(#5797,#5832,#5841));
#5849=IFCRELNESTS('1nyoA6sNQ7VA$eCxCAXlko',#6,'NestedPorts','Flow',#779,(#5806,#5815));
#5850=IFCRELNESTS('3UmRcTSLPkdOCDSBogWf2m',#6,'NestedPorts','Flow',#75,(#5811,#5820));
#5851=IFCRELNESTS('0kVNsaC8DXDlF2ArHerY9i',#6,'NestedPorts','Flow',#794,(#5824,#5828));
#5852=IFCRELNESTS('2Shik1_vao2mSsmRGg5Lk$',#6,'NestedPorts','Flow',#812,(#5837,#5846));
#5853=IFCPROPERTYSINGLEVALUE('Reference',$,IFCIDENTIFIER('8mm Head'),$);
#5854=IFCPROPERTYSINGLEVALUE('AboveGround',$,IFCLOGICAL(.U.),$);
#5855=IFCPROPERTYSET('16L50AfyZF4hYq5TGET4H4',#6,'Pset_BuildingStoreyCommon',$,(#5853,#5854));
#5856=IFCRELDEFINESBYPROPERTIES('2VdfSfkgzGoZi_3SgzE8$0',#6,$,$,(#25),#5855);
#5857=IFCRELCONTAINEDINSPATIALSTRUCTURE('2JF4e6axWHqu3u0C5FZlmi',#6,$,$,(#55,#75,#779,#794,#812,#956,#980,#1016,#5778),#25);
#5858=IFCPROPERTYSET('1n34enW33Z_3Qq2Pm1kjQZ',#6,'Pset_BuildingStoreyCommon',$,(#5853,#5854));
#5859=IFCRELDEFINESBYPROPERTIES('36oM8gyLQ5_Z6XoGK5uP1E',#6,$,$,(#29),#5858);
#5860=IFCRELAGGREGATES('1yeDAHA15dE8XKDu8z2Olv',#6,$,$,#18,(#32));
#5861=IFCRELAGGREGATES('2RvZwHWsZH_xkxQZkQczIT',#6,$,$,#32,(#22));
#5862=IFCRELAGGREGATES('1yhDISh1T5aQqAoygxGIhP',#6,$,$,#22,(#25,#29));
#5863=IFCPROPERTYSINGLEVALUE('NumberOfStoreys',$,IFCINTEGER(2),$);
#5864=IFCPROPERTYSINGLEVALUE('IsLandmarked',$,IFCLOGICAL(.U.),$);
#5865=IFCPROPERTYSET('1LQmYe1$_Cqx9y03VIF5Jj',#6,'Pset_BuildingCommon',$,(#33,#5863,#5864));
#5866=IFCRELDEFINESBYPROPERTIES('0lg1N7u3uRhCQdnd66JT9$',#6,$,$,(#22),#5865);
#5867=IFCRELASSOCIATESMATERIAL('1gMgg5B_iV_DDoIc4$74o7',#6,$,$,(#980),#987);
#5868=IFCRELASSOCIATESMATERIAL('0hes4dLxDQyTfuVaWOAq7D',#6,$,$,(#1016),#1017);
#5869=IFCRELASSOCIATESMATERIAL('08ZnAhvtoKnRdf53045LxC',#6,$,$,(#5736),#5771);
#5870=IFCRELASSOCIATESMATERIAL('1km2sosqCvu_qRn8_kcDBt',#6,$,$,(#5778),#5783);
#5871=IFCRELASSOCIATESMATERIAL('3LMMXX0lFkBveWd1G0XKL3',#6,$,$,(#770,#779,#948,#956),#771);
#5872=IFCRELASSOCIATESMATERIAL('0z4$ea8kJhCtHmFRZ96exW',#6,$,$,(#988),#986);
#5873=IFCRELDEFINESBYTYPE('3NqCYgPeV80Io7NlD9UhgS',#6,$,$,(#55,#75,#794,#812),#54);
#5874=IFCRELDEFINESBYTYPE('2FTsUYO$ureg0RgIth9rhf',#6,$,$,(#779),#770);
#5875=IFCRELDEFINESBYTYPE('0khJO4cAbRvnuJEwHVntAZ',#6,$,$,(#956),#948);
#5876=IFCRELDEFINESBYTYPE('0MSq_ijuC5q4PUKv4QkOsA',#6,$,$,(#980,#1016),#988);
#5877=IFCRELDEFINESBYTYPE('2UCatj9d_gs6o7jopjmuOo',#6,$,$,(#5778),#5736);
#5878=IFCRELCONNECTSPATHELEMENTS('3f900dGXrzht2QzIOtAf_P',#6,'3NXxKOaPjBK8ngCnkuN_ui|3NXxKOaPjBK8ngCnkuN_uj','Structural',$,#980,#1016,(),(),.ATSTART.,.ATEND.);
#5879=IFCDISTRIBUTIONSYSTEM('3NXxKOaPjBK8ngCnkuN_vq',#6,'Domestic Cold Water 1',$,'Domestic Cold Water',$,.DOMESTICCOLDWATER.);
#5880=IFCRELSERVICESBUILDINGS('3tZazltPymQN1tm0GDKN75',#6,$,$,#5879,(#22));
#5881=IFCRELASSIGNSTOGROUP('1ET13uuvlY7BSShFTfeIfk',#6,$,$,(#55,#75,#779,#794,#812,#956,#5793,#5797,#5802,#5806,#5811,#5815,#5820,#5824,#5828,#5832,#5837,#5841,#5846),$,#5879);
#5882=IFCPROPERTYSINGLEVALUE('Reference',$,IFCIDENTIFIER('Domestic Cold Water'),$);
#5883=IFCPROPERTYSET('3yx_QMjg8HiqBYE$I0EsTv',#6,'Pset_DistributionSystemCommon',$,(#5882));
#5884=IFCRELDEFINESBYPROPERTIES('2AzaHLotiD05$q3vaB$n4c',#6,$,$,(#5879),#5883);
#5885=IFCPRESENTATIONLAYERASSIGNMENT('M-590-M_PIPEWORK',$,(#52,#73,#767,#774,#792,#810,#945,#950),$);
#5886=IFCPRESENTATIONLAYERASSIGNMENT('A-200-M_WALL_EXT',$,(#967,#979,#1007,#1015),$);
#5887=IFCPRESENTATIONLAYERASSIGNMENT('A-325-M_DOOR',$,(#5731,#5754,#5757,#5760,#5763,#5766,#5769,#5773),$);
#5888=IFCUNITASSIGNMENT((#7,#8,#9,#51));
ENDSEC;

END-ISO-10303-21;